{"type":"FeatureCollection","features":[{"type":"Feature","properties":{"featurecla":"Coastline","scalerank":0,"min_zoom":0},"bbox":[-10.478179,51.445705,-5.430776,55.386379],"geometry":{"type":"LineString","coordinates":[[-6.105458,53.495185],[-6.112782,53.486721],[-6.12442,53.468573],[-6.133372,53.461086],[-6.140859,53.471137],[-6.158355,53.472846],[-6.178619,53.468655],[-6.194814,53.461086],[-6.130605,53.442613],[-6.125803,53.431586],[-6.122222,53.419867],[-6.112904,53.412665],[-6.116444,53.409491],[-6.122955,53.402167],[-6.126536,53.398993],[-6.11026,53.394029],[-6.069081,53.392524],[-6.050852,53.385403],[-6.062001,53.367377],[-6.074615,53.366889],[-6.088206,53.373969],[-6.102366,53.378485],[-6.106435,53.380805],[-6.118886,53.39057],[-6.122792,53.392768],[-6.132314,53.391588],[-6.14977,53.386542],[-6.156972,53.385403],[-6.215321,53.358059],[-6.21817,53.347154],[-6.211334,53.33869],[-6.187978,53.32392],[-6.168365,53.306342],[-6.155181,53.299384],[-6.127105,53.295396],[-6.116607,53.290269],[-6.10912,53.28913],[-6.096995,53.285549],[-6.096995,53.277574],[-6.102162,53.269355],[-6.105458,53.265204],[-6.106557,53.24315],[-6.104888,53.229438],[-6.099233,53.214667],[-6.088938,53.204088],[-6.088694,53.203803],[-6.076975,53.195217],[-6.071034,53.184272],[-6.078114,53.166205],[-6.064687,53.154364],[-6.030385,53.111029],[-6.032094,53.107245],[-6.032704,53.106635],[-6.033681,53.106676],[-6.037099,53.104804],[-6.03246,53.088446],[-6.033803,53.064154],[-6.039418,53.040351],[-6.047434,53.025336],[-6.051625,53.009263],[-6.038482,52.993801],[-5.996571,52.964911],[-5.99352,52.957424],[-6.006459,52.954006],[-6.01183,52.949652],[-6.02184,52.930894],[-6.026967,52.926663],[-6.037953,52.919664],[-6.071929,52.872016],[-6.064443,52.864569],[-6.107289,52.839789],[-6.119049,52.830471],[-6.130116,52.815985],[-6.153879,52.768378],[-6.147857,52.746161],[-6.151031,52.741563],[-6.168446,52.716783],[-6.215321,52.665961],[-6.22057,52.647284],[-6.219472,52.63231],[-6.209096,52.603909],[-6.206451,52.588528],[-6.209096,52.545844],[-6.222239,52.528388],[-6.282948,52.467108],[-6.301015,52.453681],[-6.317738,52.447943],[-6.333241,52.434638],[-6.356191,52.409003],[-6.365549,52.3935],[-6.3662,52.37523],[-6.364369,52.357815],[-6.366119,52.344428],[-6.373036,52.351996],[-6.380971,52.356757],[-6.390045,52.358832],[-6.448069,52.355902],[-6.468861,52.360012],[-6.462961,52.377997],[-6.472035,52.375922],[-6.480702,52.372992],[-6.488759,52.369127],[-6.49649,52.364325],[-6.49649,52.3581],[-6.481435,52.354641],[-6.467519,52.346869],[-6.456125,52.335842],[-6.448638,52.322699],[-6.454986,52.312242],[-6.423736,52.307929],[-6.41454,52.29975],[-6.409169,52.289252],[-6.396881,52.298082],[-6.372955,52.322699],[-6.372955,52.316474],[-6.38976,52.2956],[-6.369781,52.27261],[-6.318349,52.24079],[-6.347035,52.197252],[-6.359853,52.186184],[-6.369862,52.179999],[-6.377065,52.178209],[-6.386586,52.179348],[-6.399485,52.185492],[-6.397328,52.19066],[-6.390004,52.195299],[-6.380971,52.207587],[-6.382314,52.211982],[-6.394032,52.212836],[-6.400054,52.210924],[-6.408762,52.203192],[-6.420888,52.196723],[-6.422678,52.19477],[-6.425608,52.193793],[-6.469106,52.19359],[-6.469106,52.199774],[-6.448638,52.199774],[-6.46231,52.20718],[-6.472564,52.206977],[-6.489654,52.199774],[-6.537465,52.19359],[-6.579742,52.178209],[-6.597157,52.179592],[-6.623118,52.196723],[-6.641428,52.202786],[-6.715566,52.21662],[-6.786285,52.210028],[-6.805572,52.212836],[-6.805572,52.220364],[-6.790435,52.224433],[-6.77599,52.233222],[-6.765859,52.245754],[-6.764027,52.261298],[-6.77599,52.250881],[-6.792958,52.240424],[-6.812652,52.235297],[-6.832265,52.24079],[-6.839101,52.234565],[-6.838002,52.226549],[-6.836537,52.223334],[-6.836415,52.220201],[-6.839101,52.212836],[-6.828277,52.217597],[-6.824778,52.220364],[-6.818593,52.220364],[-6.821848,52.205715],[-6.824941,52.199937],[-6.832265,52.19359],[-6.825429,52.193183],[-6.818593,52.19359],[-6.818593,52.186184],[-6.821929,52.185777],[-6.828928,52.186265],[-6.832265,52.186184],[-6.824778,52.179348],[-6.897084,52.152045],[-6.907216,52.145575],[-6.918568,52.133002],[-6.932118,52.124661],[-6.948964,52.130927],[-6.939768,52.143215],[-6.927887,52.149807],[-6.915191,52.154853],[-6.90392,52.162299],[-6.903717,52.172187],[-6.92101,52.212836],[-6.926747,52.219713],[-6.936676,52.229071],[-6.948313,52.23725],[-6.958852,52.24079],[-6.970123,52.247382],[-6.984731,52.278632],[-6.997385,52.289211],[-6.994496,52.277533],[-6.991851,52.266791],[-6.99059,52.261664],[-6.989898,52.251654],[-6.986806,52.246894],[-6.97289,52.230211],[-6.969472,52.220364],[-6.982289,52.195624],[-6.97997,52.18594],[-6.955149,52.186184],[-6.955149,52.179348],[-6.971018,52.171291],[-6.999867,52.146715],[-7.017201,52.138373],[-7.039459,52.135199],[-7.084584,52.134345],[-7.106028,52.130927],[-7.100087,52.142157],[-7.071848,52.165717],[-7.093902,52.17178],[-7.106353,52.173],[-7.120229,52.171942],[-7.120229,52.165717],[-7.114491,52.162787],[-7.111684,52.159735],[-7.109527,52.156317],[-7.106028,52.152045],[-7.116444,52.153144],[-7.129303,52.157782],[-7.137318,52.158881],[-7.149648,52.156317],[-7.156361,52.150458],[-7.161,52.143622],[-7.16747,52.138373],[-7.187367,52.132758],[-7.205963,52.132758],[-7.243764,52.138373],[-7.435455,52.125678],[-7.504303,52.102688],[-7.541412,52.097398],[-7.546213,52.094916],[-7.549957,52.089748],[-7.555287,52.084906],[-7.565297,52.083726],[-7.572255,52.087592],[-7.576487,52.094631],[-7.579416,52.101264],[-7.582631,52.104234],[-7.599965,52.10102],[-7.619008,52.092231],[-7.631093,52.079047],[-7.627349,52.06269],[-7.617584,52.070217],[-7.602162,52.071682],[-7.583892,52.06859],[-7.554107,52.060248],[-7.546783,52.059272],[-7.545155,52.054999],[-7.551015,52.042792],[-7.582631,52.02851],[-7.586415,51.998114],[-7.589915,51.991156],[-7.598256,51.989081],[-7.608266,51.987942],[-7.616526,51.983832],[-7.635406,51.976752],[-7.688466,51.980373],[-7.709299,51.973863],[-7.717641,51.959906],[-7.717397,51.949612],[-7.723297,51.944566],[-7.829335,51.953437],[-7.832428,51.957587],[-7.834055,51.966742],[-7.83849,51.975898],[-7.849843,51.980129],[-7.851796,51.977118],[-7.853017,51.975165],[-7.854156,51.951361],[-7.856679,51.942857],[-7.869862,51.929511],[-7.884267,51.919094],[-7.901194,51.912665],[-7.922231,51.911811],[-7.892649,51.894843],[-7.880605,51.891995],[-7.891469,51.881903],[-7.914174,51.8758],[-7.955719,51.870185],[-8.008168,51.85578],[-8.023061,51.843573],[-8.00414,51.829901],[-8.020579,51.82392],[-8.096099,51.814114],[-8.134185,51.804755],[-8.197174,51.80093],[-8.224762,51.802558],[-8.236195,51.802069],[-8.246205,51.80272],[-8.250559,51.806301],[-8.247955,51.813422],[-8.2412,51.818549],[-8.232411,51.822008],[-8.223256,51.823676],[-8.225494,51.827297],[-8.230092,51.836737],[-8.215647,51.838446],[-8.20165,51.841986],[-8.188222,51.847968],[-8.175404,51.857164],[-8.18163,51.85932],[-8.186838,51.861762],[-8.193105,51.863674],[-8.202789,51.864],[-8.195302,51.877021],[-8.1905,51.88109],[-8.18224,51.884508],[-8.187082,51.893134],[-8.193756,51.895413],[-8.201527,51.892157],[-8.210194,51.884508],[-8.223256,51.890082],[-8.24356,51.89289],[-8.284657,51.891995],[-8.284657,51.898139],[-8.293202,51.903306],[-8.310374,51.900824],[-8.328847,51.895413],[-8.347401,51.891995],[-8.388499,51.893459],[-8.408844,51.891791],[-8.429351,51.884508],[-8.396067,51.876776],[-8.354156,51.872992],[-8.329254,51.861314],[-8.347401,51.829901],[-8.309885,51.832099],[-8.298329,51.829901],[-8.298329,51.823676],[-8.305165,51.823676],[-8.305165,51.81623],[-8.296295,51.811591],[-8.292104,51.810004],[-8.306508,51.807847],[-8.313059,51.805609],[-8.319488,51.802558],[-8.284657,51.802558],[-8.301991,51.785875],[-8.305165,51.782131],[-8.303782,51.776597],[-8.299631,51.771715],[-8.297353,51.766018],[-8.301747,51.758205],[-8.334788,51.735256],[-8.345693,51.724677],[-8.372548,51.715522],[-8.410024,51.709784],[-8.422434,51.704047],[-8.435536,51.692694],[-8.441762,51.703925],[-8.4558,51.712307],[-8.471913,51.716254],[-8.483957,51.713813],[-8.469228,51.70661],[-8.464182,51.695014],[-8.468984,51.684068],[-8.483957,51.678412],[-8.491119,51.698676],[-8.512441,51.706041],[-8.55842,51.706366],[-8.55842,51.700141],[-8.548329,51.696357],[-8.527984,51.695014],[-8.517486,51.692694],[-8.508168,51.699205],[-8.502105,51.700344],[-8.497548,51.692694],[-8.499623,51.686957],[-8.5065,51.68244],[-8.514882,51.679511],[-8.521148,51.678412],[-8.536488,51.654731],[-8.539174,51.648383],[-8.538197,51.637397],[-8.533559,51.622301],[-8.531728,51.610785],[-8.544423,51.617906],[-8.558705,51.638007],[-8.572662,51.644965],[-8.589101,51.645901],[-8.638173,51.637437],[-8.757639,51.644965],[-8.743276,51.635199],[-8.726552,51.631334],[-8.690012,51.631293],[-8.690012,51.623847],[-8.696604,51.620998],[-8.702952,51.617011],[-8.682525,51.610785],[-8.693471,51.604682],[-8.699778,51.597235],[-8.700795,51.588121],[-8.696156,51.576646],[-8.733998,51.579779],[-8.742787,51.575629],[-8.750071,51.579413],[-8.757069,51.586005],[-8.765126,51.590277],[-8.801991,51.590277],[-8.812571,51.591946],[-8.820221,51.594631],[-8.82665,51.59516],[-8.833363,51.590277],[-8.853871,51.595933],[-8.868031,51.584459],[-8.878529,51.567206],[-8.88801,51.555569],[-8.923329,51.548163],[-8.928944,51.545966],[-8.933176,51.535346],[-8.942047,51.537746],[-8.950551,51.545071],[-8.953196,51.549384],[-8.95995,51.551418],[-8.979888,51.560696],[-8.991119,51.562974],[-9.002797,51.562161],[-9.01769,51.55683],[-9.072865,51.549384],[-9.085683,51.552191],[-9.108144,51.560858],[-9.120758,51.562974],[-9.120758,51.555569],[-9.116322,51.554104],[-9.107737,51.549384],[-9.115712,51.537909],[-9.128163,51.529283],[-9.1433,51.523871],[-9.158599,51.52204],[-9.18456,51.52619],[-9.192535,51.524604],[-9.189605,51.514594],[-9.189605,51.508368],[-9.203969,51.508002],[-9.210846,51.501695],[-9.215728,51.493476],[-9.223785,51.487291],[-9.234731,51.486477],[-9.243764,51.489325],[-9.253041,51.491156],[-9.26476,51.487291],[-9.26537,51.494127],[-9.267486,51.498847],[-9.27009,51.502997],[-9.272125,51.508368],[-9.299469,51.497504],[-9.301747,51.488715],[-9.307444,51.487291],[-9.315297,51.487616],[-9.32372,51.483832],[-9.335317,51.476996],[-9.349233,51.474026],[-9.381418,51.473619],[-9.369944,51.478583],[-9.360707,51.483832],[-9.353139,51.490871],[-9.346669,51.500922],[-9.361155,51.494574],[-9.372914,51.491278],[-9.376861,51.494615],[-9.367787,51.508368],[-9.357086,51.517157],[-9.332387,51.527655],[-9.319936,51.535061],[-9.322906,51.53734],[-9.324127,51.538031],[-9.325063,51.53913],[-9.327463,51.542548],[-9.335805,51.537258],[-9.367787,51.525092],[-9.371693,51.519355],[-9.381093,51.512397],[-9.401845,51.500922],[-9.413889,51.511135],[-9.412587,51.520697],[-9.405873,51.531724],[-9.401845,51.545966],[-9.408844,51.552191],[-9.425038,51.557563],[-9.443267,51.559516],[-9.456532,51.555569],[-9.447987,51.543647],[-9.476552,51.535061],[-9.547475,51.525295],[-9.551381,51.521226],[-9.552805,51.511461],[-9.556304,51.508124],[-9.573883,51.508979],[-9.580719,51.508368],[-9.599965,51.496894],[-9.611318,51.493842],[-9.628407,51.494086],[-9.629628,51.504055],[-9.641835,51.515204],[-9.655914,51.520168],[-9.662668,51.511461],[-9.717193,51.480414],[-9.710805,51.475979],[-9.708079,51.474555],[-9.703521,51.473619],[-9.77184,51.453111],[-9.768951,51.464301],[-9.777943,51.462226],[-9.80663,51.445705],[-9.813385,51.453111],[-9.820221,51.445705],[-9.818918,51.458482],[-9.817006,51.463121],[-9.813385,51.467434],[-9.813385,51.473619],[-9.822174,51.475409],[-9.826324,51.477729],[-9.833892,51.487291],[-9.812001,51.491523],[-9.793813,51.499661],[-9.758168,51.52204],[-9.740061,51.529771],[-9.704986,51.535712],[-9.683095,51.542548],[-9.665395,51.551581],[-9.621653,51.582831],[-9.602773,51.591986],[-9.566762,51.602281],[-9.545888,51.610785],[-9.59203,51.613715],[-9.785024,51.552476],[-9.847524,51.549384],[-9.805287,51.566718],[-9.796051,51.569241],[-9.786366,51.573472],[-9.779286,51.582831],[-9.770334,51.592231],[-9.731191,51.600898],[-9.607981,51.642401],[-9.594553,51.655504],[-9.561879,51.658149],[-9.524729,51.670315],[-9.487904,51.675727],[-9.458608,51.683987],[-9.456532,51.700141],[-9.451772,51.704983],[-9.447418,51.710883],[-9.442942,51.713813],[-9.442942,51.720038],[-9.457265,51.724595],[-9.472808,51.718817],[-9.489817,51.714545],[-9.512807,51.725898],[-9.521474,51.725531],[-9.525461,51.726874],[-9.526438,51.73078],[-9.524526,51.743394],[-9.525461,51.747301],[-9.531728,51.751532],[-9.540273,51.755927],[-9.55012,51.759508],[-9.560211,51.761623],[-9.555898,51.748684],[-9.557281,51.739447],[-9.55663,51.730902],[-9.545888,51.720038],[-9.56607,51.716702],[-9.579661,51.710598],[-9.60733,51.692694],[-9.62682,51.685045],[-9.648061,51.680813],[-9.71349,51.676459],[-9.747955,51.667426],[-9.874135,51.656195],[-9.915354,51.644599],[-9.930084,51.637437],[-9.931874,51.634711],[-9.932118,51.631049],[-9.932932,51.627265],[-9.93635,51.623847],[-9.941884,51.621324],[-10.00475,51.608547],[-10.028798,51.596503],[-10.040273,51.597642],[-10.059926,51.602769],[-10.070058,51.603949],[-10.116119,51.600287],[-10.138661,51.593899],[-10.156077,51.582831],[-10.162831,51.590277],[-10.155263,51.593817],[-10.153228,51.599311],[-10.152699,51.605414],[-10.149241,51.610785],[-10.1433,51.613593],[-10.075063,51.625393],[-10.059804,51.631293],[-10.059804,51.635688],[-10.061025,51.636664],[-10.063466,51.636461],[-10.06664,51.637437],[-10.062652,51.649848],[-10.070668,51.65705],[-10.085317,51.659898],[-10.100819,51.659247],[-10.088124,51.671617],[-10.066396,51.674384],[-10.025746,51.672268],[-10.003774,51.678046],[-9.956858,51.706366],[-9.956858,51.713813],[-9.997792,51.713813],[-9.980702,51.731879],[-9.949371,51.747016],[-9.914906,51.757554],[-9.888539,51.761623],[-9.891672,51.757025],[-9.897043,51.746731],[-9.902252,51.741156],[-9.884511,51.743394],[-9.867909,51.748603],[-9.856516,51.758612],[-9.8544,51.775295],[-9.841298,51.769721],[-9.823801,51.767808],[-9.785512,51.7685],[-9.785512,51.775295],[-9.793365,51.77619],[-9.813385,51.782131],[-9.813385,51.788275],[-9.799875,51.793769],[-9.774322,51.812201],[-9.754506,51.819078],[-9.742909,51.832465],[-9.73766,51.836737],[-9.729848,51.838039],[-9.703521,51.836737],[-9.671051,51.843004],[-9.612538,51.863511],[-9.580719,51.870185],[-9.580719,51.877672],[-9.653147,51.871772],[-9.758046,51.846991],[-9.77717,51.839748],[-9.785512,51.833319],[-9.791737,51.826809],[-9.824696,51.82685],[-9.840077,51.823676],[-9.833892,51.81623],[-9.86384,51.804267],[-9.874867,51.802558],[-9.872711,51.807318],[-9.869944,51.818671],[-9.868031,51.823676],[-9.882192,51.823676],[-9.890492,51.819566],[-9.896108,51.814114],[-9.902252,51.810004],[-9.914215,51.807318],[-9.938303,51.804999],[-9.949941,51.802558],[-9.993642,51.780951],[-10.016754,51.774644],[-10.039377,51.782131],[-10.059438,51.768704],[-10.084543,51.755927],[-10.111195,51.746039],[-10.13561,51.741156],[-10.12975,51.75434],[-10.224355,51.782131],[-10.186147,51.789618],[-10.177073,51.813666],[-10.194203,51.839097],[-10.234609,51.85102],[-10.246083,51.845608],[-10.27123,51.821682],[-10.282623,51.81623],[-10.294749,51.812405],[-10.325754,51.794176],[-10.341054,51.788275],[-10.346588,51.801093],[-10.334706,51.830268],[-10.341054,51.843573],[-10.355702,51.845608],[-10.375885,51.844428],[-10.388905,51.846177],[-10.381947,51.857164],[-10.382476,51.861965],[-10.384836,51.863349],[-10.387359,51.86343],[-10.388783,51.864],[-10.386708,51.867743],[-10.384633,51.870185],[-10.382802,51.87287],[-10.381947,51.877672],[-10.385365,51.877997],[-10.392242,51.877509],[-10.395619,51.877672],[-10.395619,51.884508],[-10.36266,51.887193],[-10.279612,51.905585],[-10.262196,51.905585],[-10.25414,51.908677],[-10.250885,51.915513],[-10.251576,51.922349],[-10.255035,51.925482],[-10.269195,51.930813],[-10.277821,51.941962],[-10.287994,51.95185],[-10.306874,51.953437],[-10.306874,51.959621],[-10.295318,51.96426],[-10.270579,51.969713],[-10.258453,51.973863],[-10.266225,51.988471],[-10.245432,51.995063],[-10.217356,51.998928],[-10.191803,52.009833],[-10.128163,52.02851],[-10.033274,52.041083],[-9.992665,52.055894],[-9.971059,52.089911],[-9.963612,52.089911],[-9.963735,52.071967],[-9.954335,52.064154],[-9.940338,52.062323],[-9.926381,52.06269],[-9.929596,52.071926],[-9.908437,52.130927],[-9.877512,52.119534],[-9.846181,52.118557],[-9.77184,52.124701],[-9.77892,52.128567],[-9.787506,52.135403],[-9.792958,52.138373],[-9.758168,52.152045],[-9.956858,52.145209],[-9.943756,52.124701],[-9.950063,52.113227],[-9.954661,52.108791],[-9.960601,52.124945],[-9.970326,52.131659],[-9.98351,52.135891],[-9.997792,52.138373],[-10.028066,52.139635],[-10.162424,52.11872],[-10.186269,52.109442],[-10.197133,52.115424],[-10.207021,52.125067],[-10.217519,52.130927],[-10.227895,52.128404],[-10.234609,52.122382],[-10.242055,52.119778],[-10.26773,52.13581],[-10.27892,52.136379],[-10.306874,52.130927],[-10.306874,52.124701],[-10.296986,52.124742],[-10.288564,52.123236],[-10.272084,52.117906],[-10.272084,52.111721],[-10.297434,52.114407],[-10.344879,52.124661],[-10.368316,52.124701],[-10.367421,52.117987],[-10.364369,52.114895],[-10.354075,52.111721],[-10.375722,52.111274],[-10.415273,52.099677],[-10.436594,52.097398],[-10.460764,52.103013],[-10.467519,52.115139],[-10.469309,52.132025],[-10.478179,52.152045],[-10.469472,52.155097],[-10.450917,52.165717],[-10.450917,52.171942],[-10.461293,52.179999],[-10.449696,52.18891],[-10.428212,52.196357],[-10.409291,52.199774],[-10.416656,52.186184],[-10.394602,52.174791],[-10.382069,52.171942],[-10.37206,52.175605],[-10.369252,52.183661],[-10.37267,52.190619],[-10.373158,52.197821],[-10.36148,52.206692],[-10.371571,52.211575],[-10.375803,52.212836],[-10.366567,52.228217],[-10.354726,52.232245],[-10.339752,52.231879],[-10.320546,52.234565],[-10.30899,52.241889],[-10.286977,52.263617],[-10.275787,52.268134],[-10.171864,52.286811],[-10.156077,52.278632],[-10.168202,52.240668],[-10.166249,52.234565],[-10.100819,52.24079],[-10.071441,52.251288],[-10.044911,52.269273],[-10.036041,52.290351],[-10.059804,52.309638],[-10.02477,52.310126],[-10.013539,52.306342],[-10.0183,52.296047],[-10.01358,52.28148],[-10.012807,52.265855],[-10.008778,52.253363],[-9.994374,52.248236],[-9.978139,52.246405],[-9.947499,52.237616],[-9.913686,52.233059],[-9.872222,52.232652],[-9.858062,52.237698],[-9.837229,52.254299],[-9.825592,52.258246],[-9.813385,52.255072],[-9.820221,52.251939],[-9.826487,52.248236],[-9.810048,52.242133],[-9.73766,52.248236],[-9.753407,52.258287],[-9.767649,52.260972],[-9.799184,52.261298],[-9.831776,52.27265],[-9.846791,52.27497],[-9.861887,52.268134],[-9.869374,52.273139],[-9.874908,52.279242],[-9.878774,52.286811],[-9.881093,52.296047],[-9.868967,52.288764],[-9.859609,52.284735],[-9.849233,52.284735],[-9.833892,52.289211],[-9.846791,52.293891],[-9.853342,52.295396],[-9.861887,52.296047],[-9.861887,52.303453],[-9.851918,52.303656],[-9.826487,52.309638],[-9.837636,52.326402],[-9.834462,52.37523],[-9.850982,52.385443],[-9.903717,52.391547],[-9.931752,52.399848],[-9.949941,52.412095],[-9.934967,52.421536],[-9.915883,52.425605],[-9.848378,52.428412],[-9.748931,52.456732],[-9.735585,52.463609],[-9.720611,52.47724],[-9.703521,52.483547],[-9.677398,52.48314],[-9.651357,52.478949],[-9.634633,52.473578],[-9.638783,52.487128],[-9.650502,52.493842],[-9.666371,52.495795],[-9.683095,52.494615],[-9.677317,52.499701],[-9.675201,52.504828],[-9.677113,52.510077],[-9.683095,52.515123],[-9.683095,52.521959],[-9.674916,52.528022],[-9.673207,52.533881],[-9.675649,52.545844],[-9.671946,52.552924],[-9.648305,52.57038],[-9.642812,52.567328],[-9.636464,52.570136],[-9.628529,52.574774],[-9.617909,52.577216],[-9.576975,52.57038],[-9.497467,52.57038],[-9.489613,52.568183],[-9.480336,52.563788],[-9.470326,52.561835],[-9.460276,52.566636],[-9.452952,52.573188],[-9.446523,52.576239],[-9.438385,52.577135],[-9.362538,52.575426],[-9.358713,52.575344],[-9.350413,52.573798],[-9.335846,52.57803],[-9.272125,52.577216],[-9.23648,52.58161],[-9.220286,52.585598],[-9.206695,52.594306],[-9.192372,52.600491],[-9.070627,52.624172],[-9.052398,52.631822],[-9.044179,52.620836],[-9.02595,52.618354],[-9.005605,52.620836],[-8.991119,52.624986],[-8.98526,52.630683],[-8.978993,52.639879],[-8.971018,52.648505],[-8.95995,52.652289],[-8.784983,52.665961],[-8.751169,52.67296],[-8.769358,52.673163],[-8.834462,52.689154],[-8.867502,52.693305],[-8.932688,52.687079],[-8.949696,52.68891],[-8.960846,52.693671],[-8.962066,52.700019],[-8.949371,52.706936],[-8.949371,52.713772],[-8.953521,52.722398],[-8.952056,52.73432],[-8.954498,52.744696],[-8.969879,52.748481],[-8.961415,52.756537],[-8.950307,52.769517],[-8.942616,52.775214],[-8.968902,52.770819],[-9.000234,52.760443],[-9.02359,52.747138],[-9.025787,52.73428],[-9.058217,52.696763],[-9.146799,52.623765],[-9.165761,52.61758],[-9.254791,52.611396],[-9.259918,52.608588],[-9.275787,52.595201],[-9.285797,52.590806],[-9.298085,52.589748],[-9.310699,52.590644],[-9.322743,52.593451],[-9.333079,52.597724],[-9.317128,52.606431],[-9.295237,52.615302],[-9.278676,52.625718],[-9.278961,52.639309],[-9.310618,52.627265],[-9.383656,52.613105],[-9.434478,52.612006],[-9.456166,52.614447],[-9.475453,52.619574],[-9.483795,52.628404],[-9.490712,52.634101],[-9.524892,52.63703],[-9.538442,52.645453],[-9.533274,52.660956],[-9.544179,52.666653],[-9.580719,52.665961],[-9.580719,52.659125],[-9.57136,52.657131],[-9.563385,52.653062],[-9.556996,52.64704],[-9.552805,52.639309],[-9.628407,52.61758],[-9.672719,52.61164],[-9.694407,52.605618],[-9.703521,52.594306],[-9.706858,52.580227],[-9.714508,52.578599],[-9.723622,52.582261],[-9.730824,52.584052],[-9.757476,52.571967],[-9.93635,52.556708],[-9.93635,52.562934],[-9.918202,52.568101],[-9.87564,52.586819],[-9.824086,52.59516],[-9.621653,52.713772],[-9.624257,52.717475],[-9.628407,52.727444],[-9.617543,52.730618],[-9.603179,52.737738],[-9.593658,52.741034],[-9.580719,52.743354],[-9.549387,52.741034],[-9.538197,52.742255],[-9.519521,52.747301],[-9.508372,52.748481],[-9.498647,52.752509],[-9.494618,52.76203],[-9.491322,52.773342],[-9.483795,52.78266],[-9.489166,52.786811],[-9.489329,52.78734],[-9.486684,52.788764],[-9.483795,52.795722],[-9.491282,52.803168],[-9.480621,52.80683],[-9.469797,52.813178],[-9.459462,52.821357],[-9.450347,52.830471],[-9.444488,52.839342],[-9.441396,52.847154],[-9.437489,52.853461],[-9.429189,52.857733],[-9.429189,52.864569],[-9.42748,52.877753],[-9.365305,52.91413],[-9.354075,52.933498],[-9.372874,52.937161],[-9.451405,52.934638],[-9.477651,52.940334],[-9.449452,52.957506],[-9.437571,52.966742],[-9.407948,52.997016],[-9.398549,53.004096],[-9.387603,53.008612],[-9.39509,53.015448],[-9.341624,53.076972],[-9.319936,53.091132],[-9.303334,53.107896],[-9.289662,53.129218],[-9.272206,53.146674],[-9.251088,53.151923],[-9.227447,53.143541],[-9.180531,53.116767],[-9.158599,53.111029],[-9.139556,53.115424],[-9.118967,53.123358],[-9.096669,53.127021],[-9.072865,53.118476],[-9.070058,53.134467],[-9.08434,53.143459],[-9.128163,53.151923],[-9.128163,53.15941],[-9.069569,53.166205],[-9.053944,53.162421],[-9.023427,53.147162],[-9.004058,53.145738],[-9.004058,53.151923],[-9.045644,53.166205],[-9.045644,53.173733],[-9.022572,53.167426],[-9.009633,53.166083],[-8.998118,53.173896],[-8.986684,53.176988],[-8.978871,53.175767],[-8.984202,53.166205],[-8.974233,53.157945],[-8.96349,53.151801],[-8.95108,53.147773],[-8.936391,53.145738],[-8.945221,53.166164],[-8.950103,53.173733],[-8.956858,53.179877],[-8.944,53.195014],[-8.928212,53.205878],[-8.894846,53.220893],[-8.905385,53.220689],[-8.924143,53.215888],[-8.932688,53.214667],[-9.031484,53.21662],[-9.045644,53.220893],[-9.028066,53.227525],[-8.982655,53.234442],[-8.963124,53.235175],[-8.963124,53.241929],[-8.991119,53.241929],[-8.991119,53.248196],[-8.98176,53.253241],[-8.955881,53.25788],[-8.942616,53.261786],[-8.942616,53.268622],[-9.022084,53.275458],[-9.042226,53.273342],[-9.077056,53.263983],[-9.401438,53.247992],[-9.432932,53.238593],[-9.447865,53.231879],[-9.470082,53.228258],[-9.511708,53.228339],[-9.532948,53.234442],[-9.544423,53.243557],[-9.553131,53.253363],[-9.566396,53.261786],[-9.547271,53.27912],[-9.554555,53.290717],[-9.57136,53.290473],[-9.580719,53.27204],[-9.585194,53.250434],[-9.596832,53.237698],[-9.612294,53.236151],[-9.628407,53.248196],[-9.628407,53.255601],[-9.60912,53.276313],[-9.617299,53.321479],[-9.597401,53.330064],[-9.594106,53.329169],[-9.584218,53.324897],[-9.576975,53.32392],[-9.572987,53.326077],[-9.566518,53.335395],[-9.563385,53.337592],[-9.56078,53.341213],[-9.601145,53.364895],[-9.590199,53.372382],[-9.552805,53.385403],[-9.588857,53.38642],[-9.606557,53.384711],[-9.621653,53.378485],[-9.60851,53.366604],[-9.606597,53.349351],[-9.615468,53.334662],[-9.634633,53.330064],[-9.652496,53.341254],[-9.647939,53.359931],[-9.637766,53.377509],[-9.638417,53.385403],[-9.644154,53.387397],[-9.648346,53.391059],[-9.652659,53.392808],[-9.658844,53.389065],[-9.672515,53.378485],[-9.684722,53.37523],[-9.692779,53.367621],[-9.703521,53.351793],[-9.727528,53.326077],[-9.743072,53.314399],[-9.790395,53.301581],[-9.806711,53.301581],[-9.823354,53.3133],[-9.842926,53.32331],[-9.886586,53.317206],[-9.902252,53.32392],[-9.897857,53.327867],[-9.892812,53.340562],[-9.890736,53.351874],[-9.887196,53.359198],[-9.880279,53.363105],[-9.87149,53.364569],[-9.858062,53.364895],[-9.841298,53.367906],[-9.800526,53.384426],[-9.785512,53.392768],[-9.785512,53.398993],[-9.820221,53.398993],[-9.820221,53.40644],[-9.799184,53.412665],[-9.799184,53.419501],[-9.814076,53.419501],[-9.825185,53.416693],[-9.847524,53.40644],[-9.846913,53.399359],[-9.860178,53.394232],[-9.875396,53.395209],[-9.881093,53.40644],[-9.875722,53.415432],[-9.856068,53.423774],[-9.847524,53.433743],[-9.860341,53.432522],[-9.868072,53.427476],[-9.874908,53.422065],[-9.884755,53.419501],[-9.893951,53.421576],[-9.902333,53.425238],[-9.911448,53.425971],[-9.922678,53.419501],[-9.925649,53.409735],[-9.92276,53.398424],[-9.922353,53.389228],[-9.933217,53.385403],[-9.944488,53.384263],[-9.961415,53.379584],[-10.001088,53.379218],[-10.01415,53.381252],[-10.025746,53.385403],[-10.035959,53.393744],[-10.041982,53.402655],[-10.049306,53.409817],[-10.063222,53.412665],[-10.103505,53.408433],[-10.127553,53.409857],[-10.141754,53.419501],[-10.149973,53.414944],[-10.15803,53.412828],[-10.176503,53.412665],[-10.167592,53.428778],[-10.156972,53.439643],[-10.142242,53.445705],[-10.121327,53.447414],[-10.08316,53.442613],[-10.067983,53.443834],[-10.052968,53.453599],[-10.052968,53.461086],[-10.064565,53.461982],[-10.074208,53.465766],[-10.081654,53.472357],[-10.087148,53.481513],[-10.065338,53.479193],[-10.040761,53.472561],[-10.020579,53.470445],[-10.012074,53.481513],[-10.03185,53.480292],[-10.069407,53.484768],[-10.107289,53.494452],[-10.128163,53.508857],[-10.12914,53.515204],[-10.134755,53.527086],[-10.143137,53.53852],[-10.152659,53.543606],[-10.181752,53.538642],[-10.193471,53.538031],[-10.203236,53.543606],[-10.180287,53.555487],[-10.156972,53.555162],[-10.132802,53.550686],[-10.107655,53.549791],[-10.109731,53.554267],[-10.113026,53.565741],[-10.115102,53.570299],[-10.070668,53.570014],[-10.025746,53.562893],[-10.020009,53.558987],[-10.005238,53.543606],[-9.995717,53.54621],[-9.981679,53.558783],[-9.971059,53.562893],[-10.03189,53.587144],[-10.046783,53.59927],[-10.008656,53.604438],[-9.930735,53.599799],[-9.902252,53.604438],[-9.867909,53.617377],[-9.8544,53.618109],[-9.843902,53.615465],[-9.822865,53.606431],[-9.775054,53.601304],[-9.696767,53.598212],[-9.696767,53.604438],[-9.714101,53.609849],[-9.783762,53.606269],[-9.82726,53.616197],[-9.908437,53.646064],[-9.922678,53.690741],[-9.916737,53.712104],[-9.90567,53.728502],[-9.899526,53.743842],[-9.908437,53.762112],[-9.898915,53.766059],[-9.860992,53.770168],[-9.833892,53.776353],[-9.810211,53.778062],[-9.799469,53.78026],[-9.789215,53.786607],[-9.783437,53.787095],[-9.763173,53.779242],[-9.752024,53.776353],[-9.566396,53.796291],[-9.566396,53.803656],[-9.581532,53.805325],[-9.621653,53.817328],[-9.616282,53.819403],[-9.612131,53.821601],[-9.607533,53.823391],[-9.601145,53.824164],[-9.601145,53.831],[-9.605458,53.839179],[-9.594838,53.848212],[-9.560211,53.865139],[-9.568349,53.865546],[-9.586903,53.871975],[-9.578928,53.876125],[-9.572825,53.882229],[-9.568593,53.890082],[-9.566396,53.899319],[-9.57311,53.898505],[-9.577382,53.897528],[-9.581451,53.895738],[-9.586903,53.892483],[-9.615468,53.89883],[-9.758168,53.899319],[-9.856597,53.866278],[-9.910756,53.85871],[-9.943756,53.879381],[-9.931386,53.885159],[-9.92516,53.913031],[-9.908437,53.920356],[-9.911285,53.929592],[-9.91161,53.933987],[-9.908437,53.940863],[-9.908437,53.947089],[-9.915883,53.947089],[-9.915883,53.953843],[-9.868031,53.961371],[-9.859242,53.958686],[-9.837066,53.949164],[-9.823354,53.947089],[-9.811635,53.941718],[-9.807607,53.91828],[-9.796051,53.912909],[-9.787506,53.916083],[-9.787831,53.924262],[-9.78954,53.935248],[-9.785512,53.947089],[-9.794911,53.95307],[-9.80309,53.960517],[-9.812652,53.966295],[-9.826487,53.967597],[-9.826487,53.961371],[-9.820221,53.953843],[-9.831695,53.956285],[-9.838531,53.963568],[-9.850209,53.988471],[-9.849517,53.993313],[-9.849599,53.997504],[-9.8544,54.002346],[-9.860829,54.003119],[-9.877675,54.001899],[-9.881093,54.005357],[-9.884389,54.011664],[-9.891672,54.017076],[-9.898915,54.025336],[-9.902252,54.040188],[-9.897694,54.055121],[-9.886708,54.059719],[-9.873443,54.062201],[-9.861887,54.071234],[-9.875885,54.074856],[-9.876088,54.080634],[-9.86734,54.086737],[-9.8544,54.091051],[-9.861887,54.097886],[-9.833892,54.112128],[-9.843495,54.117011],[-9.855092,54.117377],[-9.881093,54.112128],[-9.87857,54.103949],[-9.879709,54.100246],[-9.884999,54.098944],[-9.895375,54.097886],[-9.895375,54.091051],[-9.888539,54.091051],[-9.917388,54.069729],[-9.945546,54.06623],[-9.970693,54.078559],[-9.990956,54.104682],[-9.971547,54.104234],[-9.926381,54.112128],[-9.908437,54.118354],[-9.938873,54.131659],[-9.95108,54.141262],[-9.956858,54.153144],[-9.950347,54.150702],[-9.936635,54.147895],[-9.930084,54.145697],[-9.942738,54.157457],[-9.977284,54.180487],[-9.963775,54.174954],[-9.952016,54.174628],[-9.942535,54.1789],[-9.93635,54.187323],[-9.988189,54.213121],[-10.010894,54.218329],[-10.025746,54.20775],[-10.011464,54.197089],[-10.016998,54.188666],[-10.033803,54.184719],[-10.052968,54.187323],[-10.044057,54.176988],[-10.039377,54.173651],[-10.039377,54.166815],[-10.053538,54.168036],[-10.065785,54.166409],[-10.087148,54.159329],[-10.087148,54.153144],[-10.074127,54.150214],[-10.069163,54.144273],[-10.06664,54.12519],[-10.075185,54.124945],[-10.094594,54.118354],[-10.081451,54.112982],[-10.069081,54.103664],[-10.066884,54.094916],[-10.083974,54.091051],[-10.10261,54.091783],[-10.117421,54.095893],[-10.126576,54.106024],[-10.128163,54.12519],[-10.122222,54.13703],[-10.099599,54.165473],[-10.094594,54.176988],[-10.091217,54.194973],[-10.082753,54.203274],[-10.071441,54.209703],[-10.059804,54.222073],[-10.091135,54.22248],[-10.103831,54.226223],[-10.115102,54.235053],[-10.096059,54.235175],[-10.087026,54.24433],[-10.081532,54.257473],[-10.073476,54.269192],[-10.062489,54.275051],[-10.0183,54.290269],[-10.014231,54.294501],[-10.01183,54.299628],[-10.007639,54.303534],[-9.997792,54.303941],[-9.991933,54.300686],[-9.989735,54.294745],[-9.988352,54.288316],[-9.984731,54.283515],[-9.971791,54.277248],[-9.954498,54.271959],[-9.936838,54.270697],[-9.922678,54.276597],[-9.915354,54.268744],[-9.907216,54.264472],[-9.898305,54.264472],[-9.888539,54.269192],[-9.886871,54.266059],[-9.887034,54.264472],[-9.885976,54.263739],[-9.881093,54.263007],[-9.90331,54.237942],[-9.927154,54.226752],[-9.952016,54.228502],[-9.977284,54.242499],[-9.983632,54.222968],[-9.968129,54.217027],[-9.944447,54.216051],[-9.926381,54.211127],[-9.909901,54.204413],[-9.896108,54.211615],[-9.882883,54.222886],[-9.868031,54.228217],[-9.881663,54.240383],[-9.875152,54.256496],[-9.858998,54.270575],[-9.843861,54.276597],[-9.822133,54.272935],[-9.787099,54.257758],[-9.765004,54.255561],[-9.770863,54.264146],[-9.778676,54.269599],[-9.799184,54.276597],[-9.799184,54.283515],[-9.789418,54.285834],[-9.780019,54.286282],[-9.758168,54.283515],[-9.776845,54.289984],[-9.829213,54.296861],[-9.840077,54.307074],[-9.846018,54.321438],[-9.843984,54.328762],[-9.785512,54.33808],[-9.764312,54.334906],[-9.726308,54.320787],[-9.706939,54.317613],[-9.53539,54.310207],[-9.524281,54.311347],[-9.505523,54.316392],[-9.494374,54.317613],[-9.485707,54.315863],[-9.471913,54.307074],[-9.463979,54.303941],[-9.384511,54.297187],[-9.374827,54.298733],[-9.36262,54.30272],[-9.351145,54.308173],[-9.343617,54.31391],[-9.334218,54.318305],[-9.322011,54.317084],[-9.277252,54.304592],[-9.268422,54.303941],[-9.260976,54.299709],[-9.252838,54.280951],[-9.24767,54.276597],[-9.229888,54.278469],[-9.219635,54.280585],[-9.2176,54.283515],[-9.211008,54.275621],[-9.209462,54.267564],[-9.211985,54.260443],[-9.2176,54.255561],[-9.2176,54.248725],[-9.195872,54.242499],[-9.195872,54.235053],[-9.215077,54.227118],[-9.210357,54.217841],[-9.161977,54.192043],[-9.149322,54.180609],[-9.141225,54.165351],[-9.141225,54.145697],[-9.134999,54.145697],[-9.134185,54.163764],[-9.13036,54.179104],[-9.128896,54.193061],[-9.134999,54.20775],[-9.112538,54.213324],[-9.090199,54.22663],[-9.072987,54.246772],[-9.06607,54.272895],[-9.051259,54.289496],[-9.017486,54.291897],[-8.956858,54.283515],[-8.949859,54.284857],[-8.944407,54.288235],[-8.939036,54.289984],[-8.927561,54.284125],[-8.910227,54.277899],[-8.894195,54.274482],[-8.871816,54.265123],[-8.856597,54.263007],[-8.807362,54.263007],[-8.785634,54.266832],[-8.765126,54.276597],[-8.737457,54.264106],[-8.676422,54.271308],[-8.648346,54.263007],[-8.642486,54.253607],[-8.639556,54.242092],[-8.63329,54.232367],[-8.605051,54.225653],[-8.593495,54.219062],[-8.572662,54.200344],[-8.559316,54.20661],[-8.543853,54.208645],[-8.51122,54.20775],[-8.51122,54.214545],[-8.525543,54.218899],[-8.543609,54.222154],[-8.559234,54.227729],[-8.565826,54.238837],[-8.572133,54.246527],[-8.58731,54.252346],[-8.605621,54.255561],[-8.621002,54.255561],[-8.621002,54.263007],[-8.614247,54.267808],[-8.602651,54.27969],[-8.593739,54.283515],[-8.571685,54.277167],[-8.558217,54.275214],[-8.552235,54.280097],[-8.540761,54.284369],[-8.470286,54.276597],[-8.485951,54.288642],[-8.50414,54.297187],[-8.523346,54.302232],[-8.542307,54.303941],[-8.562652,54.303046],[-8.569814,54.305732],[-8.572662,54.31391],[-8.567209,54.324164],[-8.554799,54.321479],[-8.531728,54.310207],[-8.511708,54.317369],[-8.519154,54.326728],[-8.540517,54.334662],[-8.562123,54.33808],[-8.661366,54.338039],[-8.666819,54.341213],[-8.668284,54.351752],[-8.663889,54.35928],[-8.653798,54.365871],[-8.641754,54.370429],[-8.612864,54.375474],[-8.496571,54.423489],[-8.480133,54.426825],[-8.47411,54.429999],[-8.471262,54.437893],[-8.470286,54.457831],[-8.466705,54.475002],[-8.459218,54.471869],[-8.451894,54.461005],[-8.449127,54.454779],[-8.445139,54.453925],[-8.443756,54.453437],[-8.443023,54.447333],[-8.41393,54.45954],[-8.384185,54.468248],[-8.381663,54.468573],[-8.30012,54.477973],[-8.287343,54.479438],[-8.242096,54.497748],[-8.210194,54.501939],[-8.210194,54.509426],[-8.243276,54.510199],[-8.257965,54.514228],[-8.270985,54.523668],[-8.216379,54.55036],[-8.218861,54.56977],[-8.172515,54.594468],[-8.175404,54.619289],[-8.164662,54.615302],[-8.157623,54.610826],[-8.150054,54.607123],[-8.137563,54.605618],[-8.126088,54.637885],[-8.120839,54.646552],[-8.123891,54.648627],[-8.124908,54.648912],[-8.1256,54.649604],[-8.127675,54.652777],[-8.146799,54.642076],[-8.166656,54.636135],[-8.234934,54.629381],[-8.271311,54.612006],[-8.292104,54.605618],[-8.292104,54.611802],[-8.281728,54.620551],[-8.280344,54.629625],[-8.287262,54.636786],[-8.301747,54.639797],[-8.316762,54.635443],[-8.342356,54.616156],[-8.367828,54.608629],[-8.41454,54.578355],[-8.427968,54.571723],[-8.442047,54.566718],[-8.456614,54.564643],[-8.456614,54.570787],[-8.432281,54.587795],[-8.417104,54.59516],[-8.398183,54.598131],[-8.384755,54.605658],[-8.387685,54.619859],[-8.400054,54.628567],[-8.415028,54.619289],[-8.421864,54.619289],[-8.418691,54.641303],[-8.43163,54.641303],[-8.448313,54.627631],[-8.456614,54.60871],[-8.461537,54.602851],[-8.472076,54.607856],[-8.48176,54.615953],[-8.486195,54.622952],[-8.485219,54.627387],[-8.486155,54.631293],[-8.49413,54.632961],[-8.500803,54.632025],[-8.511301,54.627753],[-8.517486,54.626125],[-8.541737,54.62523],[-8.553456,54.622626],[-8.564036,54.608832],[-8.576772,54.610907],[-8.596913,54.619289],[-8.672597,54.619452],[-8.690012,54.626125],[-8.681956,54.63581],[-8.691396,54.641303],[-8.774159,54.659857],[-8.791819,54.659613],[-8.788442,54.663398],[-8.786366,54.666978],[-8.783437,54.670396],[-8.778147,54.673896],[-8.778147,54.68008],[-8.791086,54.684882],[-8.79776,54.691962],[-8.795522,54.698432],[-8.781565,54.701239],[-8.766957,54.702216],[-8.755198,54.705756],[-8.747426,54.71308],[-8.744618,54.725084],[-8.733266,54.732611],[-8.662099,54.762641],[-8.636586,54.768459],[-8.536204,54.766913],[-8.483713,54.756781],[-8.456614,54.756415],[-8.456614,54.762641],[-8.526601,54.772773],[-8.5454,54.783759],[-8.529897,54.788072],[-8.484934,54.789374],[-8.473378,54.786811],[-8.460805,54.774848],[-8.444692,54.763129],[-8.426666,54.757229],[-8.408193,54.762641],[-8.461293,54.793524],[-8.498891,54.801215],[-8.534983,54.816474],[-8.55842,54.817857],[-8.554351,54.827541],[-8.546986,54.829901],[-8.537099,54.829779],[-8.524892,54.831529],[-8.515126,54.836005],[-8.501861,54.846503],[-8.490712,54.851996],[-8.471018,54.840522],[-8.449086,54.839423],[-8.401967,54.84455],[-8.346262,54.831692],[-8.325673,54.831529],[-8.325673,54.838324],[-8.343251,54.839911],[-8.365387,54.845404],[-8.381337,54.855943],[-8.380849,54.872504],[-8.366689,54.88109],[-8.327382,54.877021],[-8.312652,54.87934],[-8.325836,54.88581],[-8.337026,54.903632],[-8.350453,54.907294],[-8.368804,54.908189],[-8.374013,54.907294],[-8.378163,54.902777],[-8.379791,54.895738],[-8.380116,54.889228],[-8.380849,54.886176],[-8.409291,54.88703],[-8.432607,54.901557],[-8.450795,54.922065],[-8.46345,54.940823],[-8.450429,54.946275],[-8.440907,54.943427],[-8.431508,54.93769],[-8.418446,54.934556],[-8.404612,54.935696],[-8.391347,54.938666],[-8.366567,54.948188],[-8.396148,54.955268],[-8.418609,54.968085],[-8.456614,54.995429],[-8.456614,55.002875],[-8.44811,55.007636],[-8.437734,55.009833],[-8.426422,55.008612],[-8.415028,55.002875],[-8.404693,55.012885],[-8.401967,55.016547],[-8.408193,55.016547],[-8.403188,55.030666],[-8.395253,55.033149],[-8.385325,55.032416],[-8.374013,55.036363],[-8.354482,55.060533],[-8.347401,55.064276],[-8.33788,55.058417],[-8.335072,55.035061],[-8.325673,55.030219],[-8.319976,55.034329],[-8.313588,55.05268],[-8.305165,55.058051],[-8.316518,55.08747],[-8.320424,55.104926],[-8.316029,55.112738],[-8.304351,55.119208],[-8.288401,55.150133],[-8.278472,55.160549],[-8.26301,55.161078],[-8.206532,55.146877],[-8.188385,55.148993],[-8.157623,55.158393],[-8.141265,55.160549],[-8.147532,55.15176],[-8.154286,55.14525],[-8.159576,55.138739],[-8.161733,55.129462],[-8.156484,55.124498],[-8.144683,55.130194],[-8.114858,55.154731],[-8.05427,55.176947],[-8.03482,55.180976],[-8.020985,55.188788],[-8.01179,55.205064],[-7.999582,55.219631],[-7.976796,55.22191],[-7.950185,55.210273],[-7.958648,55.199205],[-8.00414,55.180976],[-8.00414,55.17414],[-7.961985,55.187201],[-7.955719,55.184719],[-7.949045,55.179836],[-7.93399,55.18065],[-7.91804,55.184516],[-7.908559,55.188422],[-7.894887,55.17414],[-7.894887,55.167914],[-7.898793,55.156399],[-7.890452,55.158271],[-7.875559,55.164944],[-7.860097,55.167914],[-7.865061,55.158149],[-7.872874,55.151597],[-7.882965,55.147935],[-7.894887,55.146877],[-7.894887,55.140082],[-7.876536,55.14053],[-7.865224,55.138495],[-7.856435,55.138983],[-7.846506,55.146877],[-7.834706,55.164984],[-7.837554,55.175849],[-7.860097,55.194648],[-7.866119,55.214911],[-7.85025,55.2272],[-7.823964,55.238593],[-7.798695,55.25609],[-7.796051,55.251044],[-7.795033,55.250881],[-7.791249,55.248684],[-7.814198,55.20185],[-7.815745,55.194648],[-7.81371,55.192857],[-7.810455,55.188707],[-7.805572,55.184149],[-7.798695,55.180976],[-7.789784,55.180854],[-7.779937,55.187445],[-7.770741,55.188422],[-7.757314,55.18476],[-7.736643,55.176663],[-7.7176,55.166571],[-7.709299,55.157131],[-7.707387,55.153469],[-7.698557,55.140367],[-7.695627,55.133205],[-7.695953,55.126044],[-7.70108,55.10814],[-7.702504,55.099066],[-7.694732,55.108059],[-7.678822,55.134467],[-7.671702,55.140082],[-7.668202,55.147203],[-7.674713,55.163031],[-7.684071,55.178534],[-7.688832,55.184719],[-7.690338,55.194525],[-7.695058,55.207465],[-7.703603,55.218451],[-7.716054,55.22191],[-7.723948,55.214586],[-7.721995,55.200263],[-7.715403,55.184882],[-7.709299,55.17414],[-7.723134,55.175727],[-7.732818,55.181464],[-7.741038,55.188625],[-7.750234,55.194648],[-7.779652,55.199652],[-7.791737,55.206],[-7.788157,55.218573],[-7.760854,55.250434],[-7.760854,55.25609],[-7.725087,55.252672],[-7.709299,55.25609],[-7.673492,55.273871],[-7.660878,55.276557],[-7.643951,55.272773],[-7.63329,55.263088],[-7.625315,55.25316],[-7.616526,55.248684],[-7.611399,55.2414],[-7.613189,55.225775],[-7.617502,55.210598],[-7.619944,55.204901],[-7.614491,55.19599],[-7.601471,55.189276],[-7.572743,55.180976],[-7.572255,55.169176],[-7.564117,55.155748],[-7.55248,55.14468],[-7.541412,55.140082],[-7.527821,55.132554],[-7.525787,55.116156],[-7.531606,55.099677],[-7.541412,55.092231],[-7.556386,55.089748],[-7.568227,55.083686],[-7.586415,55.071112],[-7.641021,55.050686],[-7.641021,55.04385],[-7.581166,55.050442],[-7.561838,55.044501],[-7.572743,55.023383],[-7.584584,55.016059],[-7.634185,54.995429],[-7.667551,54.968207],[-7.681386,54.961249],[-7.681386,54.954413],[-7.661488,54.957953],[-7.643381,54.965277],[-7.548451,55.018459],[-7.537994,55.019924],[-7.529368,55.030707],[-7.509267,55.035956],[-7.486318,55.039252],[-7.469106,55.04385],[-7.456166,55.056138],[-7.450022,55.072333],[-7.454416,55.086249],[-7.472768,55.092231],[-7.477528,55.096381],[-7.473378,55.105455],[-7.46288,55.119534],[-7.46288,55.143459],[-7.470041,55.145168],[-7.510081,55.180976],[-7.533681,55.192369],[-7.541412,55.198065],[-7.545644,55.204779],[-7.54955,55.215399],[-7.549387,55.225165],[-7.527089,55.236762],[-7.516225,55.254136],[-7.51358,55.274359],[-7.524322,55.290269],[-7.507395,55.28913],[-7.492747,55.285346],[-7.478586,55.283922],[-7.46288,55.290269],[-7.465566,55.293606],[-7.46642,55.295844],[-7.46703,55.298651],[-7.469106,55.3039],[-7.449208,55.294013],[-7.427968,55.286566],[-7.405914,55.286933],[-7.367787,55.310614],[-7.347524,55.314276],[-7.327504,55.308498],[-7.312082,55.290269],[-7.33316,55.289618],[-7.339955,55.290269],[-7.320872,55.282172],[-7.298818,55.276272],[-7.276601,55.275824],[-7.256744,55.284003],[-7.320668,55.3133],[-7.350697,55.335191],[-7.353017,55.358547],[-7.379547,55.367662],[-7.391591,55.373725],[-7.400217,55.380276],[-7.384429,55.386379],[-7.366322,55.383979],[-7.332509,55.372789],[-7.26358,55.358547],[-7.247304,55.357164],[-7.208852,55.34512],[-7.195424,55.338609],[-7.144154,55.293647],[-7.129058,55.285834],[-7.079335,55.27265],[-7.0419,55.268866],[-6.99649,55.257717],[-6.975697,55.248684],[-6.953521,55.25434],[-6.939565,55.239081],[-6.942779,55.218573],[-6.972564,55.208319],[-7.00064,55.205146],[-7.034088,55.196845],[-7.065745,55.184963],[-7.099762,55.165473],[-7.132314,55.155463],[-7.159495,55.150784],[-7.172841,55.1435],[-7.216624,55.108344],[-7.232289,55.091864],[-7.244985,55.073432],[-7.2471,55.069322],[-7.256744,55.050686],[-7.240956,55.050279],[-7.195424,55.058051],[-7.17748,55.056952],[-7.133901,55.04385],[-7.099477,55.040961],[-7.065053,55.04385],[-7.0537,55.048733],[-7.03189,55.064927],[-7.017201,55.071112],[-7.017812,55.08397],[-7.009918,55.10224],[-6.997955,55.118638],[-6.98648,55.125718],[-6.974924,55.135443],[-6.968658,55.18065],[-6.962554,55.194648],[-6.946685,55.19538],[-6.903554,55.178656],[-6.883778,55.17414],[-6.754506,55.177802],[-6.640452,55.208319],[-6.571278,55.211249],[-6.554514,55.218573],[-6.539174,55.230658],[-6.519846,55.240668],[-6.498118,55.247138],[-6.475942,55.248684],[-6.440012,55.236029],[-6.415924,55.231879],[-6.378163,55.246243],[-6.352895,55.242621],[-6.255849,55.210883],[-6.239817,55.208319],[-6.217641,55.210395],[-6.179555,55.219713],[-6.160024,55.22191],[-6.120839,55.217841],[-6.100982,55.212388],[-6.092397,55.204901],[-6.084218,55.202216],[-6.047231,55.178534],[-6.037099,55.167914],[-6.040639,55.112047],[-6.047434,55.095649],[-6.062082,55.074123],[-6.054351,55.065131],[-6.03539,55.063625],[-6.016672,55.064276],[-6.003529,55.063178],[-5.988678,55.059475],[-5.975738,55.053046],[-5.968251,55.04385],[-5.970204,55.025824],[-5.988271,54.988674],[-5.986236,54.981757],[-5.957143,54.978949],[-5.930328,54.970893],[-5.906606,54.957953],[-5.886342,54.940823],[-5.881988,54.934027],[-5.875234,54.917914],[-5.869252,54.910386],[-5.862782,54.905951],[-5.847035,54.898139],[-5.839182,54.893012],[-5.829986,54.885159],[-5.820953,54.875067],[-5.813954,54.862779],[-5.811187,54.848334],[-5.800526,54.820746],[-5.775258,54.81151],[-5.745595,54.804592],[-5.721832,54.783759],[-5.715647,54.783759],[-5.733754,54.805243],[-5.797597,54.84455],[-5.781728,54.861721],[-5.751617,54.856879],[-5.720611,54.84101],[-5.701975,54.824693],[-5.689849,54.793118],[-5.692616,54.765204],[-5.706899,54.742987],[-5.729319,54.728502],[-5.758901,54.719916],[-5.81843,54.709621],[-5.845367,54.701239],[-5.87149,54.687323],[-5.890736,54.672309],[-5.914337,54.646837],[-5.927235,54.632961],[-5.915151,54.628241],[-5.910959,54.619452],[-5.909983,54.610541],[-5.907379,54.605618],[-5.894887,54.604804],[-5.887278,54.609809],[-5.881988,54.616156],[-5.871002,54.622301],[-5.848785,54.643215],[-5.839019,54.649726],[-5.803822,54.659613],[-5.769521,54.674628],[-5.747955,54.680406],[-5.732411,54.676988],[-5.716624,54.669867],[-5.694692,54.668687],[-5.574696,54.68008],[-5.569,54.676947],[-5.556711,54.662787],[-5.547109,54.659613],[-5.53661,54.657457],[-5.533274,54.651679],[-5.532786,54.643215],[-5.5301,54.632961],[-5.514394,54.597886],[-5.502553,54.583482],[-5.485707,54.577704],[-5.478912,54.569485],[-5.47289,54.530097],[-5.468617,54.516262],[-5.437082,54.48786],[-5.430776,54.485175],[-5.437571,54.475653],[-5.436513,54.470201],[-5.433461,54.466254],[-5.433827,54.461005],[-5.438832,54.454901],[-5.458119,54.437405],[-5.464263,54.425238],[-5.457387,54.408677],[-5.461171,54.392076],[-5.470855,54.384345],[-5.483998,54.37759],[-5.489125,54.369574],[-5.474843,54.358588],[-5.489573,54.353705],[-5.502024,54.339667],[-5.515777,54.33808],[-5.527659,54.345282],[-5.536977,54.35928],[-5.547109,54.379096],[-5.55899,54.382636],[-5.569488,54.391506],[-5.57665,54.402777],[-5.57844,54.413804],[-5.571685,54.425605],[-5.548695,54.442816],[-5.543691,54.457831],[-5.547353,54.489081],[-5.558013,54.511908],[-5.575307,54.528998],[-5.644887,54.567776],[-5.671864,54.576809],[-5.701975,54.577704],[-5.701975,54.570787],[-5.694651,54.561103],[-5.697418,54.551215],[-5.706044,54.54267],[-5.715647,54.536689],[-5.701527,54.536322],[-5.690419,54.53205],[-5.681508,54.526842],[-5.674062,54.523668],[-5.636952,54.52204],[-5.6256,54.516262],[-5.641916,54.512641],[-5.66393,54.510199],[-5.670318,54.505683],[-5.639963,54.495754],[-5.644765,54.48371],[-5.644602,54.472113],[-5.638499,54.463568],[-5.6256,54.461005],[-5.626698,54.456692],[-5.628,54.453803],[-5.633127,54.447333],[-5.6256,54.441107],[-5.653554,54.388983],[-5.661448,54.379584],[-5.697906,54.362291],[-5.708852,54.351752],[-5.668324,54.360663],[-5.622141,54.376654],[-5.579701,54.383694],[-5.550526,54.365424],[-5.540679,54.327338],[-5.553049,54.298529],[-5.579498,54.275702],[-5.61262,54.255561],[-5.617177,54.254788],[-5.628529,54.256537],[-5.633127,54.255561],[-5.639963,54.235053],[-5.64684,54.232164],[-5.655751,54.229682],[-5.663401,54.230862],[-5.666656,54.238837],[-5.678822,54.246161],[-5.736887,54.249091],[-5.779449,54.246527],[-5.822662,54.237209],[-5.842275,54.235053],[-5.86205,54.230536],[-5.868031,54.218492],[-5.866038,54.184149],[-5.865834,54.180487],[-5.86852,54.161322],[-5.874623,54.14053],[-5.883209,54.120754],[-5.893788,54.104682],[-5.911977,54.091295],[-5.953847,54.078681],[-5.984731,54.059312],[-6.027252,54.040229],[-6.040517,54.036444],[-6.079579,54.034573],[-6.095448,54.036363],[-6.112904,54.043891],[-6.112904,54.050116],[-6.093007,54.055894],[-6.08495,54.056952],[-6.161529,54.073717],[-6.174306,54.074286],[-6.185862,54.092678],[-6.212554,54.098456],[-6.242502,54.099758],[-6.263661,54.104682],[-6.269887,54.097927],[-6.269887,54.097886],[-6.207021,54.061713],[-6.191396,54.056952],[-6.184316,54.053778],[-6.169911,54.039618],[-6.163808,54.036444],[-6.142486,54.035224],[-6.13386,54.033352],[-6.126536,54.030219],[-6.107289,54.013617],[-6.110992,54.001288],[-6.143544,53.97842],[-6.160756,53.974433],[-6.185536,53.979722],[-6.209096,53.988593],[-6.222768,53.995429],[-6.23705,53.993842],[-6.307037,54.011868],[-6.359853,54.016018],[-6.359853,54.00849],[-6.347808,54.003607],[-6.353871,53.994208],[-6.366282,53.981024],[-6.372955,53.964423],[-6.378285,53.934882],[-6.378977,53.916897],[-6.372955,53.899319],[-6.350819,53.881415],[-6.317291,53.87108],[-6.243235,53.865139],[-6.243235,53.857652],[-6.254018,53.839911],[-6.254994,53.822211],[-6.244985,53.806871],[-6.222768,53.796291],[-6.243276,53.782538],[-6.248443,53.755764],[-6.245798,53.729641],[-6.241322,53.685614],[-6.23644,53.670844],[-6.229888,53.656562],[-6.222768,53.646064],[-6.213043,53.64057],[-6.197987,53.634467],[-6.187082,53.630072],[-6.169789,53.605658],[-6.142486,53.594468],[-6.112457,53.585761],[-6.092397,53.577135],[-6.084462,53.56802],[-6.077301,53.554633],[-6.074941,53.53974],[-6.081532,53.525946],[-6.0985,53.509711],[-6.103139,53.50316],[-6.105458,53.495185]]}},{"type":"Feature","properties":{"featurecla":"Coastline","scalerank":0,"min_zoom":0},"bbox":[-6.236399,49.959133,1.771169,58.677069],"geometry":{"type":"LineString","coordinates":[[-3.323476,56.365912],[-3.311513,56.356513],[-3.294016,56.352769],[-3.251536,56.352851],[-3.230621,56.356024],[-3.188385,56.370185],[-3.149566,56.375556],[-2.950266,56.431871],[-2.939931,56.438544],[-2.930653,56.448065],[-2.909088,56.455715],[-2.884999,56.457994],[-2.867909,56.45185],[-2.850087,56.442043],[-2.814768,56.440416],[-2.802805,56.427965],[-2.800893,56.408922],[-2.808258,56.391059],[-2.821604,56.376166],[-2.837554,56.365912],[-2.812978,56.365912],[-2.809193,56.36286],[-2.804758,56.349107],[-2.802805,56.345404],[-2.791493,56.342475],[-2.782623,56.34162],[-2.775258,56.339423],[-2.768625,56.332343],[-2.677154,56.328437],[-2.655263,56.32217],[-2.621205,56.304429],[-2.613189,56.301907],[-2.576812,56.283922],[-2.576812,56.277777],[-2.630116,56.248521],[-2.648346,56.228705],[-2.672027,56.222398],[-2.720204,56.216295],[-2.783599,56.191962],[-2.806142,56.188381],[-2.830719,56.190741],[-2.892079,56.208889],[-2.940053,56.209418],[-2.964345,56.205634],[-2.97468,56.19831],[-2.982411,56.189114],[-3.035553,56.167914],[-3.091054,56.13227],[-3.107533,56.126899],[-3.127553,56.12287],[-3.138295,56.112209],[-3.152252,56.078518],[-3.163564,56.06387],[-3.178375,56.058092],[-3.248443,56.055976],[-3.268381,56.05093],[-3.303049,56.037543],[-3.342681,56.027167],[-3.381825,56.023383],[-3.420969,56.024888],[-3.58259,56.051744],[-3.671498,56.050849],[-3.710032,56.058092],[-3.745432,56.072211],[-3.74649,56.072781],[-3.782216,56.09219],[-3.803131,56.107123],[-3.817006,56.11225],[-3.837473,56.112616],[-3.837473,56.106431],[-3.777699,56.082831],[-3.769154,56.075141],[-3.760854,56.072455],[-3.72643,56.038031],[-3.721425,56.030707],[-3.712636,56.028998],[-3.693471,56.031155],[-3.686635,56.030707],[-3.679555,56.025458],[-3.674794,56.018704],[-3.668284,56.012763],[-3.656239,56.010199],[-3.599721,56.017239],[-3.577382,56.017035],[-3.405426,55.989732],[-3.358266,55.989732],[-3.340891,55.994452],[-3.331044,55.994086],[-3.320424,55.986029],[-3.303456,55.977607],[-3.121816,55.969306],[-3.114735,55.966132],[-3.096832,55.951972],[-3.090728,55.948188],[-3.078236,55.946845],[-3.015696,55.950507],[-2.939931,55.969306],[-2.916656,55.980618],[-2.900054,55.996161],[-2.882883,56.00849],[-2.857981,56.010199],[-2.863637,56.022284],[-2.866322,56.02676],[-2.870961,56.030707],[-2.852773,56.039781],[-2.82315,56.05976],[-2.802805,56.064846],[-2.635121,56.058051],[-2.615956,56.053168],[-2.587554,56.030951],[-2.569407,56.024482],[-2.578359,56.008002],[-2.583648,56.002753],[-2.569569,55.999945],[-2.544057,56.002672],[-2.528961,55.996568],[-2.52481,56.000556],[-2.514556,56.005764],[-2.507924,56.010199],[-2.493276,56.001532],[-2.452504,55.985256],[-2.414377,55.978339],[-2.350942,55.948188],[-2.307769,55.935004],[-2.14684,55.917304],[-2.13801,55.914618],[-2.132558,55.90644],[-2.131093,55.897203],[-2.128774,55.889797],[-2.120961,55.886705],[-2.099477,55.881781],[-2.08019,55.869371],[-2.022857,55.805487],[-2.009674,55.790839],[-1.877838,55.694892],[-1.863189,55.671617],[-1.853098,55.659329],[-1.831532,55.650702],[-1.82608,55.643622],[-1.821685,55.63642],[-1.816477,55.63288],[-1.807118,55.634508],[-1.800771,55.639228],[-1.796295,55.644232],[-1.792592,55.646552],[-1.781402,55.645657],[-1.768625,55.641913],[-1.7565,55.633612],[-1.74767,55.619208],[-1.767974,55.619208],[-1.767974,55.612982],[-1.755971,55.608873],[-1.720855,55.614569],[-1.699127,55.612982],[-1.630849,55.58511],[-1.630849,55.578274],[-1.636342,55.571682],[-1.634674,55.564399],[-1.627675,55.557115],[-1.617177,55.550279],[-1.630849,55.544135],[-1.630849,55.537299],[-1.622222,55.534084],[-1.602935,55.523627],[-1.602935,55.516791],[-1.611318,55.508043],[-1.606353,55.503241],[-1.596344,55.499905],[-1.589345,55.495673],[-1.58495,55.48371],[-1.58137,55.416653],[-1.583119,55.406928],[-1.588287,55.39057],[-1.589101,55.385199],[-1.589345,55.376532],[-1.583323,55.354722],[-1.558583,55.328925],[-1.555816,55.311347],[-1.557037,55.306627],[-1.55899,55.302069],[-1.56192,55.297797],[-1.565745,55.293647],[-1.570058,55.2862],[-1.568227,55.279608],[-1.56428,55.273261],[-1.562082,55.266669],[-1.556467,55.255032],[-1.543935,55.243883],[-1.520985,55.229397],[-1.529164,55.216254],[-1.524078,55.21011],[-1.514272,55.204779],[-1.507965,55.194648],[-1.510813,55.18476],[-1.517568,55.176215],[-1.522125,55.167467],[-1.517934,55.157131],[-1.500722,55.141791],[-1.495961,55.134589],[-1.492543,55.112982],[-1.483754,55.091702],[-1.480092,55.085395],[-1.476226,55.083645],[-1.463287,55.080308],[-1.459584,55.078599],[-1.458079,55.075751],[-1.454701,55.067572],[-1.438303,55.042304],[-1.429189,55.033271],[-1.424062,55.024359],[-1.419504,55.011705],[-1.412913,55.000312],[-1.401519,54.995429],[-1.398183,54.992621],[-1.370229,54.975531],[-1.36266,54.964789],[-1.361724,54.958686],[-1.363515,54.95425],[-1.364003,54.948188],[-1.362864,54.92593],[-1.360341,54.91706],[-1.353139,54.91352],[-1.355824,54.904283],[-1.296783,54.779934],[-1.275461,54.74844],[-1.240468,54.721666],[-1.225087,54.715033],[-1.172231,54.701239],[-1.172231,54.693793],[-1.192616,54.693793],[-1.192454,54.689276],[-1.190785,54.686184],[-1.18517,54.68008],[-1.182729,54.672065],[-1.178822,54.66474],[-1.172922,54.658352],[-1.164703,54.652777],[-1.172922,54.644192],[-1.182485,54.639228],[-1.206288,54.632961],[-1.203725,54.625718],[-1.198842,54.621568],[-1.191803,54.619778],[-1.182118,54.619289],[-1.179351,54.620917],[-1.178456,54.624213],[-1.176991,54.626776],[-1.172231,54.626125],[-1.169586,54.623603],[-1.165435,54.61872],[-1.162953,54.613959],[-1.164703,54.611802],[-1.152659,54.613186],[-1.146718,54.618476],[-1.138051,54.646552],[-1.120595,54.633002],[-1.103627,54.624661],[-1.084218,54.620429],[-1.042063,54.617092],[-0.993479,54.598131],[-0.787913,54.560777],[-0.562978,54.477362],[-0.534657,54.461005],[-0.522857,54.447089],[-0.521799,54.438056],[-0.52359,54.430243],[-0.520416,54.420071],[-0.509999,54.411566],[-0.476796,54.397203],[-0.462758,54.388983],[-0.447743,54.373196],[-0.430572,54.349311],[-0.418446,54.324042],[-0.41804,54.303941],[-0.41454,54.297309],[-0.409006,54.290758],[-0.401194,54.285631],[-0.390736,54.283515],[-0.394887,54.273139],[-0.397572,54.269192],[-0.389272,54.264065],[-0.370473,54.247707],[-0.362782,54.242499],[-0.322011,54.23607],[-0.31192,54.231635],[-0.30012,54.224677],[-0.277089,54.21776],[-0.269602,54.207668],[-0.262563,54.181098],[-0.260365,54.176988],[-0.233876,54.160468],[-0.11144,54.131578],[-0.07551,54.112128],[-0.16393,54.083401],[-0.194692,54.062323],[-0.219472,54.022773],[-0.197418,53.994818],[-0.168691,53.929348],[-0.151112,53.899319],[-0.045155,53.801215],[0.133474,53.642646],[0.149262,53.609605],[0.136892,53.577135],[0.131196,53.573432],[0.10963,53.562893],[0.131358,53.593695],[0.135997,53.610663],[0.120209,53.618109],[0.099457,53.622301],[0.056163,53.641262],[0.034516,53.646064],[0.014822,53.643256],[-0.023915,53.628852],[-0.045033,53.625556],[-0.069407,53.626939],[-0.092275,53.631049],[-0.11262,53.637519],[-0.130035,53.646064],[-0.225331,53.719916],[-0.260365,53.735419],[-0.295644,53.738796],[-0.305165,53.739691],[-0.431142,53.714301],[-0.449696,53.714301],[-0.510487,53.714301],[-0.544423,53.709459],[-0.551503,53.711168],[-0.576243,53.725653],[-0.579172,53.727973],[-0.637034,53.732001],[-0.658355,53.727973],[-0.726471,53.700629],[-0.717356,53.698676],[-0.708567,53.695746],[-0.700185,53.69184],[-0.692454,53.686998],[-0.67748,53.702826],[-0.64981,53.710598],[-0.619537,53.711859],[-0.596181,53.708075],[-0.555491,53.690497],[-0.544749,53.68358],[-0.529937,53.67768],[-0.514027,53.681301],[-0.486318,53.694485],[-0.30724,53.71426],[-0.279368,53.707099],[-0.260365,53.686998],[-0.188629,53.620429],[-0.144032,53.606635],[-0.113189,53.584621],[-0.095937,53.577135],[-0.060943,53.573961],[-0.04662,53.57038],[9.2e-05,53.535346],[0.095958,53.488349],[0.115082,53.483222],[0.134044,53.480618],[0.151866,53.475816],[0.167817,53.464504],[0.170909,53.457017],[0.173106,53.446763],[0.175792,53.43769],[0.181488,53.433743],[0.190603,53.431871],[0.219493,53.419501],[0.211925,53.412665],[0.22934,53.404771],[0.244884,53.390937],[0.256114,53.375067],[0.260427,53.361477],[0.342133,53.226304],[0.356212,53.188544],[0.356619,53.145738],[0.335785,53.093451],[0.329845,53.086493],[0.318696,53.083686],[0.298839,53.081204],[0.282481,53.074856],[0.193044,53.020087],[0.17449,53.015448],[0.160818,53.008979],[0.082123,52.938666],[0.061168,52.924994],[0.037608,52.919176],[0.022146,52.912584],[0.008556,52.898627],[0.010265,52.886461],[0.04066,52.885077],[0.09254,52.892524],[0.105642,52.88935],[0.133474,52.87519],[0.147146,52.872016],[0.170909,52.862128],[0.222423,52.813666],[0.246755,52.795722],[0.264496,52.803697],[0.285655,52.805569],[0.325531,52.803168],[0.341807,52.797431],[0.369884,52.773017],[0.384532,52.768378],[0.384532,52.775214],[0.379242,52.790839],[0.399425,52.809516],[0.425548,52.827379],[0.43865,52.840725],[0.444021,52.865058],[0.456716,52.891995],[0.472341,52.916449],[0.485688,52.933498],[0.520274,52.955268],[0.569591,52.969306],[0.623383,52.975653],[0.671886,52.974433],[0.664399,52.981879],[0.684744,52.986396],[0.706798,52.983222],[0.729177,52.977484],[0.750499,52.974433],[0.835704,52.974433],[0.875499,52.968166],[0.921072,52.954657],[0.968435,52.947496],[1.013927,52.96015],[1.003429,52.964748],[0.991547,52.967475],[0.979015,52.968411],[0.966075,52.967597],[0.966075,52.974433],[1.274669,52.929185],[1.396007,52.891425],[1.644216,52.775824],[1.67335,52.755683],[1.697032,52.731024],[1.715831,52.683743],[1.734141,52.654608],[1.747244,52.62519],[1.740733,52.603909],[1.746837,52.588528],[1.748709,52.568793],[1.747569,52.532782],[1.771169,52.485907],[1.7671,52.476955],[1.754405,52.467353],[1.729259,52.415595],[1.730154,52.405911],[1.727875,52.396308],[1.683604,52.32453],[1.651866,52.28913],[1.641124,52.281806],[1.630544,52.270453],[1.628266,52.244818],[1.63087,52.199774],[1.625499,52.180365],[1.607432,52.145941],[1.603526,52.127834],[1.589203,52.100816],[1.587576,52.086982],[1.582286,52.081488],[1.503673,52.060981],[1.486827,52.049018],[1.472016,52.05622],[1.466807,52.048],[1.463878,52.035142],[1.455821,52.02851],[1.448985,52.02497],[1.424815,52.001858],[1.354828,51.954047],[1.343516,51.942857],[1.332286,51.94009],[1.264415,51.994371],[1.234874,52.000312],[1.185232,52.025092],[1.157888,52.02851],[1.157888,52.021674],[1.193533,52.0008],[1.214366,51.991441],[1.260265,51.984809],[1.270763,51.981513],[1.275157,51.976996],[1.274425,51.960883],[1.271007,51.956448],[1.250743,51.959621],[1.238943,51.958645],[1.217621,51.954332],[1.20574,51.953437],[1.193207,51.955512],[1.165294,51.967027],[1.143077,51.966051],[1.094493,51.955959],[1.069102,51.953437],[1.09547,51.945746],[1.262055,51.939154],[1.281993,51.946601],[1.278494,51.927924],[1.199555,51.877672],[1.21225,51.871649],[1.227875,51.867377],[1.264415,51.864],[1.27475,51.870307],[1.282237,51.880561],[1.286632,51.881659],[1.288259,51.860582],[1.276378,51.844794],[1.219249,51.811835],[1.167817,51.790229],[1.135427,51.781724],[1.06544,51.775295],[1.046641,51.777045],[1.037283,51.782172],[1.021332,51.802558],[0.98878,51.830268],[0.979828,51.843573],[0.977061,51.824612],[0.962087,51.813788],[0.925141,51.802558],[0.894298,51.784613],[0.886974,51.782131],[0.886404,51.776679],[0.883474,51.764716],[0.878917,51.752753],[0.873709,51.747301],[0.86199,51.745551],[0.845958,51.736762],[0.835704,51.73371],[0.823497,51.733832],[0.801443,51.739691],[0.791759,51.741156],[0.7671,51.739447],[0.720876,51.728176],[0.698578,51.720038],[0.714203,51.715277],[0.732432,51.713772],[0.749278,51.708482],[0.760753,51.692694],[0.789073,51.71015],[0.853038,51.718899],[0.883556,51.726874],[0.912364,51.741523],[0.930024,51.743598],[0.945567,51.73371],[0.947439,51.725246],[0.944591,51.715481],[0.94044,51.707994],[0.938162,51.706366],[0.940196,51.698432],[0.944021,51.690579],[0.951834,51.678412],[0.941742,51.673041],[0.937999,51.664496],[0.938162,51.641262],[0.934744,51.635891],[0.926768,51.630927],[0.911469,51.623847],[0.938487,51.624986],[0.94809,51.621527],[0.951834,51.617011],[0.92449,51.588324],[0.873302,51.559475],[0.828298,51.541856],[0.816254,51.537177],[0.771251,51.528266],[0.692068,51.536322],[0.664399,51.535061],[0.663748,51.535549],[0.650564,51.535793],[0.646658,51.535346],[0.644054,51.535061],[0.642751,51.533515],[0.623383,51.52204],[0.608653,51.518988],[0.595225,51.518622],[0.582286,51.516547],[0.568858,51.508368],[0.552745,51.517971],[0.547211,51.517727],[0.525401,51.516913],[0.456065,51.505561],[0.450857,51.498277],[0.448009,51.488227],[0.441661,51.477037],[0.428477,51.467108],[0.414073,51.4619],[0.399181,51.458401],[0.384532,51.453111],[0.448416,51.459947],[0.456798,51.463121],[0.461436,51.47016],[0.464854,51.47724],[0.469574,51.480414],[0.534841,51.491685],[0.694835,51.477037],[0.709483,51.470526],[0.721934,51.456285],[0.723155,51.446723],[0.713145,51.44123],[0.692393,51.439521],[0.656505,51.444525],[0.640961,51.444159],[0.609386,51.425116],[0.572765,51.419582],[0.554535,51.412177],[0.562266,51.406562],[0.569102,51.399604],[0.576508,51.393622],[0.585948,51.391059],[0.671886,51.391059],[0.712901,51.384223],[0.704926,51.395982],[0.700369,51.409817],[0.705333,51.419501],[0.72641,51.419013],[0.728363,51.406236],[0.739268,51.387926],[0.753429,51.371527],[0.764415,51.364407],[0.977224,51.349189],[1.100922,51.373236],[1.423839,51.392076],[1.448253,51.38288],[1.439138,51.350084],[1.435557,51.343736],[1.430837,51.337795],[1.425141,51.332953],[1.41863,51.329657],[1.382986,51.329779],[1.377615,51.326239],[1.380626,51.304755],[1.387869,51.287909],[1.404307,51.261379],[1.413097,51.221747],[1.404796,51.183539],[1.384451,51.151679],[1.357188,51.131008],[1.290375,51.116523],[1.26295,51.103258],[1.251638,51.102525],[1.229991,51.103705],[1.21811,51.100979],[1.208263,51.094672],[1.199718,51.087592],[1.192068,51.082587],[1.172211,51.077379],[1.1067,51.076361],[1.087169,51.072984],[1.066905,51.064399],[1.027599,51.041653],[0.97641,50.994452],[0.966482,50.982733],[0.969086,50.956855],[0.979828,50.918158],[0.94516,50.909369],[0.869802,50.925116],[0.802257,50.939195],[0.762462,50.930894],[0.664399,50.870307],[0.624197,50.85871],[0.407481,50.829332],[0.370291,50.818793],[0.365245,50.818996],[0.354259,50.809638],[0.344412,50.799058],[0.342296,50.795152],[0.308116,50.780951],[0.271007,50.747382],[0.233897,50.747016],[0.214122,50.748928],[0.168305,50.759833],[0.1574,50.761054],[0.122081,50.76081],[0.113048,50.764146],[0.095551,50.775051],[0.077037,50.778998],[0.034516,50.780951],[0.017548,50.784857],[-0.173166,50.829006],[-0.206125,50.831041],[-0.208892,50.830105],[-0.233144,50.821926],[-0.269683,50.831285],[-0.397572,50.802069],[-0.568959,50.802069],[-0.732737,50.767279],[-0.741567,50.769232],[-0.749867,50.773871],[-0.758209,50.777086],[-0.767568,50.774726],[-0.773101,50.766018],[-0.766265,50.747138],[-0.770985,50.736884],[-0.789947,50.730048],[-0.812815,50.734768],[-0.904124,50.771877],[-0.911488,50.777818],[-0.905873,50.788031],[-0.892486,50.794623],[-0.863637,50.802069],[-0.863637,50.808254],[-0.873606,50.812934],[-0.893137,50.825344],[-0.904693,50.829332],[-0.909535,50.825995],[-0.921702,50.821601],[-0.928944,50.822821],[-0.919016,50.836168],[-0.929799,50.839993],[-0.939198,50.843248],[-0.970774,50.846991],[-0.994862,50.847073],[-1.001861,50.847113],[-1.020741,50.843655],[-1.033559,50.825914],[-1.042633,50.801907],[-1.056223,50.783026],[-1.082753,50.780951],[-1.103017,50.795478],[-1.093617,50.812934],[-1.075307,50.830024],[-1.069163,50.843655],[-1.08731,50.849799],[-1.088124,50.849758],[-1.14981,50.846666],[-1.164703,50.843655],[-1.129709,50.8251],[-1.123769,50.818793],[-1.121205,50.799384],[-1.124908,50.788723],[-1.138051,50.780951],[-1.151112,50.781399],[-1.169342,50.785875],[-1.185618,50.792426],[-1.192616,50.798651],[-1.19929,50.807929],[-1.231516,50.818915],[-1.255198,50.831936],[-1.288157,50.839179],[-1.301422,50.843655],[-1.318593,50.85692],[-1.338938,50.872707],[-1.44929,50.912055],[-1.46642,50.918158],[-1.46642,50.911933],[-1.456451,50.908759],[-1.437978,50.901313],[-1.425608,50.900092],[-1.401112,50.881171],[-1.323069,50.825751],[-1.31428,50.812161],[-1.317291,50.800238],[-1.339833,50.795152],[-1.403961,50.791571],[-1.418691,50.788398],[-1.411366,50.784898],[-1.404937,50.780951],[-1.404937,50.774726],[-1.45051,50.769355],[-1.476226,50.763414],[-1.487538,50.757717],[-1.491933,50.75727],[-1.524729,50.761054],[-1.5572,50.723293],[-1.559397,50.719224],[-1.561187,50.71898],[-1.580719,50.722642],[-1.602122,50.731757],[-1.670644,50.740058],[-1.672922,50.740058],[-1.693023,50.739936],[-1.715077,50.735785],[-1.753529,50.722846],[-1.771718,50.72012],[-1.797434,50.723171],[-1.835072,50.727688],[-1.857411,50.726955],[-1.877349,50.722846],[-1.896352,50.716295],[-1.896881,50.716051],[-1.913889,50.707424],[-1.929107,50.695868],[-1.940012,50.690823],[-1.944325,50.697659],[-1.946116,50.707913],[-1.94929,50.713324],[-1.987701,50.72012],[-2.013905,50.71894],[-2.021962,50.72012],[-2.025461,50.723863],[-2.026194,50.725084],[-2.033844,50.737128],[-2.038971,50.739936],[-2.048085,50.734809],[-2.082672,50.698961],[-2.069569,50.7001],[-2.057729,50.702826],[-2.04662,50.707261],[-2.035634,50.713324],[-2.01415,50.688788],[-2.002512,50.681301],[-1.98412,50.678534],[-1.967437,50.678656],[-1.952789,50.676581],[-1.945872,50.66885],[-1.952952,50.651842],[-1.938222,50.645819],[-1.932485,50.644436],[-1.967275,50.617092],[-1.965199,50.6022],[-1.983713,50.596625],[-2.065175,50.595526],[-2.082183,50.597846],[-2.157338,50.62051],[-2.342641,50.633775],[-2.377065,50.647528],[-2.398346,50.645575],[-2.435902,50.637519],[-2.447621,50.627875],[-2.460072,50.606513],[-2.465647,50.58515],[-2.456451,50.575507],[-2.431223,50.570258],[-2.4287,50.557563],[-2.43928,50.541815],[-2.453359,50.527655],[-2.459543,50.527655],[-2.460357,50.565497],[-2.48351,50.590399],[-2.692942,50.692816],[-2.864817,50.733791],[-2.887318,50.734361],[-2.945546,50.725816],[-2.962758,50.723293],[-2.998199,50.708238],[-3.02184,50.706488],[-3.059722,50.713324],[-3.07136,50.711005],[-3.094146,50.698961],[-3.099233,50.697089],[-3.115834,50.687974],[-3.125478,50.685289],[-3.135894,50.68594],[-3.155141,50.691352],[-3.166493,50.692816],[-3.185618,50.690741],[-3.219146,50.680813],[-3.259836,50.674547],[-3.271392,50.664496],[-3.280426,50.65119],[-3.295562,50.637519],[-3.368153,50.617092],[-3.390736,50.617825],[-3.407541,50.621283],[-3.420969,50.629462],[-3.433339,50.644436],[-3.44636,50.66828],[-3.450429,50.672309],[-3.453277,50.673285],[-3.455434,50.675442],[-3.458608,50.677558],[-3.464426,50.678534],[-3.467763,50.676418],[-3.468902,50.671698],[-3.467844,50.666978],[-3.455312,50.657904],[-3.442047,50.623521],[-3.433339,50.610256],[-3.451161,50.599433],[-3.467275,50.585598],[-3.48176,50.568549],[-3.494862,50.548163],[-3.505971,50.520819],[-3.505035,50.501207],[-3.487457,50.459418],[-3.509755,50.458482],[-3.532135,50.454779],[-3.549428,50.446519],[-3.556264,50.432115],[-3.549306,50.415595],[-3.531972,50.410224],[-3.487457,50.411566],[-3.487457,50.404771],[-3.497467,50.387356],[-3.49828,50.383694],[-3.507314,50.382799],[-3.514963,50.37995],[-3.520131,50.374823],[-3.526926,50.349799],[-3.538889,50.344428],[-3.554514,50.347642],[-3.570546,50.356391],[-3.577789,50.334052],[-3.59911,50.325832],[-3.621571,50.321926],[-3.631988,50.312323],[-3.637359,50.295396],[-3.647572,50.274563],[-3.65331,50.251044],[-3.645619,50.22602],[-3.660634,50.221015],[-3.700917,50.213528],[-3.718007,50.212388],[-3.740387,50.215888],[-3.758616,50.221747],[-3.774241,50.222968],[-3.788971,50.212388],[-3.826324,50.234198],[-3.884185,50.280463],[-3.949941,50.318996],[-3.961008,50.322252],[-3.970204,50.320746],[-3.995758,50.311428],[-4.005605,50.309231],[-4.011342,50.306952],[-4.02477,50.297187],[-4.032948,50.294908],[-4.044057,50.296454],[-4.054351,50.30036],[-4.070221,50.309231],[-4.067942,50.312812],[-4.064036,50.322252],[-4.086008,50.326239],[-4.108266,50.336615],[-4.118723,50.351874],[-4.10497,50.370673],[-4.141754,50.369045],[-4.15274,50.370673],[-4.165517,50.37637],[-4.171457,50.382799],[-4.175771,50.390855],[-4.183827,50.401068],[-4.191477,50.417629],[-4.183909,50.431708],[-4.170318,50.445136],[-4.159535,50.459418],[-4.179433,50.45307],[-4.189565,50.453681],[-4.200551,50.459418],[-4.203684,50.451402],[-4.204742,50.448676],[-4.212392,50.441474],[-4.222524,50.437974],[-4.234731,50.4383],[-4.234731,50.432115],[-4.220204,50.425849],[-4.216135,50.415717],[-4.219716,50.405097],[-4.228505,50.397366],[-4.241444,50.39468],[-4.289906,50.397366],[-4.27302,50.381903],[-4.216176,50.387763],[-4.193756,50.376899],[-4.228505,50.370673],[-4.228505,50.363837],[-4.220123,50.365302],[-4.200551,50.363837],[-4.207997,50.356391],[-4.180043,50.356391],[-4.180043,50.350165],[-4.191314,50.347561],[-4.197987,50.342231],[-4.199127,50.335395],[-4.193756,50.328437],[-4.193756,50.322252],[-4.214996,50.323147],[-4.225697,50.335395],[-4.235097,50.349555],[-4.252349,50.356391],[-4.337717,50.370673],[-4.383697,50.367499],[-4.456207,50.338202],[-4.495351,50.328437],[-4.65982,50.322252],[-4.659576,50.320624],[-4.662709,50.317776],[-4.667795,50.315334],[-4.673451,50.315416],[-4.687164,50.342719],[-4.694325,50.343451],[-4.700185,50.340888],[-4.705556,50.337551],[-4.711334,50.335883],[-4.731557,50.334662],[-4.752105,50.330308],[-4.763295,50.322089],[-4.755442,50.309231],[-4.755442,50.301744],[-4.762359,50.298041],[-4.771637,50.291571],[-4.779856,50.284329],[-4.783355,50.277899],[-4.78189,50.271796],[-4.776519,50.265082],[-4.776519,50.26081],[-4.788442,50.242092],[-4.790151,50.236558],[-4.80016,50.22956],[-4.849721,50.234565],[-4.868723,50.229438],[-4.887318,50.214993],[-4.904775,50.208441],[-4.947255,50.199368],[-4.960683,50.190497],[-5.002431,50.14411],[-5.014556,50.156562],[-5.020375,50.191962],[-5.033193,50.199368],[-5.052968,50.195787],[-5.053619,50.186916],[-5.051869,50.175523],[-5.064565,50.164618],[-5.064565,50.158393],[-5.058502,50.155463],[-5.043446,50.14411],[-5.051869,50.144599],[-5.058461,50.142727],[-5.07079,50.137274],[-5.080312,50.132717],[-5.081614,50.125393],[-5.080963,50.117174],[-5.085032,50.109931],[-5.093902,50.105536],[-5.125966,50.09634],[-5.114654,50.096625],[-5.106068,50.09512],[-5.091868,50.089504],[-5.086903,50.089057],[-5.075347,50.090481],[-5.07079,50.089504],[-5.068471,50.08515],[-5.064931,50.071845],[-5.060862,50.069037],[-5.056508,50.060614],[-5.069488,50.042182],[-5.098053,50.01439],[-5.107289,50.013007],[-5.127431,50.015448],[-5.139638,50.01439],[-5.146474,50.010565],[-5.176137,49.987942],[-5.187734,49.964504],[-5.191151,49.959133],[-5.200103,49.961371],[-5.210357,49.966742],[-5.240387,49.988349],[-5.245229,49.993109],[-5.249501,50.000067],[-5.253041,50.012641],[-5.252268,50.020697],[-5.252675,50.027777],[-5.259755,50.037665],[-5.288401,50.067694],[-5.304351,50.080268],[-5.323964,50.089504],[-5.384185,50.107978],[-5.424713,50.112738],[-5.458119,50.125881],[-5.474843,50.130439],[-5.495676,50.129625],[-5.52184,50.123725],[-5.540924,50.113471],[-5.540639,50.099758],[-5.534657,50.082343],[-5.545562,50.068915],[-5.563466,50.059638],[-5.57844,50.054755],[-5.619456,50.04621],[-5.667388,50.042873],[-5.705149,50.052314],[-5.715647,50.082709],[-5.705963,50.083482],[-5.698801,50.085395],[-5.694488,50.089504],[-5.694407,50.095771],[-5.697092,50.100531],[-5.700307,50.103217],[-5.701975,50.103176],[-5.707387,50.122016],[-5.709218,50.132636],[-5.705393,50.137274],[-5.703521,50.140611],[-5.684641,50.161526],[-5.676747,50.165025],[-5.647369,50.172065],[-5.583608,50.195868],[-5.549428,50.203518],[-5.510976,50.219468],[-5.489125,50.219794],[-5.458119,50.200751],[-5.437978,50.194322],[-5.417388,50.20246],[-5.402943,50.217353],[-5.395863,50.22724],[-5.392893,50.236558],[-5.387563,50.240302],[-5.351918,50.240302],[-5.314849,50.253607],[-5.200307,50.330756],[-5.163564,50.347235],[-5.149892,50.350165],[-5.146474,50.355292],[-5.14566,50.366889],[-5.147043,50.379381],[-5.153676,50.399482],[-5.142405,50.404486],[-5.127268,50.405219],[-5.11974,50.404771],[-5.050282,50.428697],[-5.048166,50.434394],[-5.038726,50.447903],[-5.029775,50.486762],[-5.028635,50.507025],[-5.025258,50.524237],[-5.015614,50.538031],[-4.995595,50.548163],[-4.975168,50.548163],[-4.967844,50.551581],[-4.954823,50.561225],[-4.947255,50.562445],[-4.941477,50.556952],[-4.937123,50.545315],[-4.934438,50.531643],[-4.933583,50.52025],[-4.926869,50.522895],[-4.924306,50.524482],[-4.920522,50.527655],[-4.902415,50.520575],[-4.860951,50.519192],[-4.844838,50.514065],[-4.855824,50.527411],[-4.87328,50.534084],[-4.906239,50.541978],[-4.921864,50.554877],[-4.920237,50.564154],[-4.915191,50.572496],[-4.920522,50.582953],[-4.920522,50.589179],[-4.89566,50.585924],[-4.821197,50.589179],[-4.79247,50.595201],[-4.776601,50.609849],[-4.765045,50.627997],[-4.749257,50.644436],[-4.755442,50.659369],[-4.751943,50.670071],[-4.741933,50.674872],[-4.728139,50.672309],[-4.657297,50.711127],[-4.645579,50.723538],[-4.637807,50.741156],[-4.619008,50.754788],[-4.57726,50.774726],[-4.55012,50.809556],[-4.554921,50.897773],[-4.543772,50.939195],[-4.536855,50.947577],[-4.522694,50.972724],[-4.526682,50.980373],[-4.530426,50.994696],[-4.531321,51.008694],[-4.526438,51.01496],[-4.437327,51.01496],[-4.426422,51.012681],[-4.405751,51.002875],[-4.395741,51.000678],[-4.337717,50.996649],[-4.317291,51.000678],[-4.302317,51.007514],[-4.234731,51.055325],[-4.229156,51.061103],[-4.22468,51.067084],[-4.218495,51.072455],[-4.207997,51.076361],[-4.214263,51.086005],[-4.226308,51.113227],[-4.228505,51.120429],[-4.231923,51.126695],[-4.249013,51.14289],[-4.255767,51.151516],[-4.22232,51.149726],[-4.214833,51.151516],[-4.208363,51.162299],[-4.209828,51.172838],[-4.217275,51.181383],[-4.228505,51.186225],[-4.228505,51.19245],[-4.152333,51.211615],[-3.969472,51.222398],[-3.931996,51.23135],[-3.913197,51.233385],[-3.840891,51.233385],[-3.818959,51.23607],[-3.787099,51.246772],[-3.769154,51.247707],[-3.63976,51.226386],[-3.559316,51.228095],[-3.434193,51.209784],[-3.404368,51.192043],[-3.384999,51.186225],[-3.270741,51.189399],[-3.198883,51.203559],[-3.16275,51.206732],[-3.09675,51.204535],[-3.057525,51.208157],[-3.029286,51.220404],[-3.02184,51.213568],[-3.035553,51.199286],[-3.02184,51.19245],[-3.004791,51.213121],[-3.001332,51.220404],[-2.999582,51.233222],[-3.001536,51.239691],[-3.004994,51.245063],[-3.008168,51.254543],[-3.007639,51.291978],[-3.01061,51.310981],[-3.02184,51.322821],[-3.002431,51.319078],[-2.992177,51.321926],[-2.992096,51.322048],[-2.988393,51.331122],[-2.987782,51.346666],[-2.979888,51.355862],[-2.965972,51.364936],[-2.959584,51.374254],[-2.97468,51.384223],[-2.952952,51.398505],[-2.92101,51.394436],[-2.884185,51.416978],[-2.816396,51.473619],[-2.798573,51.482611],[-2.780873,51.489081],[-2.76122,51.492865],[-2.73762,51.494086],[-2.71642,51.499579],[-2.696156,51.512641],[-2.607818,51.607367],[-2.599599,51.611396],[-2.589223,51.614244],[-2.580434,51.618638],[-2.576812,51.627509],[-2.574452,51.635728],[-2.568959,51.644965],[-2.562245,51.653388],[-2.556386,51.659247],[-2.499176,51.696763],[-2.464996,51.725898],[-2.447743,51.731879],[-2.404897,51.741156],[-2.388539,51.750434],[-2.380767,51.761908],[-2.383372,51.773261],[-2.398061,51.782131],[-2.402415,51.763577],[-2.4204,51.753119],[-2.44343,51.74844],[-2.463287,51.747301],[-2.482086,51.742865],[-2.495839,51.732001],[-2.507965,51.718573],[-2.522125,51.706366],[-2.581695,51.681708],[-2.591135,51.67536],[-2.600209,51.665595],[-2.665354,51.617255],[-2.693756,51.596177],[-2.713124,51.586615],[-2.760487,51.579779],[-2.798085,51.563503],[-2.816396,51.555569],[-2.858713,51.546129],[-2.943349,51.542548],[-2.956288,51.545722],[-2.964101,51.552802],[-2.969472,51.559882],[-2.97468,51.562974],[-2.984039,51.558539],[-3.010243,51.538031],[-3.015696,51.531643],[-3.07372,51.508368],[-3.076487,51.507758],[-3.088938,51.505072],[-3.105621,51.497219],[-3.131703,51.480414],[-3.135081,51.476304],[-3.14094,51.464789],[-3.145375,51.459947],[-3.152415,51.45718],[-3.166656,51.456],[-3.172393,51.453274],[-3.172719,51.453111],[-3.160064,51.43183],[-3.167144,51.410468],[-3.184804,51.39761],[-3.20401,51.401597],[-3.218861,51.402777],[-3.289418,51.384223],[-3.539174,51.398505],[-3.557444,51.405097],[-3.575307,51.420437],[-3.604726,51.445705],[-3.663197,51.476223],[-3.676991,51.477037],[-3.695424,51.471503],[-3.717926,51.478583],[-3.73762,51.490871],[-3.748036,51.500922],[-3.74942,51.505357],[-3.74767,51.507025],[-3.744537,51.507636],[-3.741851,51.508368],[-3.749338,51.528062],[-3.751902,51.533067],[-3.758941,51.54678],[-3.770131,51.5633],[-3.782216,51.576646],[-3.790273,51.581977],[-3.807729,51.589179],[-3.816965,51.596503],[-3.832672,51.615546],[-3.841624,51.621527],[-3.854888,51.623847],[-3.88679,51.621405],[-3.962392,51.615627],[-3.976633,51.611884],[-3.98998,51.606513],[-3.998769,51.600287],[-3.999908,51.590888],[-3.992258,51.581122],[-3.981801,51.571601],[-3.974599,51.562974],[-4.016184,51.562974],[-4.016103,51.56037],[-4.020823,51.555854],[-4.026519,51.554023],[-4.029205,51.559272],[-4.031972,51.563137],[-4.038564,51.56623],[-4.046457,51.568427],[-4.053131,51.569241],[-4.056304,51.567043],[-4.065582,51.557563],[-4.070221,51.555569],[-4.076812,51.556952],[-4.08727,51.561916],[-4.112131,51.565619],[-4.121653,51.565985],[-4.132192,51.562974],[-4.14273,51.556952],[-4.156809,51.546291],[-4.166412,51.542548],[-4.176503,51.544257],[-4.187734,51.548774],[-4.196767,51.549384],[-4.200551,51.538764],[-4.213368,51.53913],[-4.27245,51.554755],[-4.289906,51.555569],[-4.293324,51.559149],[-4.295155,51.561957],[-4.297353,51.569241],[-4.27831,51.578192],[-4.280832,51.588813],[-4.289703,51.601549],[-4.289906,51.617011],[-4.255767,51.623847],[-4.252024,51.627102],[-4.241282,51.63935],[-4.234731,51.644965],[-4.228505,51.637437],[-4.234731,51.637437],[-4.234731,51.631293],[-4.227854,51.628119],[-4.221018,51.623847],[-4.190094,51.630276],[-4.139027,51.63231],[-4.091298,51.639879],[-4.070221,51.662299],[-4.069814,51.668931],[-4.070383,51.674302],[-4.070546,51.675971],[-4.075429,51.677802],[-4.08727,51.66885],[-4.095448,51.665107],[-4.106842,51.664252],[-4.146352,51.66706],[-4.200551,51.685858],[-4.214955,51.679674],[-4.293691,51.672268],[-4.315297,51.677476],[-4.342356,51.690863],[-4.366444,51.708482],[-4.379262,51.726874],[-4.338043,51.723334],[-4.319976,51.72484],[-4.310455,51.73371],[-4.328725,51.732978],[-4.347157,51.735785],[-4.362538,51.742865],[-4.371816,51.754788],[-4.368764,51.756985],[-4.362904,51.763861],[-4.358022,51.773139],[-4.358225,51.782131],[-4.365102,51.789049],[-4.37149,51.785956],[-4.379262,51.775295],[-4.384918,51.771877],[-4.392974,51.763739],[-4.399159,51.761623],[-4.409332,51.76317],[-4.417877,51.76789],[-4.426503,51.775295],[-4.44579,51.773261],[-4.44933,51.766303],[-4.441396,51.756781],[-4.426503,51.747301],[-4.460764,51.735785],[-4.498891,51.734849],[-4.574208,51.741156],[-4.603424,51.739244],[-4.639231,51.733181],[-4.645375,51.732123],[-4.678212,51.717434],[-4.680287,51.692694],[-4.689443,51.691596],[-4.69164,51.689887],[-4.69164,51.685981],[-4.693959,51.678412],[-4.71231,51.650092],[-4.721425,51.652045],[-4.734934,51.659247],[-4.741851,51.656073],[-4.759185,51.644965],[-4.848297,51.646308],[-4.863515,51.64411],[-4.878977,51.637437],[-4.887807,51.62995],[-4.895741,51.62108],[-4.904775,51.613837],[-4.923695,51.608629],[-4.931996,51.599026],[-4.941029,51.596503],[-4.946034,51.597602],[-4.956451,51.602769],[-5.021596,51.616034],[-5.045766,51.626899],[-5.03661,51.637437],[-5.051178,51.656928],[-5.100494,51.6647],[-5.11974,51.678412],[-5.113433,51.685289],[-5.03661,51.678412],[-5.038726,51.68183],[-5.041331,51.689399],[-5.043446,51.692694],[-5.028676,51.692939],[-5.002553,51.687405],[-4.988189,51.685858],[-4.974599,51.687934],[-4.941029,51.700141],[-4.892649,51.706366],[-4.868276,51.716783],[-4.858062,51.718329],[-4.844838,51.713813],[-4.844838,51.720038],[-4.873402,51.737738],[-4.879018,51.76203],[-4.862538,51.782375],[-4.82433,51.788275],[-4.82433,51.795722],[-4.836008,51.790717],[-4.86498,51.783271],[-4.921295,51.780015],[-4.933583,51.775295],[-4.917226,51.775336],[-4.905181,51.771186],[-4.900543,51.762112],[-4.906239,51.747301],[-4.892079,51.739407],[-4.89566,51.728176],[-4.910553,51.718207],[-4.988189,51.706855],[-5.009918,51.706366],[-5.149241,51.718085],[-5.1669,51.713813],[-5.156972,51.697577],[-5.168609,51.68891],[-5.182851,51.689276],[-5.180653,51.700141],[-5.180653,51.706366],[-5.230133,51.730048],[-5.249501,51.73371],[-5.228139,51.733954],[-5.213938,51.735745],[-5.20287,51.74079],[-5.191151,51.751044],[-5.176829,51.75967],[-5.143219,51.763861],[-5.125966,51.7685],[-5.11026,51.77851],[-5.107086,51.788072],[-5.112294,51.813178],[-5.113393,51.828803],[-5.117502,51.843695],[-5.125885,51.856024],[-5.139638,51.864],[-5.146474,51.857164],[-5.164377,51.866767],[-5.203765,51.870185],[-5.221588,51.877672],[-5.235829,51.871039],[-5.291412,51.864],[-5.310943,51.864],[-5.30427,51.867621],[-5.297353,51.870185],[-5.297353,51.877672],[-5.300689,51.882025],[-5.302561,51.88524],[-5.30016,51.888332],[-5.290517,51.891995],[-5.290517,51.898139],[-5.298329,51.910956],[-5.28893,51.916938],[-5.252838,51.918647],[-5.234202,51.923041],[-5.204172,51.942288],[-5.191151,51.946601],[-5.16039,51.949449],[-5.119537,51.95893],[-5.088043,51.97602],[-5.085032,52.001858],[-5.07079,52.001858],[-5.07079,52.008043],[-5.082753,52.014472],[-5.081207,52.021186],[-5.070221,52.026353],[-5.0537,52.02851],[-5.026601,52.027411],[-5.015045,52.025336],[-4.961741,52.007514],[-4.942535,52.007473],[-4.913686,52.014838],[-4.920522,52.02851],[-4.901601,52.026435],[-4.863189,52.016995],[-4.84142,52.014838],[-4.832265,52.018988],[-4.833852,52.028754],[-4.838287,52.040107],[-4.838002,52.049018],[-4.830393,52.052924],[-4.796986,52.056464],[-4.777577,52.064887],[-4.763173,52.075873],[-4.738678,52.100816],[-4.720286,52.113349],[-4.706532,52.113471],[-4.673451,52.097398],[-4.675689,52.126939],[-4.637522,52.138495],[-4.513824,52.135688],[-4.502268,52.138373],[-4.495758,52.1435],[-4.490956,52.150377],[-4.484283,52.156317],[-4.454701,52.162055],[-4.434804,52.170356],[-4.415395,52.181545],[-4.385569,52.203437],[-4.371246,52.209296],[-4.354726,52.212104],[-4.33434,52.212836],[-4.315826,52.216295],[-4.197133,52.279283],[-4.139068,52.330227],[-4.109609,52.365302],[-4.096262,52.387885],[-4.087392,52.430121],[-4.078969,52.45303],[-4.067942,52.473619],[-4.056549,52.48786],[-4.061838,52.497056],[-4.064036,52.509182],[-4.062571,52.520982],[-4.056549,52.529446],[-4.048492,52.530463],[-4.026601,52.523383],[-4.016184,52.521959],[-3.998769,52.525946],[-3.947336,52.549262],[-3.947336,52.556708],[-3.974477,52.556545],[-4.025868,52.545356],[-4.053131,52.542426],[-4.068471,52.550116],[-4.114125,52.588609],[-4.125478,52.603909],[-4.122222,52.62873],[-4.105946,52.65351],[-4.084828,52.672675],[-4.067128,52.680243],[-4.063547,52.683092],[-4.058827,52.696601],[-4.056549,52.70067],[-4.052724,52.702216],[-4.041982,52.704657],[-4.001088,52.724107],[-3.988271,52.73428],[-4.014719,52.732327],[-4.031972,52.723944],[-4.048818,52.721584],[-4.125152,52.778306],[-4.144358,52.802802],[-4.149037,52.812079],[-4.14623,52.820217],[-4.128896,52.823635],[-4.11734,52.830756],[-4.119781,52.846259],[-4.127756,52.861721],[-4.132192,52.868313],[-4.131988,52.882473],[-4.129872,52.889228],[-4.123606,52.893256],[-4.064036,52.919176],[-4.071401,52.921088],[-4.074574,52.922797],[-4.077626,52.926663],[-4.089101,52.91885],[-4.100494,52.91413],[-4.110585,52.915676],[-4.11856,52.926663],[-4.144399,52.914781],[-4.17162,52.913479],[-4.228505,52.919176],[-4.300689,52.905585],[-4.317291,52.899359],[-4.33731,52.892035],[-4.406606,52.892524],[-4.427235,52.885972],[-4.446197,52.875922],[-4.481679,52.850898],[-4.477935,52.848334],[-4.475494,52.844143],[-4.491363,52.838202],[-4.500966,52.826809],[-4.501332,52.81391],[-4.489125,52.803168],[-4.501943,52.794989],[-4.509185,52.791449],[-4.516469,52.789496],[-4.528554,52.790473],[-4.54247,52.800686],[-4.563954,52.805243],[-4.583079,52.814643],[-4.594635,52.816799],[-4.606516,52.81509],[-4.613515,52.811103],[-4.619211,52.806545],[-4.626332,52.803168],[-4.64859,52.799628],[-4.704498,52.803168],[-4.719309,52.797512],[-4.733225,52.787502],[-4.747426,52.783433],[-4.762847,52.789496],[-4.752512,52.798774],[-4.751454,52.803209],[-4.755442,52.809312],[-4.749257,52.814276],[-4.734934,52.830471],[-4.596059,52.928412],[-4.580963,52.933498],[-4.562082,52.934516],[-4.543528,52.937934],[-4.523997,52.944241],[-4.44343,52.982164],[-4.423695,53.002631],[-4.358225,53.028469],[-4.349965,53.04149],[-4.345693,53.059475],[-4.343861,53.10106],[-4.340891,53.112738],[-4.33434,53.116767],[-4.327626,53.114691],[-4.324696,53.107896],[-4.320668,53.101508],[-4.312245,53.109442],[-4.304758,53.120998],[-4.303619,53.125312],[-4.263539,53.154527],[-4.252349,53.15941],[-4.234527,53.164008],[-4.221303,53.175035],[-4.200551,53.200995],[-4.177968,53.217597],[-4.151519,53.228095],[-4.122222,53.233466],[-4.090688,53.235175],[-4.082346,53.233547],[-4.07433,53.230658],[-4.066884,53.229071],[-4.054107,53.234361],[-4.032297,53.240709],[-4.008901,53.244452],[-3.974599,53.261786],[-3.865305,53.28913],[-3.831288,53.28913],[-3.84142,53.30744],[-3.870758,53.325629],[-3.878407,53.337592],[-3.859975,53.33633],[-3.840566,53.332831],[-3.822987,53.326565],[-3.810129,53.317084],[-3.790517,53.323432],[-3.76887,53.319159],[-3.748199,53.307807],[-3.731923,53.292873],[-3.716298,53.286933],[-3.602203,53.288886],[-3.562327,53.29442],[-3.37206,53.350898],[-3.330312,53.351793],[-3.292388,53.340522],[-3.271311,53.330552],[-3.262074,53.320502],[-3.250803,53.312567],[-3.122222,53.262274],[-3.107533,53.251899],[-3.095123,53.239325],[-3.087758,53.234687],[-3.084543,53.238593],[-3.084543,53.258572],[-3.084543,53.275458],[-3.095937,53.287136],[-3.111195,53.302802],[-3.135406,53.333808],[-3.171539,53.36225],[-3.185211,53.377265],[-3.18635,53.392768],[-3.175526,53.402737],[-3.157297,53.408759],[-3.114654,53.412665],[-3.094228,53.417385],[-3.058258,53.43476],[-3.035553,53.433743],[-3.012196,53.416693],[-2.952952,53.32392],[-2.935129,53.309475],[-2.910553,53.296332],[-2.8815,53.288398],[-2.850575,53.28913],[-2.849599,53.291205],[-2.848378,53.295559],[-2.84496,53.300116],[-2.837554,53.302802],[-2.828603,53.302436],[-2.813385,53.297756],[-2.806142,53.296576],[-2.789784,53.297431],[-2.775502,53.299872],[-2.748118,53.309638],[-2.753651,53.322455],[-2.750885,53.33161],[-2.743153,53.338528],[-2.734486,53.344428],[-2.726145,53.341986],[-2.717437,53.342719],[-2.708608,53.346137],[-2.699778,53.351793],[-2.714101,53.352362],[-2.764394,53.34516],[-2.77538,53.34101],[-2.782379,53.326361],[-2.799794,53.321031],[-2.810333,53.321723],[-2.843658,53.32392],[-2.886464,53.333564],[-2.924957,53.350002],[-2.956939,53.370551],[-2.980824,53.392768],[-3.096588,53.544338],[-3.101918,53.558051],[-3.099477,53.572008],[-3.087636,53.587714],[-3.02184,53.652818],[-2.968658,53.694037],[-2.960357,53.697577],[-2.951731,53.708075],[-2.911448,53.725043],[-2.899037,53.735419],[-2.984853,53.73607],[-3.021474,53.745795],[-3.049184,53.769517],[-3.056386,53.803046],[-3.044911,53.878485],[-3.05663,53.906155],[-3.040679,53.923529],[-3.017568,53.931952],[-2.925689,53.952704],[-2.90925,53.953843],[-2.896108,53.94774],[-2.888539,53.946031],[-2.885365,53.950507],[-2.881988,53.956529],[-2.874176,53.961656],[-2.865142,53.965481],[-2.857981,53.967597],[-2.869252,53.978827],[-2.834462,53.999823],[-2.830068,54.016018],[-2.847524,54.008368],[-2.864858,54.004299],[-2.895497,54.002346],[-2.900299,54.00495],[-2.916086,54.026557],[-2.918202,54.034329],[-2.911285,54.039984],[-2.900787,54.044908],[-2.892079,54.050116],[-2.87267,54.071601],[-2.858876,54.081],[-2.826772,54.088813],[-2.815175,54.098782],[-2.795969,54.12519],[-2.812815,54.139879],[-2.836415,54.167589],[-2.850942,54.184638],[-2.854237,54.194078],[-2.832875,54.199042],[-2.810292,54.2119],[-2.795237,54.229478],[-2.795969,54.248725],[-2.802805,54.248725],[-2.80663,54.23371],[-2.820872,54.221747],[-2.850575,54.20775],[-2.886383,54.196275],[-2.904652,54.187649],[-2.912668,54.176988],[-2.9204,54.162055],[-2.939198,54.155097],[-2.984202,54.153144],[-2.997711,54.159573],[-3.011342,54.17414],[-3.017323,54.19009],[-3.008168,54.200344],[-3.01537,54.2119],[-3.024485,54.221584],[-3.035756,54.225979],[-3.049184,54.222073],[-3.044667,54.208319],[-3.047841,54.194322],[-3.053538,54.181301],[-3.05663,54.170233],[-3.061025,54.161933],[-3.090728,54.139472],[-3.107655,54.118557],[-3.117909,54.108832],[-3.145253,54.100043],[-3.14745,54.08869],[-3.144399,54.075141],[-3.145375,54.063788],[-3.180531,54.092841],[-3.189768,54.097886],[-3.205719,54.098538],[-3.219553,54.100775],[-3.231109,54.105129],[-3.240956,54.112128],[-3.238108,54.12759],[-3.232533,54.14468],[-3.233144,54.159166],[-3.248402,54.166815],[-3.248402,54.173651],[-3.215199,54.179836],[-3.206776,54.20893],[-3.209055,54.242743],[-3.207387,54.263007],[-3.223134,54.257636],[-3.231353,54.247219],[-3.240956,54.222073],[-3.232167,54.202541],[-3.247141,54.197943],[-3.270131,54.199123],[-3.286,54.197211],[-3.306793,54.191881],[-3.328521,54.204739],[-3.364491,54.242499],[-3.394195,54.26439],[-3.407379,54.277737],[-3.412913,54.293769],[-3.41039,54.301459],[-3.405995,54.309638],[-3.404124,54.318549],[-3.411448,54.33275],[-3.413442,54.342963],[-3.416331,54.344916],[-3.440175,54.351752],[-3.474273,54.3935],[-3.497711,54.405829],[-3.591868,54.4831],[-3.608144,54.488267],[-3.613189,54.491645],[-3.623687,54.50609],[-3.634185,54.512885],[-3.62682,54.520413],[-3.6162,54.527574],[-3.611562,54.529934],[-3.590321,54.564643],[-3.563832,54.642768],[-3.530141,54.688056],[-3.516021,54.712877],[-3.509185,54.721666],[-3.500722,54.725979],[-3.478871,54.730902],[-3.468129,54.735297],[-3.455434,54.745022],[-3.439565,54.761461],[-3.430979,54.780463],[-3.440175,54.797431],[-3.407541,54.856024],[-3.387929,54.883368],[-3.364491,54.899807],[-3.34496,54.902533],[-3.333363,54.897284],[-3.322743,54.889879],[-3.306467,54.886176],[-3.295725,54.886908],[-3.254628,54.899807],[-3.267323,54.905504],[-3.317291,54.920315],[-3.291493,54.936672],[-3.276519,54.943427],[-3.213612,54.954413],[-3.201039,54.952216],[-3.193674,54.948635],[-3.187978,54.944485],[-3.180165,54.940823],[-3.142812,54.933539],[-3.122792,54.932685],[-3.03954,54.94717],[-3.02184,54.954413],[-3.090728,54.954413],[-3.090728,54.961249],[-3.071523,54.963121],[-3.056223,54.968817],[-3.040924,54.97248],[-3.02184,54.968085],[-3.02184,54.975531],[-3.046295,54.982123],[-3.050282,54.981513],[-3.135406,54.968085],[-3.453847,54.981757],[-3.470693,54.984442],[-3.486236,54.989488],[-3.501047,54.992499],[-3.515289,54.989203],[-3.512359,54.987128],[-3.511464,54.986884],[-3.510894,54.985989],[-3.509185,54.981757],[-3.526031,54.977118],[-3.54186,54.980658],[-3.570546,54.995429],[-3.583608,54.968085],[-3.575673,54.957343],[-3.570627,54.937567],[-3.568756,54.916002],[-3.570546,54.899807],[-3.581695,54.883612],[-3.598378,54.877997],[-3.691762,54.883205],[-3.717641,54.880845],[-3.739247,54.859809],[-3.810129,54.866278],[-3.807851,54.86107],[-3.806793,54.860907],[-3.803334,54.858873],[-3.812367,54.85517],[-3.819814,54.855902],[-3.82608,54.859931],[-3.831288,54.866278],[-3.819976,54.878567],[-3.815053,54.877143],[-3.810129,54.872504],[-3.811635,54.880032],[-3.813222,54.883124],[-3.816965,54.886176],[-3.828847,54.874986],[-3.844309,54.866278],[-3.839752,54.855902],[-3.837473,54.851996],[-3.844106,54.850979],[-3.8579,54.84455],[-3.823842,54.824693],[-3.833608,54.820054],[-3.885732,54.806464],[-3.964182,54.771918],[-4.011708,54.768215],[-4.042877,54.769477],[-4.042877,54.776923],[-4.046783,54.778022],[-4.050201,54.778551],[-4.053334,54.779975],[-4.055776,54.782538],[-4.052968,54.785468],[-4.05016,54.789008],[-4.049713,54.789984],[-4.051747,54.800035],[-4.047719,54.813056],[-4.049957,54.823228],[-4.063588,54.82685],[-4.064036,54.831529],[-4.078603,54.824123],[-4.090077,54.80976],[-4.093495,54.79267],[-4.083852,54.776923],[-4.122955,54.773017],[-4.17394,54.792304],[-4.209137,54.826239],[-4.200551,54.866278],[-4.215403,54.861029],[-4.239735,54.843004],[-4.255767,54.838324],[-4.270741,54.839423],[-4.345286,54.860175],[-4.356923,54.865546],[-4.365631,54.872504],[-4.375152,54.886908],[-4.379872,54.897895],[-4.38679,54.904771],[-4.402903,54.907294],[-4.409006,54.903022],[-4.416819,54.892808],[-4.423573,54.880357],[-4.426503,54.869452],[-4.417226,54.845933],[-4.409413,54.831244],[-4.402903,54.824693],[-4.386708,54.824164],[-4.372426,54.821845],[-4.359609,54.816636],[-4.347646,54.807318],[-4.344472,54.794501],[-4.353179,54.783108],[-4.358144,54.770982],[-4.343861,54.756415],[-4.356516,54.741889],[-4.353261,54.720893],[-4.348134,54.701972],[-4.354726,54.693793],[-4.360341,54.691596],[-4.365305,54.686957],[-4.371897,54.682278],[-4.382395,54.68008],[-4.405263,54.682074],[-4.426503,54.687567],[-4.451812,54.698798],[-4.461171,54.701239],[-4.496734,54.700629],[-4.505605,54.704657],[-4.563629,54.756415],[-4.596669,54.775295],[-4.714467,54.817857],[-4.759592,54.825344],[-4.781077,54.833075],[-4.799631,54.861274],[-4.821034,54.866645],[-4.85912,54.866278],[-4.883046,54.860093],[-4.905873,54.849799],[-4.925771,54.837388],[-4.941029,54.824693],[-4.949615,54.815823],[-4.953684,54.810004],[-4.954823,54.804755],[-4.954701,54.797431],[-4.95287,54.788967],[-4.947906,54.77733],[-4.940256,54.767035],[-4.930165,54.762641],[-4.923248,54.751858],[-4.911936,54.728217],[-4.895985,54.704535],[-4.867258,54.690131],[-4.866933,54.681464],[-4.872141,54.663316],[-4.872426,54.654039],[-4.87206,54.649237],[-4.85912,54.632961],[-4.880605,54.636217],[-4.923492,54.649726],[-4.944081,54.652777],[-4.953684,54.659735],[-4.959869,54.675523],[-4.958974,54.691962],[-4.947255,54.701239],[-4.954823,54.707465],[-4.958892,54.714057],[-4.959055,54.720933],[-4.954701,54.728502],[-4.973378,54.729722],[-4.981557,54.731635],[-4.988189,54.735297],[-4.992665,54.74433],[-4.99706,54.758368],[-5.003285,54.771308],[-5.01301,54.776923],[-5.033193,54.782416],[-5.128245,54.848944],[-5.157135,54.879096],[-5.175526,54.914618],[-5.180653,54.954413],[-5.177602,54.990546],[-5.170806,55.008694],[-5.156728,55.016547],[-5.13561,55.015855],[-5.124582,55.016791],[-5.11974,55.019924],[-5.115142,55.031562],[-5.105214,55.02619],[-5.09553,55.015082],[-5.091868,55.009711],[-5.076894,54.995551],[-5.069488,54.986029],[-5.064565,54.975531],[-5.063791,54.964586],[-5.065256,54.940334],[-5.060862,54.931138],[-5.047515,54.920315],[-5.030995,54.911322],[-5.013092,54.909613],[-4.995595,54.920315],[-4.992299,54.924262],[-4.988189,54.92772],[-4.988189,54.934556],[-5.024078,54.976386],[-5.029775,54.9855],[-5.032501,54.99372],[-5.03303,54.995266],[-5.047027,55.015082],[-5.050282,55.026801],[-5.049672,55.048977],[-5.047597,55.055732],[-5.043446,55.064276],[-5.025787,55.08869],[-5.018951,55.10224],[-5.016184,55.122626],[-5.007802,55.141181],[-4.988271,55.152655],[-4.947255,55.167914],[-4.882395,55.218573],[-4.877553,55.220893],[-4.867258,55.22248],[-4.865305,55.225653],[-4.86559,55.236314],[-4.864817,55.24136],[-4.841949,55.275092],[-4.838002,55.284003],[-4.837229,55.29385],[-4.839752,55.315579],[-4.838002,55.325019],[-4.832509,55.331122],[-4.799224,55.354722],[-4.781077,55.363511],[-4.773101,55.369371],[-4.767161,55.379055],[-4.758778,55.402289],[-4.749257,55.413764],[-4.71703,55.430487],[-4.650502,55.448472],[-4.626332,55.468411],[-4.617787,55.495592],[-4.62678,55.519721],[-4.650787,55.537055],[-4.687164,55.544135],[-4.666249,55.562201],[-4.666493,55.5633],[-4.671132,55.584418],[-4.692738,55.605211],[-4.721995,55.619208],[-4.776519,55.63288],[-4.808746,55.633612],[-4.818105,55.637193],[-4.810618,55.646552],[-4.810618,55.653998],[-4.86856,55.675605],[-4.90099,55.692328],[-4.920522,55.708564],[-4.876332,55.735256],[-4.861073,55.756741],[-4.865305,55.790473],[-4.871734,55.802436],[-4.877797,55.811021],[-4.882721,55.821357],[-4.888661,55.864529],[-4.888824,55.865302],[-4.892649,55.89289],[-4.886464,55.919664],[-4.872141,55.937201],[-4.849355,55.948228],[-4.818105,55.955634],[-4.799387,55.957913],[-4.785797,55.956977],[-4.72232,55.94009],[-4.705434,55.938463],[-4.693959,55.941352],[-4.672515,55.933783],[-4.505971,55.919094],[-4.481679,55.92829],[-4.590606,55.941514],[-4.630035,55.946275],[-4.673451,55.961859],[-4.724517,55.998358],[-4.765045,56.007066],[-4.783437,56.017646],[-4.799224,56.030951],[-4.810618,56.043769],[-4.82372,56.073676],[-4.82433,56.078518],[-4.839182,56.080634],[-4.844309,56.072984],[-4.843739,56.062974],[-4.837554,56.050605],[-4.790151,56.010199],[-4.77892,55.992092],[-4.785308,55.984036],[-4.803619,55.982082],[-4.828033,55.982327],[-4.851552,55.988023],[-4.862294,56.002143],[-4.865387,56.020209],[-4.866851,56.058336],[-4.865387,56.066718],[-4.826324,56.124213],[-4.755442,56.188381],[-4.750885,56.202704],[-4.755523,56.206529],[-4.766265,56.202094],[-4.779937,56.191474],[-4.83727,56.124416],[-4.851674,56.112616],[-4.873118,56.112006],[-4.880605,56.119859],[-4.878977,56.150539],[-4.883168,56.164008],[-4.893544,56.174262],[-4.907094,56.177069],[-4.920522,56.167914],[-4.909088,56.14997],[-4.895253,56.114732],[-4.88622,56.08039],[-4.88915,56.064846],[-4.901926,56.061916],[-4.904368,56.054348],[-4.900054,56.034125],[-4.900054,56.014594],[-4.89802,56.001166],[-4.892649,55.989732],[-4.906402,55.985745],[-4.921457,55.988674],[-4.937489,55.993842],[-4.954701,55.996568],[-4.954701,55.989732],[-4.942006,55.986314],[-4.928863,55.981147],[-4.918446,55.973334],[-4.913686,55.961859],[-4.917388,55.947455],[-4.927235,55.93769],[-4.93871,55.929633],[-4.947255,55.920844],[-4.952138,55.909125],[-4.954986,55.899359],[-4.959218,55.890123],[-4.968984,55.879869],[-4.983144,55.871039],[-4.99474,55.869818],[-5.026357,55.873725],[-5.04247,55.884752],[-5.056752,55.910305],[-5.066803,55.938788],[-5.07079,55.958686],[-5.110829,55.988959],[-5.116038,56.001695],[-5.123606,56.009914],[-5.139638,56.002753],[-5.123769,55.986314],[-5.085683,55.931871],[-5.078236,55.910956],[-5.086537,55.901272],[-5.105621,55.904975],[-5.171539,55.935533],[-5.180653,55.948432],[-5.180653,55.969306],[-5.190826,55.961737],[-5.199615,55.948554],[-5.205719,55.934516],[-5.207916,55.924628],[-5.212636,55.917141],[-5.242055,55.89289],[-5.218129,55.864691],[-5.20816,55.84927],[-5.20108,55.831488],[-5.21939,55.831448],[-5.263173,55.845771],[-5.296702,55.852688],[-5.307118,55.860419],[-5.313385,55.885443],[-5.319325,55.889106],[-5.327219,55.891547],[-5.334828,55.896674],[-5.338287,55.903754],[-5.339101,55.913031],[-5.338287,55.931383],[-5.33609,55.939195],[-5.326161,55.950263],[-5.323964,55.958686],[-5.325754,55.967231],[-5.338287,55.996568],[-5.313629,56.012356],[-5.204498,56.119452],[-5.146474,56.133124],[-5.104604,56.151516],[-5.09496,56.157375],[-5.059438,56.203111],[-5.043446,56.216295],[-5.013295,56.227607],[-4.974965,56.237006],[-4.940094,56.25141],[-4.920522,56.277777],[-4.9381,56.270982],[-4.975087,56.247992],[-4.991933,56.242987],[-5.032704,56.241156],[-5.04955,56.237047],[-5.064565,56.229315],[-5.075429,56.216986],[-5.099436,56.181952],[-5.108876,56.174709],[-5.228139,56.129218],[-5.310943,56.058051],[-5.319936,56.054918],[-5.338043,56.054104],[-5.345693,56.051215],[-5.345286,56.046129],[-5.350209,56.031928],[-5.356353,56.019761],[-5.359364,56.020738],[-5.368642,56.009426],[-5.390289,56.005683],[-5.415028,56.006903],[-5.433827,56.010199],[-5.43456,56.01496],[-5.434722,56.023627],[-5.437123,56.030015],[-5.444407,56.027574],[-5.447906,56.022284],[-5.448232,56.016059],[-5.447621,56.009426],[-5.454986,55.955634],[-5.451405,55.953437],[-5.436431,55.948961],[-5.430776,55.948188],[-5.420806,55.92829],[-5.416737,55.916815],[-5.416005,55.907416],[-5.412506,55.899604],[-5.40038,55.89289],[-5.40038,55.886705],[-5.407216,55.886705],[-5.407216,55.879869],[-5.402943,55.87873],[-5.392893,55.873725],[-5.397694,55.871568],[-5.402496,55.868354],[-5.407216,55.866278],[-5.351796,55.832424],[-5.326772,55.80858],[-5.317779,55.783026],[-5.324574,55.769232],[-5.338531,55.762641],[-5.372426,55.756415],[-5.387563,55.750312],[-5.433461,55.721015],[-5.444569,55.711615],[-5.453969,55.700588],[-5.461171,55.688137],[-5.463612,55.679836],[-5.466176,55.662177],[-5.468617,55.653998],[-5.490102,55.644599],[-5.488271,55.640326],[-5.484283,55.635728],[-5.482289,55.63288],[-5.483876,55.610053],[-5.474762,55.603949],[-5.462636,55.602037],[-5.454986,55.591946],[-5.46109,55.578803],[-5.476918,55.574897],[-5.488759,55.569078],[-5.482289,55.550279],[-5.503529,55.526516],[-5.509633,55.516791],[-5.51061,55.511461],[-5.509633,55.49258],[-5.510976,55.484442],[-5.514272,55.483873],[-5.518788,55.485175],[-5.523264,55.482652],[-5.545522,55.449164],[-5.561513,55.435533],[-5.584625,55.427436],[-5.584625,55.42121],[-5.572133,55.422309],[-5.562082,55.419867],[-5.55309,55.414537],[-5.543691,55.406928],[-5.527455,55.384345],[-5.526682,55.380276],[-5.514963,55.373684],[-5.525054,55.358629],[-5.557973,55.331855],[-5.574371,55.322008],[-5.594106,55.313137],[-5.616282,55.306586],[-5.639963,55.3039],[-5.649526,55.305162],[-5.669097,55.310858],[-5.680898,55.311347],[-5.691396,55.30858],[-5.714019,55.29914],[-5.725575,55.297065],[-5.754547,55.297349],[-5.772288,55.301256],[-5.782867,55.313544],[-5.794667,55.356391],[-5.796702,55.379096],[-5.791412,55.398627],[-5.763417,55.412055],[-5.725413,55.437567],[-5.715647,55.447903],[-5.71524,55.468899],[-5.720123,55.491523],[-5.721913,55.513861],[-5.707753,55.543362],[-5.712066,55.550727],[-5.718861,55.557318],[-5.721832,55.564602],[-5.718129,55.575751],[-5.694488,55.605536],[-5.673329,55.640611],[-5.669423,55.660712],[-5.680898,55.674465],[-5.626536,55.700629],[-5.619456,55.711982],[-5.613189,55.725775],[-5.598297,55.742987],[-5.581207,55.757636],[-5.56786,55.763861],[-5.539174,55.770941],[-5.504628,55.789374],[-5.4735,55.81566],[-5.454986,55.845771],[-5.551747,55.783637],[-5.587473,55.767157],[-5.599436,55.764228],[-5.61262,55.763861],[-5.605784,55.776842],[-5.633209,55.782782],[-5.646718,55.787502],[-5.66039,55.797349],[-5.667958,55.811021],[-5.669016,55.837836],[-5.674062,55.845771],[-5.631988,55.881781],[-5.6256,55.889838],[-5.619374,55.903144],[-5.60436,55.913642],[-5.586293,55.923326],[-5.571034,55.934516],[-5.593495,55.927965],[-5.627594,55.905341],[-5.653798,55.89761],[-5.671702,55.886908],[-5.680898,55.886705],[-5.687978,55.893378],[-5.694163,55.904975],[-5.696401,55.915961],[-5.586822,56.01203],[-5.57844,56.024482],[-5.582672,56.028957],[-5.57665,56.032538],[-5.571034,56.037543],[-5.583892,56.040717],[-5.596425,56.036811],[-5.609853,56.030015],[-5.6256,56.024482],[-5.631703,56.005927],[-5.674875,55.977729],[-5.674062,55.955634],[-5.690785,55.937649],[-5.694488,55.934516],[-5.704498,55.936754],[-5.707509,55.942572],[-5.705881,55.949652],[-5.701975,55.955634],[-5.696441,55.982164],[-5.659901,56.023261],[-5.584625,56.084662],[-5.581532,56.088284],[-5.580068,56.092922],[-5.577463,56.096991],[-5.571034,56.099026],[-5.564605,56.09809],[-5.556549,56.095893],[-5.550689,56.093492],[-5.550526,56.09219],[-5.547841,56.090033],[-5.539459,56.086859],[-5.531606,56.08633],[-5.5301,56.09219],[-5.534739,56.098538],[-5.541412,56.102484],[-5.547515,56.104885],[-5.550526,56.106431],[-5.556956,56.122219],[-5.558705,56.130805],[-5.554677,56.137397],[-5.522532,56.165758],[-5.515736,56.174709],[-5.509633,56.188381],[-5.539906,56.183417],[-5.562489,56.167914],[-5.582672,56.15058],[-5.605784,56.13996],[-5.599355,56.16059],[-5.586415,56.181138],[-5.569407,56.200263],[-5.550526,56.216295],[-5.559438,56.22956],[-5.547231,56.24018],[-5.525624,56.24726],[-5.506174,56.249823],[-5.49474,56.253119],[-5.492828,56.260403],[-5.499257,56.267646],[-5.512685,56.270941],[-5.55427,56.263495],[-5.56314,56.260321],[-5.572621,56.253852],[-5.582346,56.248765],[-5.592152,56.249823],[-5.598053,56.258612],[-5.59557,56.269924],[-5.584625,56.290758],[-5.572581,56.32807],[-5.562734,56.341051],[-5.543691,56.352851],[-5.525217,56.346625],[-5.498199,56.348334],[-5.44811,56.359687],[-5.44811,56.365912],[-5.472157,56.364936],[-5.51537,56.356838],[-5.537506,56.359687],[-5.517323,56.392768],[-5.509633,56.400621],[-5.498931,56.404731],[-5.486073,56.408108],[-5.478017,56.412909],[-5.482289,56.421129],[-5.457021,56.440863],[-5.423573,56.450019],[-5.322865,56.454983],[-5.242055,56.442206],[-5.20873,56.446845],[-5.181874,56.459662],[-5.11852,56.507758],[-5.085683,56.548774],[-5.064565,56.565131],[-5.086537,56.558498],[-5.099599,56.543647],[-5.110585,56.525865],[-5.125966,56.510484],[-5.1669,56.490058],[-5.190175,56.468655],[-5.20108,56.462104],[-5.243764,56.459215],[-5.350168,56.472968],[-5.378082,56.45897],[-5.394276,56.465481],[-5.410553,56.503648],[-5.424143,56.500067],[-5.435943,56.491156],[-5.454986,56.46955],[-5.468617,56.475735],[-5.433339,56.523627],[-5.427642,56.537828],[-5.403798,56.524604],[-5.379262,56.519192],[-5.356679,56.51968],[-5.338287,56.524156],[-5.290517,56.544664],[-5.265045,56.551215],[-5.252553,56.556342],[-5.242055,56.565131],[-5.275624,56.553616],[-5.286773,56.552069],[-5.306793,56.552802],[-5.310943,56.552069],[-5.327707,56.544664],[-5.338694,56.542304],[-5.360341,56.532213],[-5.372426,56.530341],[-5.384348,56.533433],[-5.400502,56.543647],[-5.41393,56.544664],[-5.410878,56.552069],[-5.407297,56.555325],[-5.402699,56.55744],[-5.396637,56.561713],[-5.39269,56.566474],[-5.389312,56.574897],[-5.386627,56.578803],[-5.360707,56.606269],[-5.351918,56.612942],[-5.310862,56.633612],[-5.304514,56.640163],[-5.298451,56.64643],[-5.317779,56.653876],[-5.317779,56.661322],[-5.309071,56.664252],[-5.286773,56.674994],[-5.261464,56.673326],[-5.248199,56.674058],[-5.218902,56.688666],[-5.196441,56.688666],[-5.15331,56.68122],[-5.132639,56.684516],[-5.093373,56.699042],[-5.012807,56.709296],[-4.995595,56.715969],[-5.160553,56.695868],[-5.238271,56.71662],[-5.238515,56.722561],[-5.228424,56.736477],[-5.222076,56.741523],[-5.154652,56.782294],[-5.136383,56.798774],[-5.11974,56.818427],[-5.179067,56.789252],[-5.187489,56.781155],[-5.191762,56.774644],[-5.20226,56.76911],[-5.21467,56.765204],[-5.224965,56.763739],[-5.233469,56.760688],[-5.23705,56.753363],[-5.238922,56.744452],[-5.242055,56.736477],[-5.255238,56.721584],[-5.268463,56.71308],[-5.283355,56.709377],[-5.301015,56.708564],[-5.309804,56.706488],[-5.319163,56.697496],[-5.340159,56.693061],[-5.348378,56.687201],[-5.359364,56.674994],[-5.388051,56.655219],[-5.403879,56.649237],[-5.424224,56.64704],[-5.434397,56.64289],[-5.44872,56.624579],[-5.458119,56.620347],[-5.470774,56.618394],[-5.482574,56.613267],[-5.493316,56.606391],[-5.533437,56.572903],[-5.599599,56.529039],[-5.667388,56.498481],[-5.674062,56.496894],[-5.683013,56.500637],[-5.694692,56.513861],[-5.705393,56.516669],[-5.721791,56.5185],[-5.740834,56.523261],[-5.758209,56.529975],[-5.770253,56.537828],[-5.755198,56.554023],[-5.751047,56.561998],[-5.749135,56.571967],[-5.756663,56.571967],[-5.793853,56.54328],[-5.85436,56.550482],[-6.003407,56.61872],[-6.009836,56.626532],[-6.008168,56.642279],[-5.998036,56.649888],[-5.98351,56.652818],[-5.933583,56.654731],[-5.899037,56.650824],[-5.866851,56.641547],[-5.839182,56.626532],[-5.831695,56.633979],[-5.855621,56.644721],[-5.86559,56.651435],[-5.865834,56.661322],[-5.759999,56.700751],[-5.735504,56.702338],[-5.672597,56.684149],[-5.647369,56.68122],[-5.594146,56.683336],[-5.564809,56.687649],[-5.543691,56.695461],[-5.636545,56.688666],[-5.658559,56.690741],[-5.708852,56.708564],[-5.749989,56.714545],[-5.859039,56.68122],[-5.896799,56.675116],[-5.907379,56.674994],[-5.920318,56.677965],[-5.942738,56.686754],[-5.955556,56.688666],[-6.024892,56.685696],[-6.098622,56.696967],[-6.12385,56.695624],[-6.143544,56.684882],[-6.161733,56.678209],[-6.186594,56.681098],[-6.209625,56.688463],[-6.222768,56.695461],[-6.228179,56.701077],[-6.232533,56.706529],[-6.235341,56.712388],[-6.236399,56.719062],[-6.234486,56.728583],[-6.229563,56.729071],[-6.222768,56.7272],[-6.215321,56.729641],[-6.193471,56.748521],[-6.180531,56.754625],[-6.026967,56.763739],[-6.014882,56.767035],[-5.979888,56.781562],[-5.965199,56.784857],[-5.948232,56.782538],[-5.937978,56.776923],[-5.928538,56.769965],[-5.913645,56.763739],[-5.860911,56.7508],[-5.852203,56.746975],[-5.853342,56.75788],[-5.858144,56.768459],[-5.868398,56.775865],[-5.886342,56.777411],[-5.886342,56.784857],[-5.874013,56.785712],[-5.861806,56.785102],[-5.850087,56.782457],[-5.839182,56.777411],[-5.824615,56.787584],[-5.802073,56.791815],[-5.776601,56.787991],[-5.756663,56.784857],[-5.831695,56.805365],[-5.850819,56.81802],[-5.851186,56.828925],[-5.837473,56.836615],[-5.733876,56.844794],[-5.692738,56.854926],[-5.66039,56.872992],[-5.673573,56.876532],[-5.692006,56.875312],[-5.708485,56.870551],[-5.724355,56.853827],[-5.744496,56.854153],[-5.783925,56.859931],[-5.77538,56.86994],[-5.735504,56.89411],[-5.780588,56.898749],[-5.874867,56.887152],[-5.921132,56.89411],[-5.887563,56.899115],[-5.852203,56.900336],[-5.852203,56.907701],[-5.859853,56.910549],[-5.880116,56.922024],[-5.862538,56.933743],[-5.85143,56.95425],[-5.842519,56.977444],[-5.831695,56.997138],[-5.814117,57.009508],[-5.786041,57.020575],[-5.755238,57.026557],[-5.729319,57.02383],[-5.719879,57.017564],[-5.699941,56.998114],[-5.688303,56.989691],[-5.674062,56.983588],[-5.658559,56.979478],[-5.6256,56.97663],[-5.571278,56.983832],[-5.523264,56.997138],[-5.523264,57.003974],[-5.540435,57.001166],[-5.556508,56.99608],[-5.571278,56.993313],[-5.584625,56.997138],[-5.607086,56.988511],[-5.628814,56.991889],[-5.649892,56.999661],[-5.670318,57.003974],[-5.685536,57.009589],[-5.681711,57.022406],[-5.680043,57.0362],[-5.701975,57.044908],[-5.710927,57.044176],[-5.731353,57.039008],[-5.74234,57.038072],[-5.752553,57.040595],[-5.769602,57.04975],[-5.780181,57.051744],[-5.791127,57.059272],[-5.776194,57.075832],[-5.734486,57.105414],[-5.722646,57.116441],[-5.715647,57.120063],[-5.703277,57.120754],[-5.673695,57.119045],[-5.663482,57.123725],[-5.645863,57.129462],[-5.620839,57.124091],[-5.57844,57.106391],[-5.558258,57.100409],[-5.459828,57.099799],[-5.454986,57.102973],[-5.447418,57.110175],[-5.430776,57.110745],[-5.414296,57.108222],[-5.407216,57.106391],[-5.40038,57.106391],[-5.40038,57.113837],[-5.420033,57.120673],[-5.503896,57.112698],[-5.527415,57.107489],[-5.540639,57.106391],[-5.547719,57.110093],[-5.573313,57.127875],[-5.584625,57.133694],[-5.668446,57.14765],[-5.680898,57.157904],[-5.673818,57.174994],[-5.638824,57.202379],[-5.6256,57.216254],[-5.644154,57.233222],[-5.620107,57.252143],[-5.578236,57.26675],[-5.543691,57.270901],[-5.511586,57.257636],[-5.480092,57.237006],[-5.446278,57.223049],[-5.407216,57.229926],[-5.407216,57.236721],[-5.448842,57.242092],[-5.458119,57.246649],[-5.47289,57.261217],[-5.4829,57.268012],[-5.492502,57.270901],[-5.501943,57.277655],[-5.488922,57.292426],[-5.464833,57.306627],[-5.440663,57.311835],[-5.440663,57.319281],[-5.464996,57.324937],[-5.48176,57.316718],[-5.494293,57.304429],[-5.506174,57.298163],[-5.523427,57.295152],[-5.558461,57.28144],[-5.57844,57.277655],[-5.599436,57.279242],[-5.637441,57.289008],[-5.656972,57.291327],[-5.700063,57.283596],[-5.72057,57.284491],[-5.729319,57.298163],[-5.72525,57.301581],[-5.701975,57.332343],[-5.693756,57.337104],[-5.671986,57.344428],[-5.663482,57.349677],[-5.654368,57.353949],[-5.647206,57.349921],[-5.641469,57.343207],[-5.636545,57.339789],[-5.613189,57.341986],[-5.501291,57.370998],[-5.456654,57.393541],[-5.44811,57.421698],[-5.465077,57.423896],[-5.492055,57.408759],[-5.537506,57.373928],[-5.563466,57.363105],[-5.586659,57.365058],[-5.610911,57.371405],[-5.639963,57.373928],[-5.61559,57.382473],[-5.607086,57.389106],[-5.609202,57.397773],[-5.617747,57.410102],[-5.619618,57.416693],[-5.624013,57.416409],[-5.639963,57.408026],[-5.707183,57.359768],[-5.732411,57.352769],[-5.784576,57.348578],[-5.807769,57.354926],[-5.824859,57.394355],[-5.822255,57.3935],[-5.817372,57.395209],[-5.812856,57.398098],[-5.811187,57.40119],[-5.813873,57.404527],[-5.82311,57.41234],[-5.824859,57.415473],[-5.825266,57.4289],[-5.821889,57.435533],[-5.811187,57.442206],[-5.821523,57.445461],[-5.852528,57.450385],[-5.859039,57.452704],[-5.861195,57.463446],[-5.870513,57.48078],[-5.87267,57.49372],[-5.8697,57.500881],[-5.856068,57.517808],[-5.852203,57.524115],[-5.851064,57.538398],[-5.851471,57.551093],[-5.847076,57.558905],[-5.831695,57.558824],[-5.833852,57.563381],[-5.837026,57.574774],[-5.839182,57.579291],[-5.821401,57.583197],[-5.803619,57.581366],[-5.786366,57.575181],[-5.732574,57.545233],[-5.715647,57.538398],[-5.707021,57.542304],[-5.689768,57.527899],[-5.680898,57.524115],[-5.650868,57.512641],[-5.639963,57.511054],[-5.645334,57.516669],[-5.648305,57.521877],[-5.650543,57.526801],[-5.653554,57.531562],[-5.581532,57.538398],[-5.540273,57.534491],[-5.516835,57.534857],[-5.512685,57.54149],[-5.543121,57.555365],[-5.588368,57.561021],[-5.632721,57.557685],[-5.66039,57.544582],[-5.694488,57.566311],[-5.689198,57.569403],[-5.680898,57.579291],[-5.714223,57.582709],[-5.731679,57.598293],[-5.744252,57.617987],[-5.762807,57.633979],[-5.778147,57.637437],[-5.793609,57.638577],[-5.805898,57.642646],[-5.811187,57.655097],[-5.805409,57.667182],[-5.785024,57.679511],[-5.790761,57.688544],[-5.790761,57.69599],[-5.75357,57.707465],[-5.734486,57.707953],[-5.704986,57.690131],[-5.692494,57.691067],[-5.681956,57.698717],[-5.674062,57.709662],[-5.68517,57.711412],[-5.692291,57.716498],[-5.698842,57.72309],[-5.708852,57.72956],[-5.72053,57.733385],[-5.803822,57.743842],[-5.806956,57.754625],[-5.802073,57.780585],[-5.803822,57.792222],[-5.801259,57.800442],[-5.809926,57.820624],[-5.811187,57.833197],[-5.807362,57.84394],[-5.799957,57.853705],[-5.78954,57.862006],[-5.776519,57.867906],[-5.751129,57.873358],[-5.724762,57.873521],[-5.698638,57.869086],[-5.674062,57.8605],[-5.677887,57.84691],[-5.674794,57.827094],[-5.667958,57.806952],[-5.66039,57.792222],[-5.650543,57.781806],[-5.637359,57.774237],[-5.622141,57.770209],[-5.605784,57.770494],[-5.613271,57.775214],[-5.617909,57.780219],[-5.6256,57.792222],[-5.613026,57.792629],[-5.603261,57.791083],[-5.584625,57.784817],[-5.591176,57.804429],[-5.587026,57.81859],[-5.585276,57.831448],[-5.598988,57.846869],[-5.637563,57.86636],[-5.65038,57.877753],[-5.639963,57.887844],[-5.647694,57.888983],[-5.650787,57.890815],[-5.653554,57.89468],[-5.643951,57.904202],[-5.620758,57.920885],[-5.61262,57.928778],[-5.598215,57.919013],[-5.58731,57.915107],[-5.550526,57.915107],[-5.556264,57.887763],[-5.527903,57.86758],[-5.48705,57.855862],[-5.454986,57.853705],[-5.461171,57.8605],[-5.449045,57.869127],[-5.437123,57.89765],[-5.427642,57.908271],[-5.414906,57.908149],[-5.369496,57.897528],[-5.355621,57.891262],[-5.327504,57.873277],[-5.293853,57.862047],[-5.221588,57.846869],[-5.236318,57.860785],[-5.247548,57.867011],[-5.276763,57.874172],[-5.320668,57.898505],[-5.384918,57.91413],[-5.392893,57.918199],[-5.394399,57.923896],[-5.39684,57.926215],[-5.397328,57.9289],[-5.392893,57.935614],[-5.386545,57.936428],[-5.378977,57.93183],[-5.371734,57.931057],[-5.3662,57.943061],[-5.347157,57.936713],[-5.319163,57.91474],[-5.297353,57.908271],[-5.286,57.908759],[-5.266957,57.914008],[-5.256256,57.915107],[-5.243642,57.912909],[-5.221018,57.904039],[-5.211293,57.902086],[-5.198801,57.897773],[-5.162262,57.878485],[-5.119985,57.867987],[-5.091135,57.840318],[-5.07079,57.833197],[-5.076487,57.838528],[-5.083404,57.847561],[-5.089345,57.857245],[-5.091868,57.864203],[-5.097157,57.870917],[-5.197255,57.917873],[-5.221588,57.921332],[-5.221588,57.928778],[-5.201894,57.928656],[-5.193959,57.935981],[-5.195546,57.947659],[-5.204498,57.96015],[-5.216705,57.965888],[-5.248891,57.969387],[-5.263173,57.976549],[-5.292633,57.980618],[-5.333892,58.008531],[-5.359364,58.011379],[-5.357167,58.014065],[-5.356679,58.014879],[-5.351918,58.017524],[-5.366933,58.028876],[-5.386586,58.032538],[-5.427642,58.031195],[-5.424306,58.035549],[-5.422353,58.038967],[-5.419586,58.04206],[-5.41393,58.045478],[-5.41393,58.052314],[-5.447011,58.084377],[-5.42809,58.097968],[-5.390045,58.09219],[-5.3662,58.065985],[-5.344309,58.075507],[-5.322865,58.071723],[-5.300771,58.070136],[-5.276763,58.086412],[-5.28307,58.086412],[-5.278066,58.096259],[-5.278798,58.105373],[-5.283559,58.113471],[-5.290517,58.120551],[-5.276763,58.120551],[-5.276763,58.127387],[-5.297353,58.134833],[-5.284088,58.140082],[-5.255523,58.143785],[-5.242055,58.147895],[-5.242055,58.155341],[-5.275054,58.154527],[-5.290842,58.156317],[-5.304799,58.162095],[-5.297353,58.168402],[-5.304799,58.173326],[-5.313059,58.177314],[-5.321889,58.180243],[-5.331451,58.182034],[-5.329335,58.186713],[-5.326161,58.198432],[-5.323964,58.203111],[-5.336822,58.203192],[-5.346791,58.206855],[-5.392893,58.244696],[-5.392079,58.261379],[-5.375885,58.264228],[-5.352895,58.258938],[-5.31078,58.243394],[-5.293853,58.240912],[-5.276967,58.243394],[-5.237294,58.257636],[-5.216054,58.26142],[-5.194325,58.259996],[-5.173207,58.250922],[-5.165639,58.258246],[-5.152252,58.264838],[-5.138336,58.269599],[-5.129384,58.271389],[-5.111562,58.268256],[-5.081288,58.254096],[-5.067698,58.250922],[-5.01773,58.253241],[-5.002431,58.250922],[-4.933583,58.223049],[-4.94343,58.233588],[-4.954823,58.239814],[-4.982004,58.250922],[-4.968861,58.256781],[-4.940338,58.259467],[-4.926747,58.264594],[-4.990224,58.27143],[-5.009918,58.271389],[-5.018056,58.268622],[-5.029368,58.259711],[-5.040028,58.257758],[-5.05012,58.259914],[-5.070709,58.269232],[-5.081654,58.271389],[-5.096425,58.27676],[-5.125966,58.300198],[-5.13622,58.305569],[-5.137441,58.309272],[-5.156361,58.324612],[-5.160146,58.326606],[-5.167795,58.33926],[-5.17101,58.346666],[-5.173207,58.353949],[-5.15331,58.353949],[-5.163401,58.364569],[-5.162913,58.374498],[-5.155914,58.384467],[-5.146474,58.394965],[-5.145497,58.400051],[-5.146718,58.406643],[-5.14684,58.412421],[-5.143056,58.414781],[-5.135487,58.413764],[-5.122222,58.409573],[-5.116038,58.408596],[-5.057973,58.387274],[-5.016184,58.388129],[-5.043935,58.400092],[-5.053375,58.406643],[-5.050282,58.414781],[-5.057037,58.422187],[-5.066151,58.417141],[-5.076161,58.414496],[-5.086822,58.413886],[-5.098053,58.414781],[-5.098053,58.422187],[-5.088124,58.421942],[-5.085032,58.422187],[-5.085032,58.429023],[-5.091786,58.429755],[-5.096018,58.431464],[-5.10554,58.43651],[-5.05012,58.453803],[-5.025543,58.447699],[-4.995595,58.43651],[-5.10554,58.487372],[-5.105621,58.505561],[-5.103668,58.514228],[-5.095855,58.518866],[-5.042795,58.535468],[-5.027984,58.544094],[-5.016184,58.559394],[-5.022939,58.559394],[-5.015207,58.580064],[-5.011586,58.600572],[-5.004954,58.617743],[-4.988189,58.628323],[-4.859486,58.613227],[-4.835927,58.605048],[-4.818105,58.592922],[-4.817942,58.587592],[-4.812815,58.571967],[-4.806752,58.558417],[-4.803822,58.559394],[-4.804596,58.548326],[-4.80724,58.539618],[-4.811635,58.53205],[-4.818105,58.524644],[-4.799794,58.532457],[-4.791819,58.541653],[-4.789906,58.551744],[-4.790151,58.562486],[-4.785756,58.577053],[-4.777089,58.583319],[-4.771596,58.590399],[-4.776519,58.607164],[-4.75886,58.599107],[-4.728017,58.57746],[-4.711334,58.573065],[-4.683258,58.56151],[-4.6704,58.559394],[-4.660024,58.555854],[-4.659291,58.547553],[-4.663238,58.538398],[-4.667307,58.53205],[-4.679026,58.523912],[-4.714467,58.505601],[-4.732411,58.480455],[-4.751536,58.461615],[-4.760976,58.447984],[-4.742421,58.44953],[-4.682973,58.484565],[-4.673451,58.487372],[-4.66686,58.502916],[-4.650502,58.509955],[-4.630442,58.51496],[-4.612131,58.524644],[-4.601064,58.541938],[-4.595123,58.560004],[-4.58495,58.574164],[-4.560536,58.579901],[-4.517486,58.575507],[-4.475494,58.565619],[-4.426503,58.546373],[-4.426503,58.538886],[-4.427887,58.535305],[-4.4287,58.534735],[-4.426503,58.524644],[-4.449941,58.510199],[-4.464752,58.492011],[-4.477651,58.47134],[-4.495351,58.44953],[-4.478098,58.453559],[-4.461171,58.46247],[-4.433909,58.483629],[-4.432729,58.487616],[-4.43399,58.492377],[-4.434234,58.496283],[-4.430165,58.497992],[-4.425933,58.499091],[-4.385365,58.522406],[-4.382395,58.524644],[-4.343861,58.538886],[-4.317006,58.545722],[-4.306996,58.546373],[-4.28718,58.542914],[-4.257314,58.527981],[-4.234731,58.524644],[-4.248931,58.53205],[-4.238189,58.536444],[-4.232249,58.542426],[-4.227691,58.548163],[-4.221018,58.551947],[-4.209706,58.552924],[-4.190785,58.547838],[-4.176991,58.546373],[-4.168202,58.549384],[-4.160553,58.562567],[-4.149322,58.565619],[-4.111195,58.565619],[-4.09024,58.562079],[-4.081451,58.561835],[-4.070221,58.565619],[-4.061513,58.572821],[-4.048818,58.589586],[-4.039784,58.592922],[-4.030629,58.594062],[-4.029042,58.59516],[-4.027821,58.592719],[-4.009267,58.57331],[-4.003774,58.570624],[-3.981435,58.573065],[-3.895741,58.565619],[-3.810129,58.573065],[-3.766957,58.583726],[-3.698354,58.611151],[-3.659901,58.620836],[-3.597564,58.627143],[-3.5655,58.626614],[-3.542592,58.620836],[-3.55248,58.615465],[-3.556264,58.614],[-3.532053,58.602118],[-3.504018,58.603339],[-3.447011,58.614],[-3.391469,58.600653],[-3.364084,58.600816],[-3.350819,58.620836],[-3.367747,58.624701],[-3.386057,58.631741],[-3.402252,58.642035],[-3.412913,58.655585],[-3.390045,58.67178],[-3.374867,58.677069],[-3.358266,58.675482],[-3.35436,58.670152],[-3.351796,58.660834],[-3.34789,58.652045],[-3.340566,58.648139],[-3.309885,58.648139],[-3.244252,58.659003],[-3.204091,58.661119],[-3.151926,58.641262],[-3.118764,58.641099],[-3.052887,58.648139],[-3.019114,58.640326],[-3.02538,58.622138],[-3.044423,58.60163],[-3.049184,58.586737],[-3.060455,58.578437],[-3.075429,58.56037],[-3.084543,58.551947],[-3.110748,58.538642],[-3.118031,58.53205],[-3.129262,58.512641],[-3.129303,58.496405],[-3.118723,58.484442],[-3.097524,58.477484],[-3.085072,58.478258],[-3.073964,58.481676],[-3.064443,58.482978],[-3.05663,58.477484],[-3.053334,58.465766],[-3.057729,58.456855],[-3.066762,58.451158],[-3.077056,58.44953],[-3.086334,58.414211],[-3.129791,58.369289],[-3.182769,58.328437],[-3.22053,58.305569],[-3.262278,58.292629],[-3.349843,58.276109],[-3.384999,58.264594],[-3.4381,58.236029],[-3.447011,58.226752],[-3.454742,58.21015],[-3.473459,58.193427],[-3.515289,58.168402],[-3.735015,58.07217],[-3.809193,58.051907],[-3.827504,58.04206],[-3.836252,58.03144],[-3.846099,58.011176],[-3.851715,58.003892],[-3.860585,57.998928],[-3.88561,57.9914],[-3.917307,57.987454],[-3.981435,57.963568],[-3.990956,57.960395],[-3.99767,57.954413],[-4.001373,57.946112],[-4.001943,57.935614],[-4.0183,57.940619],[-4.023061,57.943061],[-4.016184,57.949286],[-4.030141,57.953192],[-4.055776,57.954983],[-4.084381,57.964179],[-4.089101,57.96015],[-4.086334,57.95189],[-4.077626,57.943061],[-4.062652,57.936957],[-4.031484,57.936184],[-4.016184,57.932196],[-4.009429,57.92768],[-3.988271,57.908271],[-4.008941,57.889594],[-4.013824,57.87934],[-4.009348,57.867906],[-4.025136,57.868069],[-4.05484,57.874335],[-4.070221,57.874172],[-4.079335,57.870266],[-4.096913,57.857367],[-4.10497,57.853705],[-4.132924,57.854153],[-4.190419,57.870063],[-4.21817,57.874172],[-4.298899,57.862779],[-4.320953,57.871039],[-4.353179,57.895209],[-4.372304,57.904486],[-4.392405,57.908271],[-4.339589,57.865709],[-4.307729,57.851467],[-4.269399,57.846869],[-4.229075,57.857245],[-4.208241,57.859198],[-4.190582,57.850287],[-4.173451,57.839016],[-4.149729,57.82982],[-4.133453,57.830146],[-4.139068,57.846869],[-4.075063,57.823188],[-4.039906,57.818183],[-3.98351,57.842353],[-3.951487,57.838324],[-3.933705,57.82567],[-3.947336,57.81269],[-3.914784,57.807685],[-3.877675,57.816718],[-3.841868,57.834906],[-3.813547,57.857123],[-3.798451,57.866523],[-3.786041,57.865424],[-3.779449,57.855658],[-3.782216,57.839423],[-3.790028,57.830715],[-3.926015,57.734809],[-3.948842,57.724921],[-3.975209,57.703274],[-3.988271,57.69599],[-4.008046,57.693793],[-4.023671,57.697821],[-4.028635,57.707709],[-4.016184,57.723334],[-4.042958,57.737291],[-4.077952,57.730292],[-4.155344,57.692572],[-4.168568,57.689439],[-4.194,57.688544],[-4.259267,57.678697],[-4.277821,57.680609],[-4.294789,57.680162],[-4.302154,57.668606],[-4.308827,57.654853],[-4.324045,57.648261],[-4.338206,57.645087],[-4.403188,57.609524],[-4.41218,57.602973],[-4.420318,57.592963],[-4.428456,57.577541],[-4.423451,57.576809],[-4.409901,57.582465],[-4.379872,57.589342],[-4.365102,57.597235],[-4.351064,57.607367],[-4.34081,57.617174],[-4.328725,57.626288],[-4.283111,57.641425],[-4.244537,57.663031],[-4.201894,57.674994],[-4.193756,57.675523],[-4.18224,57.672797],[-4.169016,57.663764],[-4.118723,57.657701],[-4.096791,57.658108],[-4.080719,57.664984],[-4.068105,57.672309],[-4.024648,57.687201],[-4.009348,57.688544],[-4.004506,57.675971],[-4.025258,57.655219],[-4.054189,57.635728],[-4.083404,57.623358],[-4.11856,57.592963],[-4.115468,57.587836],[-4.112294,57.584133],[-4.108876,57.581448],[-4.10497,57.579291],[-4.151357,57.57685],[-4.170644,57.570746],[-4.187489,57.558824],[-4.17809,57.549547],[-4.184926,57.548163],[-4.207997,57.552069],[-4.262603,57.552069],[-4.262603,57.544582],[-4.233957,57.545111],[-4.220286,57.543402],[-4.207997,57.538398],[-4.226308,57.515448],[-4.237457,57.505316],[-4.248931,57.497463],[-4.212799,57.492174],[-4.194814,57.491604],[-4.173899,57.497463],[-4.157623,57.50849],[-4.150054,57.515041],[-4.149322,57.51789],[-4.12678,57.518866],[-4.1162,57.521796],[-4.097524,57.536689],[-4.082997,57.54442],[-4.067291,57.549954],[-4.053131,57.552069],[-4.034983,57.556871],[-4.046457,57.567857],[-4.083852,57.586127],[-4.05602,57.58515],[-3.964345,57.592963],[-3.868276,57.587877],[-3.837473,57.592963],[-3.684804,57.654446],[-3.625152,57.661933],[-3.632558,57.650946],[-3.637685,57.646226],[-3.645619,57.641425],[-3.632476,57.635647],[-3.619618,57.636217],[-3.606068,57.639472],[-3.590972,57.641425],[-3.611562,57.668118],[-3.574778,57.661119],[-3.554921,57.659857],[-3.535756,57.661933],[-3.521474,57.667792],[-3.505442,57.678656],[-3.495961,57.691352],[-3.501698,57.702826],[-3.491851,57.713121],[-3.482818,57.714016],[-3.473053,57.711005],[-3.460683,57.709662],[-3.447865,57.71247],[-3.421254,57.721381],[-3.409169,57.723334],[-3.284739,57.720445],[-3.210072,57.693996],[-3.078684,57.66942],[-3.034901,57.668606],[-2.994496,57.675523],[-2.932688,57.699612],[-2.916086,57.702826],[-2.758046,57.702826],[-2.75121,57.700629],[-2.741119,57.690863],[-2.731068,57.688544],[-2.719879,57.690619],[-2.711537,57.693996],[-2.703521,57.694729],[-2.692942,57.688544],[-2.658925,57.697455],[-2.573394,57.681464],[-2.541982,57.682359],[-2.526112,57.668606],[-2.518137,57.670111],[-2.511057,57.677802],[-2.497955,57.682359],[-2.480051,57.68122],[-2.432851,57.668118],[-2.425526,57.675727],[-2.417795,57.674262],[-2.408762,57.669623],[-2.398061,57.668118],[-2.386586,57.671576],[-2.369496,57.680569],[-2.360504,57.682359],[-2.341054,57.675849],[-2.328969,57.674058],[-2.323598,57.678941],[-2.320546,57.684556],[-2.313385,57.689927],[-2.304067,57.693996],[-2.295644,57.69599],[-2.274322,57.693834],[-2.230133,57.679145],[-2.20995,57.675523],[-2.184071,57.678453],[-2.124338,57.702826],[-2.108144,57.704983],[-1.99767,57.702826],[-1.996938,57.699042],[-1.990834,57.690375],[-1.982167,57.681098],[-1.9735,57.675523],[-1.961293,57.674709],[-1.944732,57.682563],[-1.932485,57.682359],[-1.925689,57.678168],[-1.914215,57.66474],[-1.829457,57.613471],[-1.820465,57.59634],[-1.817006,57.578192],[-1.811391,57.560492],[-1.79601,57.544582],[-1.79601,57.538398],[-1.800038,57.525865],[-1.78954,57.514838],[-1.761138,57.497463],[-1.77538,57.496527],[-1.782135,57.489],[-1.781239,57.480414],[-1.771718,57.476264],[-1.759348,57.473578],[-1.76594,57.467434],[-1.789174,57.456448],[-1.830149,57.426174],[-1.847483,57.408149],[-1.849965,57.394355],[-1.954498,57.341132],[-1.980295,57.319281],[-2.044667,57.226508],[-2.068512,57.174628],[-2.074127,57.154202],[-2.071401,57.135565],[-2.052358,57.127427],[-2.049306,57.118842],[-2.065256,57.100531],[-2.065826,57.09984],[-2.156158,57.020697],[-2.18692,56.984687],[-2.200103,56.948717],[-2.197133,56.940253],[-2.191233,56.934149],[-2.186269,56.926744],[-2.186391,56.914537],[-2.191314,56.908922],[-2.209706,56.895819],[-2.213694,56.890692],[-2.219879,56.872626],[-2.234609,56.861396],[-2.268951,56.84634],[-2.295806,56.825263],[-2.319814,56.801581],[-2.33609,56.790839],[-2.391835,56.771186],[-2.408681,56.762926],[-2.426422,56.751288],[-2.435943,56.740383],[-2.440745,56.734849],[-2.45165,56.690985],[-2.463735,56.678778],[-2.477406,56.668687],[-2.487457,56.653876],[-2.487538,56.646064],[-2.481272,56.632392],[-2.480621,56.626532],[-2.486195,56.619574],[-2.504058,56.608832],[-2.514556,56.591498],[-2.530019,56.580756],[-2.623769,56.543402],[-2.64094,56.522366],[-2.661366,56.514228],[-2.699778,56.503648],[-2.70873,56.495998],[-2.727651,56.46955],[-2.737294,56.467027],[-2.744374,56.46955],[-2.752309,56.473619],[-2.764801,56.475735],[-2.819325,56.4713],[-3.055653,56.452135],[-3.060618,56.451728],[-3.099273,56.441881],[-3.133901,56.426947],[-3.238189,56.367743],[-3.280181,56.357896],[-3.323476,56.365912]]}},{"type":"Feature","properties":{"featurecla":"Coastline","scalerank":0,"min_zoom":0},"bbox":[-9.497467,36.006456,24.393809,57.751166],"geometry":{"type":"LineString","coordinates":[[24.211192,40.773179],[24.110118,40.727851],[24.07309,40.721422],[24.03004,40.723334],[23.986339,40.732164],[23.874034,40.777655],[23.85434,40.781155],[23.842052,40.783352],[23.809255,40.780422],[23.75408,40.763007],[23.7317,40.751858],[23.710704,40.737616],[23.697032,40.721422],[23.691742,40.69538],[23.700206,40.673651],[23.718028,40.658677],[23.740977,40.653144],[23.755626,40.645657],[23.772472,40.627631],[23.786632,40.606147],[23.792654,40.587958],[23.799001,40.586615],[23.833507,40.563788],[23.84669,40.560289],[23.862478,40.559149],[23.877615,40.560248],[23.888845,40.563788],[23.895274,40.553046],[23.914887,40.538886],[23.915538,40.529608],[23.907237,40.525377],[23.838227,40.518744],[23.823009,40.506985],[23.819021,40.487738],[23.826671,40.461371],[23.868175,40.41352],[23.87794,40.406155],[23.909679,40.394232],[23.915538,40.38935],[23.953624,40.382636],[23.963878,40.379462],[23.975352,40.383368],[24.002452,40.386379],[24.011729,40.392483],[24.011567,40.401842],[24.005544,40.414618],[23.991222,40.434068],[23.998709,40.440863],[23.991222,40.447699],[24.011404,40.449164],[24.028819,40.432074],[24.053233,40.392483],[24.065196,40.381008],[24.085785,40.366034],[24.108897,40.357408],[24.128429,40.36518],[24.138927,40.360663],[24.1692,40.352851],[24.179861,40.351508],[24.18686,40.346625],[24.198009,40.324164],[24.203949,40.317369],[24.233409,40.316881],[24.266287,40.289049],[24.320649,40.227973],[24.383311,40.179145],[24.393809,40.152493],[24.361095,40.132392],[24.318614,40.124701],[24.299978,40.128079],[24.292247,40.142646],[24.286143,40.160549],[24.271739,40.170966],[24.253917,40.17829],[24.238292,40.186998],[24.211925,40.217475],[24.192719,40.248969],[24.168956,40.275295],[24.128429,40.290025],[24.047862,40.301174],[24.019216,40.310492],[23.993826,40.32392],[23.957367,40.352607],[23.936534,40.36518],[23.922618,40.36933],[23.88502,40.36518],[23.848318,40.372707],[23.833507,40.372016],[23.782237,40.352688],[23.759613,40.349189],[23.730479,40.358954],[23.72755,40.353461],[23.720714,40.344794],[23.716807,40.345282],[23.699718,40.326361],[23.693614,40.309231],[23.695649,40.292914],[23.711436,40.261135],[23.716319,40.255316],[23.723643,40.249091],[23.75766,40.231676],[23.764334,40.215399],[23.778575,40.202704],[23.792817,40.19599],[23.79949,40.197577],[23.867686,40.172756],[23.880219,40.176337],[23.896739,40.171332],[23.913341,40.161363],[23.926036,40.149807],[23.940684,40.141547],[23.980235,40.130683],[23.991222,40.11872],[23.990001,40.110012],[23.977387,40.100491],[23.97755,40.090806],[23.983246,40.084906],[24.00115,40.074937],[24.004893,40.067206],[24.00172,40.058783],[23.99464,40.057318],[23.987559,40.05744],[23.984223,40.053616],[23.986827,40.042182],[23.993419,40.037543],[24.002208,40.03852],[24.011729,40.043647],[24.011485,40.033433],[24.012218,40.026557],[24.014415,40.021308],[24.019216,40.016303],[23.992524,39.998847],[23.988048,39.989976],[23.998709,39.981594],[23.998709,39.974758],[23.97934,39.974311],[23.9699,39.968085],[23.97283,39.961859],[23.991222,39.961086],[23.991222,39.953599],[23.939952,39.95246],[23.919688,39.956366],[23.922862,39.967922],[23.922862,39.974758],[23.915538,39.974758],[23.907725,39.969794],[23.900645,39.971177],[23.897634,39.977932],[23.902517,39.98843],[23.867035,40.004096],[23.86085,40.005805],[23.856212,40.01675],[23.8449,40.024115],[23.831228,40.026516],[23.824067,40.021918],[23.82309,40.017279],[23.826671,40.008857],[23.789887,40.055976],[23.785167,40.067206],[23.791515,40.083808],[23.793305,40.093817],[23.788829,40.098293],[23.778331,40.10163],[23.772472,40.109565],[23.768728,40.118842],[23.764496,40.126166],[23.675466,40.217922],[23.641775,40.235419],[23.622732,40.239651],[23.540294,40.244778],[23.484141,40.269599],[23.438487,40.279202],[23.398285,40.277737],[23.365001,40.261705],[23.340099,40.227973],[23.337657,40.208441],[23.345388,40.191555],[23.355479,40.175035],[23.360606,40.156643],[23.363617,40.150458],[23.371349,40.147406],[23.391612,40.146064],[23.400645,40.143988],[23.406505,40.138902],[23.415782,40.126166],[23.469249,40.067084],[23.498871,40.042304],[23.602712,39.998481],[23.670258,39.98607],[23.672862,39.979967],[23.672862,39.971259],[23.675955,39.961086],[23.685395,39.949042],[23.697276,39.940497],[23.713064,39.935452],[23.733897,39.933783],[23.747895,39.930487],[23.740245,39.923285],[23.72169,39.915961],[23.703136,39.912665],[23.616466,39.923326],[23.470958,39.971625],[23.446544,39.974758],[23.372081,39.965155],[23.360606,39.961086],[23.365977,39.972154],[23.378754,39.991116],[23.381602,40.002672],[23.378429,40.010972],[23.363943,40.026597],[23.360606,40.032782],[23.352712,40.057074],[23.335134,40.074449],[23.31658,40.088853],[23.305919,40.104478],[23.319591,40.136786],[23.324555,40.174954],[23.318614,40.210517],[23.299083,40.235419],[23.258637,40.253119],[23.236664,40.259589],[23.199555,40.266262],[23.182384,40.274319],[23.166189,40.279853],[23.148936,40.276435],[23.096934,40.306098],[23.086762,40.307074],[23.076182,40.314439],[23.052745,40.318671],[23.029145,40.325751],[23.010916,40.351223],[22.963878,40.379462],[22.944835,40.386298],[22.927501,40.388495],[22.888194,40.386298],[22.897716,40.402045],[22.889659,40.418362],[22.860199,40.447699],[22.863292,40.448554],[22.865977,40.448472],[22.867442,40.449449],[22.867198,40.453925],[22.830903,40.485785],[22.821625,40.502143],[22.843516,40.509182],[22.9074,40.51203],[22.94158,40.517157],[22.956391,40.526272],[22.962901,40.535142],[22.975108,40.542426],[22.983165,40.55268],[22.976899,40.570624],[22.952485,40.582424],[22.946137,40.584296],[22.941742,40.587348],[22.943614,40.594184],[22.949555,40.605414],[22.933767,40.630927],[22.910492,40.644599],[22.883067,40.647284],[22.854015,40.639472],[22.861095,40.620551],[22.858653,40.605292],[22.850597,40.593411],[22.840343,40.584296],[22.824474,40.57807],[22.815115,40.572943],[22.815929,40.570624],[22.795665,40.570787],[22.78712,40.572943],[22.778331,40.57807],[22.758556,40.567776],[22.745942,40.555243],[22.742524,40.540351],[22.750336,40.522773],[22.744151,40.522773],[22.736664,40.529608],[22.736664,40.515326],[22.730479,40.515326],[22.730479,40.522773],[22.723155,40.522773],[22.719005,40.510972],[22.710948,40.511623],[22.700369,40.517808],[22.688975,40.522773],[22.688487,40.527493],[22.673513,40.526842],[22.657725,40.516669],[22.656261,40.504543],[22.675304,40.496161],[22.666026,40.495347],[22.659679,40.492906],[22.656016,40.487616],[22.654959,40.478095],[22.650727,40.472805],[22.641612,40.474677],[22.626801,40.481879],[22.602875,40.481269],[22.590505,40.477444],[22.579112,40.468207],[22.593435,40.458197],[22.60377,40.443996],[22.608735,40.428168],[22.606456,40.41356],[22.6185,40.405097],[22.628266,40.393622],[22.639985,40.383694],[22.658376,40.379462],[22.661143,40.369045],[22.647634,40.345893],[22.620616,40.310492],[22.590343,40.241645],[22.590831,40.23017],[22.552501,40.166571],[22.549653,40.143866],[22.557302,40.127183],[22.567719,40.1105],[22.572927,40.087714],[22.568858,40.064846],[22.5713,40.054267],[22.583181,40.049872],[22.587657,40.044908],[22.600271,40.016303],[22.652517,39.982082],[22.661632,39.978217],[22.667166,39.974351],[22.690929,39.968166],[22.696462,39.964545],[22.698578,39.960883],[22.707856,39.961371],[22.710134,39.957343],[22.708995,39.939032],[22.709809,39.935045],[22.710134,39.933783],[22.722992,39.897773],[22.730479,39.885403],[22.740896,39.874701],[22.778656,39.84984],[22.801117,39.840318],[22.815278,39.829047],[22.840343,39.803412],[22.850271,39.790513],[22.858653,39.773261],[22.864757,39.75316],[22.867198,39.731757],[22.871755,39.715806],[22.901866,39.65884],[22.925141,39.599514],[22.939464,39.580634],[22.952891,39.570014],[23.004893,39.543402],[23.055919,39.527248],[23.094493,39.504096],[23.097423,39.501776],[23.101817,39.497382],[23.114106,39.466986],[23.125662,39.454413],[23.210948,39.37934],[23.223806,39.358588],[23.271332,39.322943],[23.292247,39.268988],[23.342296,39.192613],[23.343761,39.179633],[23.333263,39.174384],[23.30128,39.151353],[23.281749,39.146145],[23.243663,39.141669],[23.22462,39.137112],[23.209727,39.131822],[23.215099,39.129462],[23.219249,39.127102],[23.223481,39.12519],[23.230235,39.124416],[23.230235,39.11815],[23.221528,39.116034],[23.214203,39.112616],[23.208263,39.10871],[23.203624,39.10456],[23.191417,39.107815],[23.1692,39.106594],[23.146251,39.101752],[23.131602,39.094306],[23.115489,39.088284],[23.092133,39.089342],[23.052013,39.097724],[23.061371,39.111762],[23.07309,39.124416],[23.067719,39.138007],[23.081065,39.147203],[23.114106,39.159125],[23.113943,39.146308],[23.100597,39.10456],[23.171723,39.134955],[23.182384,39.146145],[23.175548,39.155463],[23.181326,39.158677],[23.190929,39.158108],[23.196056,39.155748],[23.199229,39.151435],[23.206309,39.15705],[23.213552,39.168118],[23.217133,39.179633],[23.21225,39.190497],[23.186371,39.224433],[23.175548,39.23428],[23.179861,39.2508],[23.169119,39.268541],[23.151378,39.284857],[23.134613,39.296942],[23.115489,39.30744],[23.098155,39.312201],[23.020518,39.317532],[23.019786,39.32099],[23.021007,39.325588],[23.018565,39.330471],[23.013682,39.336371],[23.003429,39.352444],[22.998057,39.357123],[22.990733,39.3581],[22.963878,39.357123],[22.941173,39.361762],[22.935883,39.360582],[22.942882,39.350979],[22.942882,39.344143],[22.932791,39.336005],[22.929047,39.324205],[22.93214,39.312201],[22.942882,39.303168],[22.919281,39.298651],[22.879893,39.295559],[22.84254,39.288479],[22.826182,39.272162],[22.824229,39.233466],[22.826182,39.221259],[22.854015,39.159125],[22.860199,39.159125],[22.868012,39.169745],[22.88087,39.179633],[22.876964,39.190375],[22.882091,39.190985],[22.890147,39.184272],[22.89503,39.172797],[22.901866,39.179633],[22.910899,39.163316],[22.914561,39.143785],[22.920584,39.125149],[22.936046,39.111396],[22.935883,39.116116],[22.937185,39.117255],[22.939464,39.117133],[22.942882,39.11815],[22.938731,39.124945],[22.936046,39.131822],[22.961111,39.119045],[22.973318,39.101955],[22.982432,39.084418],[22.998057,39.06977],[22.991954,39.057318],[22.993419,39.054633],[22.998057,39.049262],[22.966482,39.034654],[22.958832,39.025133],[22.963878,39.008979],[23.01531,39.033189],[23.042491,39.040107],[23.07309,39.042467],[23.07309,39.036282],[23.064708,39.028754],[23.032237,39.015123],[23.023285,39.00845],[23.019054,39.001288],[23.011729,38.981024],[23.007172,38.973944],[23.000255,38.966457],[22.996674,38.963406],[22.992198,38.959621],[22.984548,38.954332],[22.978689,38.953274],[22.964122,38.955268],[22.956391,38.954332],[22.949718,38.949612],[22.944347,38.947333],[22.936046,38.946845],[22.940603,38.936469],[22.942882,38.932603],[22.928559,38.931586],[22.908458,38.921942],[22.898448,38.919623],[22.886404,38.921698],[22.873302,38.92593],[22.859874,38.928534],[22.846528,38.926418],[22.841807,38.919176],[22.836681,38.89647],[22.8296,38.891669],[22.804698,38.891018],[22.79656,38.887112],[22.792003,38.877997],[22.77768,38.878485],[22.754568,38.873969],[22.732677,38.872382],[22.723155,38.881741],[22.718272,38.889797],[22.707774,38.887397],[22.688975,38.877997],[22.680431,38.88052],[22.663585,38.889594],[22.658376,38.891669],[22.656423,38.894355],[22.621593,38.914496],[22.613292,38.913072],[22.594981,38.902818],[22.588878,38.898017],[22.580821,38.893622],[22.569835,38.891669],[22.559906,38.891099],[22.552094,38.889228],[22.545258,38.885077],[22.538829,38.877997],[22.534923,38.880683],[22.525076,38.885443],[22.525076,38.85814],[22.572927,38.864325],[22.572927,38.85814],[22.553884,38.84809],[22.563324,38.836249],[22.582774,38.831977],[22.593435,38.844468],[22.600271,38.844468],[22.593435,38.830227],[22.608165,38.830756],[22.62143,38.833889],[22.63266,38.83515],[22.641124,38.830227],[22.690278,38.850002],[22.702647,38.850653],[22.726817,38.819648],[22.748057,38.799221],[22.758962,38.794094],[22.769542,38.784817],[22.778331,38.781724],[22.786388,38.782416],[22.805837,38.787909],[22.815929,38.789252],[22.829275,38.786078],[22.845551,38.778022],[22.859874,38.767035],[22.867198,38.755072],[22.887543,38.771145],[22.898204,38.775295],[22.914887,38.77558],[22.925629,38.771715],[22.945323,38.758124],[22.960216,38.755072],[23.016287,38.754462],[23.042003,38.746731],[23.059418,38.727729],[23.090505,38.649115],[23.104503,38.638414],[23.123546,38.636908],[23.133311,38.639716],[23.145193,38.648993],[23.156423,38.653469],[23.168956,38.652289],[23.182465,38.653754],[23.196056,38.666327],[23.176768,38.676581],[23.168142,38.679389],[23.186778,38.685981],[23.204926,38.682685],[23.237641,38.666327],[23.253754,38.661811],[23.286957,38.658149],[23.305919,38.652655],[23.320974,38.643256],[23.331228,38.630276],[23.335704,38.6164],[23.333263,38.604234],[23.321137,38.594428],[23.306488,38.588853],[23.293305,38.579088],[23.285411,38.556464],[23.295421,38.568101],[23.307384,38.568549],[23.319591,38.561998],[23.329845,38.55272],[23.340587,38.545559],[23.367442,38.540473],[23.381602,38.535346],[23.381602,38.528551],[23.372813,38.525946],[23.349864,38.52558],[23.340099,38.522366],[23.331798,38.514879],[23.329275,38.508368],[23.334972,38.503607],[23.350597,38.501858],[23.418468,38.50434],[23.519379,38.490668],[23.531912,38.498114],[23.542979,38.511705],[23.567231,38.501125],[23.601329,38.473944],[23.580821,38.463568],[23.573497,38.460883],[23.573497,38.453437],[23.585948,38.451158],[23.596202,38.446763],[23.600108,38.440619],[23.594005,38.432929],[23.594005,38.426093],[23.625011,38.414008],[23.672862,38.356431],[23.709972,38.336737],[23.724864,38.336127],[23.781993,38.343573],[23.805024,38.332506],[23.816173,38.330512],[23.912446,38.298245],[23.932872,38.295803],[23.95102,38.29092],[23.96697,38.279283],[23.991222,38.254218],[24.038585,38.223944],[24.046397,38.216946],[24.050629,38.210679],[24.069021,38.204739],[24.07309,38.196479],[24.070974,38.188422],[24.068044,38.180894],[24.069509,38.173529],[24.080577,38.166002],[24.069998,38.162787],[24.064138,38.155097],[24.061046,38.144192],[24.059418,38.131293],[24.053233,38.14525],[24.037771,38.143744],[23.989024,38.122626],[23.990001,38.102118],[24.004893,38.059272],[24.009125,38.040595],[24.018565,38.026679],[24.028168,38.016181],[24.032725,38.007758],[24.03004,37.99844],[24.016612,37.976955],[24.011729,37.966864],[24.011892,37.958319],[24.014496,37.948472],[24.01588,37.937445],[24.011729,37.925238],[24.022797,37.925727],[24.034434,37.922919],[24.043305,37.916449],[24.046397,37.905992],[24.042247,37.900702],[24.011729,37.89175],[24.018891,37.885159],[24.027843,37.880316],[24.03891,37.877875],[24.053233,37.878079],[24.046397,37.870592],[24.051931,37.869696],[24.066905,37.864407],[24.060802,37.855618],[24.059337,37.848538],[24.061778,37.842515],[24.066905,37.837104],[24.061778,37.834703],[24.057628,37.83218],[24.054942,37.828518],[24.053233,37.822821],[24.076996,37.811103],[24.084646,37.801744],[24.087413,37.785224],[24.086192,37.763739],[24.081879,37.752509],[24.059418,37.733466],[24.07309,37.72724],[24.07309,37.719794],[24.059418,37.719794],[24.059418,37.713568],[24.065766,37.712795],[24.066742,37.709703],[24.065766,37.705024],[24.066905,37.699286],[24.065684,37.70189],[24.065278,37.70482],[24.063975,37.705024],[24.059418,37.699286],[24.072113,37.689521],[24.063731,37.678453],[24.046397,37.665839],[24.032725,37.651516],[24.021332,37.657782],[23.983084,37.670315],[23.967296,37.672593],[23.949718,37.677436],[23.943044,37.689927],[23.94337,37.72724],[23.936534,37.72724],[23.922699,37.721177],[23.913341,37.739691],[23.902517,37.781887],[23.898692,37.779283],[23.888845,37.7744],[23.881602,37.791083],[23.865571,37.807685],[23.847504,37.818101],[23.833507,37.815985],[23.829112,37.819403],[23.825369,37.821357],[23.822113,37.824164],[23.819184,37.829657],[23.812999,37.829657],[23.807302,37.80858],[23.797211,37.808498],[23.786632,37.812161],[23.778982,37.802314],[23.777354,37.809068],[23.776622,37.814276],[23.773611,37.816881],[23.764496,37.815985],[23.770844,37.828315],[23.766449,37.838935],[23.744802,37.857611],[23.742198,37.876654],[23.700531,37.925198],[23.697032,37.939521],[23.680186,37.945868],[23.663341,37.942939],[23.646007,37.936672],[23.628103,37.932685],[23.627696,37.937649],[23.628103,37.939521],[23.637706,37.942939],[23.640798,37.945787],[23.641775,37.952541],[23.626638,37.947496],[23.618012,37.953274],[23.610362,37.962144],[23.597667,37.966864],[23.583344,37.967108],[23.571056,37.968695],[23.560802,37.972805],[23.552989,37.980455],[23.588878,38.006334],[23.597911,38.021145],[23.590587,38.038804],[23.581309,38.046291],[23.574555,38.04678],[23.568207,38.044257],[23.559825,38.042548],[23.521821,38.042548],[23.511485,38.040432],[23.504893,38.035712],[23.499848,38.030992],[23.49464,38.028876],[23.470876,38.027777],[23.46046,38.025458],[23.449962,38.02143],[23.411876,37.994371],[23.395274,37.987942],[23.429454,37.980455],[23.408946,37.974311],[23.329845,37.980455],[23.226817,37.973619],[23.18922,37.958808],[23.159434,37.940538],[23.142345,37.93008],[23.094086,37.911038],[23.052013,37.925238],[23.042735,37.921942],[23.034841,37.922309],[23.026134,37.92414],[23.015147,37.925238],[23.011485,37.919989],[23.011729,37.908515],[23.010265,37.896959],[23.001475,37.89175],[22.995128,37.882148],[22.999522,37.862698],[23.012543,37.847561],[23.032237,37.850775],[23.049653,37.843573],[23.073497,37.841132],[23.097179,37.843573],[23.114106,37.850775],[23.146251,37.825832],[23.163829,37.815253],[23.182384,37.809149],[23.177989,37.799302],[23.176443,37.789984],[23.177989,37.781562],[23.182384,37.7744],[23.168712,37.772366],[23.150401,37.763373],[23.128184,37.760484],[23.125011,37.75727],[23.124034,37.750963],[23.120942,37.740912],[23.145844,37.725816],[23.159353,37.720771],[23.175548,37.719794],[23.16627,37.697008],[23.163829,37.681586],[23.167247,37.666449],[23.175548,37.64468],[23.161876,37.64468],[23.164561,37.623033],[23.16863,37.614163],[23.190115,37.607327],[23.230235,37.582587],[23.237641,37.590033],[23.274669,37.561225],[23.279063,37.559963],[23.28419,37.559231],[23.292247,37.555894],[23.312348,37.542548],[23.323009,37.537421],[23.336681,37.535468],[23.360362,37.547675],[23.359141,37.574286],[23.340587,37.600287],[23.312185,37.610541],[23.312185,37.617377],[23.329112,37.628241],[23.34783,37.634426],[23.398692,37.637885],[23.409028,37.625922],[23.404307,37.59927],[23.390798,37.571357],[23.374278,37.555894],[23.384288,37.547431],[23.39503,37.541409],[23.4074,37.537502],[23.422048,37.535468],[23.422048,37.528022],[23.40268,37.522528],[23.395274,37.521796],[23.395274,37.51496],[23.40211,37.51496],[23.410655,37.511908],[23.43629,37.508124],[23.458832,37.496161],[23.479177,37.490668],[23.525645,37.459703],[23.520518,37.455064],[23.518891,37.45303],[23.520681,37.450873],[23.525645,37.446031],[23.525645,37.439195],[23.505382,37.430487],[23.446544,37.414618],[23.441824,37.414415],[23.323253,37.409735],[23.305919,37.411933],[23.307384,37.408393],[23.308116,37.40526],[23.309418,37.402045],[23.312185,37.398261],[23.276052,37.402248],[23.262706,37.401028],[23.264415,37.390815],[23.230235,37.384589],[23.229991,37.374945],[23.237071,37.370307],[23.247406,37.369452],[23.257579,37.370917],[23.251313,37.363511],[23.251313,37.357327],[23.258962,37.356391],[23.278005,37.34984],[23.26238,37.34398],[23.243988,37.342434],[23.206716,37.343695],[23.186046,37.340644],[23.185395,37.33218],[23.194509,37.319241],[23.203624,37.30268],[23.182872,37.299262],[23.16863,37.299506],[23.156261,37.303127],[23.141449,37.309516],[23.141449,37.316352],[23.161876,37.316352],[23.161876,37.323147],[23.150157,37.325751],[23.136241,37.323717],[23.123383,37.324774],[23.114106,37.336168],[23.134613,37.329332],[23.129731,37.338772],[23.122406,37.345689],[23.100597,37.357327],[23.092784,37.350775],[23.082774,37.350531],[23.07309,37.355211],[23.07309,37.357327],[23.070079,37.388902],[23.072602,37.401109],[23.083751,37.394517],[23.094981,37.389553],[23.105235,37.396918],[23.112559,37.410875],[23.114106,37.425605],[23.135997,37.415473],[23.141449,37.411933],[23.141449,37.418158],[23.136567,37.427314],[23.135102,37.433498],[23.134613,37.442613],[23.132009,37.448635],[23.125499,37.451117],[23.117931,37.452826],[23.111339,37.45661],[23.097179,37.462226],[23.062022,37.454983],[23.045909,37.459703],[23.059418,37.466539],[23.045909,37.487006],[23.021007,37.475287],[23.011241,37.469062],[23.004893,37.459703],[22.990896,37.495754],[22.980724,37.508775],[22.963878,37.521796],[22.959239,37.522773],[22.947602,37.521308],[22.942882,37.521796],[22.939138,37.52497],[22.937348,37.529446],[22.936697,37.533515],[22.936046,37.535468],[22.92156,37.540351],[22.912852,37.541815],[22.901866,37.541653],[22.914317,37.538804],[22.918468,37.53559],[22.922374,37.528022],[22.902354,37.534857],[22.88502,37.533149],[22.869395,37.525621],[22.854015,37.51496],[22.847179,37.520982],[22.819347,37.535468],[22.821544,37.53913],[22.826182,37.549058],[22.813487,37.553412],[22.802013,37.560858],[22.795909,37.569159],[22.798839,37.576402],[22.788341,37.588772],[22.778331,37.596869],[22.756521,37.589667],[22.738455,37.580878],[22.72641,37.566352],[22.723155,37.541653],[22.725352,37.536566],[22.73463,37.524563],[22.736664,37.518378],[22.735525,37.511908],[22.730724,37.50023],[22.730479,37.494452],[22.734711,37.483344],[22.739919,37.477484],[22.745372,37.473131],[22.750336,37.466539],[22.751475,37.461615],[22.750336,37.442613],[22.752696,37.439683],[22.764822,37.431789],[22.764171,37.421536],[22.757335,37.408271],[22.757986,37.398261],[22.810395,37.348375],[22.819347,37.343695],[22.812511,37.329332],[22.826182,37.329332],[22.826182,37.323147],[22.819347,37.323147],[22.819347,37.316352],[22.829845,37.308295],[22.85377,37.273871],[22.86085,37.255683],[22.89503,37.206488],[22.898448,37.203681],[22.906586,37.193915],[22.911632,37.183417],[22.905284,37.178534],[22.900401,37.172919],[22.897227,37.159857],[22.89503,37.133857],[22.903168,37.121283],[22.922048,37.117987],[22.942719,37.120103],[22.956391,37.123969],[22.957042,37.11933],[22.958832,37.116523],[22.961192,37.114],[22.963878,37.110297],[22.956798,37.106757],[22.958018,37.10578],[22.963878,37.10342],[22.956391,37.095933],[22.973481,37.090969],[22.9817,37.082709],[22.979177,37.077826],[22.963878,37.082953],[22.972911,37.065131],[22.999848,37.033271],[22.998057,37.02147],[23.006114,37.004584],[23.011729,36.986762],[23.006521,36.987209],[22.99586,36.986477],[22.990733,36.986762],[22.993175,36.981838],[23.000824,36.971177],[23.004893,36.966864],[23.006847,36.97016],[23.007579,36.970852],[23.008474,36.971096],[23.011729,36.97309],[23.014985,36.963853],[23.016368,36.955268],[23.01531,36.947089],[23.011729,36.93891],[23.021739,36.925727],[23.041677,36.885443],[23.049001,36.876899],[23.045909,36.869086],[23.059255,36.851508],[23.086762,36.829088],[23.093272,36.818264],[23.095551,36.807034],[23.091807,36.798326],[23.080577,36.794989],[23.080577,36.788764],[23.091075,36.788275],[23.098806,36.786933],[23.114106,36.781317],[23.109874,36.773668],[23.098399,36.766669],[23.094412,36.76081],[23.092947,36.755194],[23.093028,36.752021],[23.093761,36.748928],[23.094412,36.74372],[23.088634,36.732896],[23.075857,36.733832],[23.061697,36.740546],[23.052013,36.747138],[23.043468,36.736029],[23.030935,36.725572],[23.025645,36.715644],[23.039073,36.706204],[23.036957,36.702867],[23.03419,36.695868],[23.032237,36.692572],[23.059418,36.692572],[23.034434,36.674872],[23.035655,36.649075],[23.050466,36.622463],[23.07016,36.596991],[23.080577,36.579291],[23.084809,36.576158],[23.104666,36.569322],[23.115977,36.562242],[23.134613,36.555365],[23.138845,36.550523],[23.141287,36.5456],[23.145356,36.541938],[23.15504,36.541083],[23.145763,36.535631],[23.141449,36.534247],[23.141449,36.528022],[23.147472,36.522366],[23.148204,36.517157],[23.143891,36.512274],[23.134613,36.507554],[23.151866,36.487291],[23.181814,36.472317],[23.203624,36.456122],[23.196056,36.432522],[23.161876,36.446194],[23.151866,36.435614],[23.139334,36.434068],[23.094737,36.443183],[23.085704,36.453599],[23.07838,36.465277],[23.066254,36.473456],[23.066254,36.479641],[23.072113,36.493109],[23.065115,36.509101],[23.051036,36.522447],[23.035655,36.528022],[22.992686,36.520331],[22.972423,36.520209],[22.963878,36.531155],[22.959239,36.547431],[22.936778,36.586168],[22.92921,36.59634],[22.917817,36.60517],[22.874685,36.63052],[22.888927,36.642483],[22.884288,36.654242],[22.84254,36.685004],[22.837169,36.68651],[22.833181,36.6789],[22.819347,36.665229],[22.814952,36.670559],[22.813731,36.679389],[22.819347,36.702786],[22.817149,36.717963],[22.807872,36.739569],[22.800792,36.775784],[22.786876,36.793443],[22.765147,36.804185],[22.736664,36.80858],[22.685557,36.809475],[22.622569,36.803453],[22.577403,36.783026],[22.579112,36.740383],[22.546153,36.721422],[22.533458,36.707221],[22.525076,36.685126],[22.540294,36.685207],[22.549815,36.67829],[22.553722,36.666205],[22.552501,36.650946],[22.545665,36.650946],[22.543793,36.658026],[22.54005,36.665269],[22.533865,36.670559],[22.525076,36.671454],[22.516775,36.666164],[22.511404,36.656887],[22.51002,36.648017],[22.514496,36.64411],[22.531016,36.632799],[22.526052,36.612372],[22.512706,36.602769],[22.504649,36.624254],[22.490001,36.617011],[22.48406,36.606635],[22.483572,36.547919],[22.486583,36.525092],[22.492686,36.506293],[22.511485,36.46662],[22.507335,36.461086],[22.511485,36.452338],[22.498302,36.445258],[22.493907,36.43476],[22.496755,36.422756],[22.504649,36.411363],[22.504649,36.404527],[22.495453,36.405341],[22.493012,36.402493],[22.492849,36.397284],[22.490977,36.390937],[22.479747,36.402045],[22.476329,36.419257],[22.475108,36.437567],[22.4699,36.452338],[22.455333,36.462226],[22.420421,36.473538],[22.408376,36.487128],[22.401622,36.487128],[22.391368,36.478502],[22.381358,36.480455],[22.371918,36.488227],[22.364024,36.497016],[22.354503,36.511908],[22.355317,36.522935],[22.361501,36.533759],[22.367442,36.547919],[22.383556,36.544176],[22.388194,36.556057],[22.384044,36.572496],[22.373709,36.582709],[22.378673,36.587592],[22.38795,36.602525],[22.367442,36.602525],[22.369314,36.615383],[22.367931,36.630845],[22.371349,36.642727],[22.38795,36.64411],[22.38795,36.650946],[22.368419,36.65648],[22.370616,36.67357],[22.38795,36.706204],[22.358572,36.702094],[22.339366,36.726467],[22.323741,36.75788],[22.305431,36.775092],[22.306977,36.794582],[22.291677,36.820136],[22.221528,36.897528],[22.200206,36.906399],[22.175059,36.891181],[22.148692,36.907172],[22.137869,36.917141],[22.133474,36.932115],[22.135753,36.931627],[22.140636,36.937161],[22.145356,36.946112],[22.147716,36.956041],[22.148774,36.967434],[22.153575,36.986884],[22.155121,37.014106],[22.153168,37.021186],[22.085623,37.033393],[22.048106,37.035142],[22.03004,37.030951],[21.992198,37.012112],[21.9546,37.003648],[21.943126,36.993313],[21.937348,36.979967],[21.927257,36.884467],[21.922211,36.872301],[21.921723,36.863227],[21.925955,36.851711],[21.93214,36.843004],[21.934906,36.834215],[21.928559,36.822252],[21.945649,36.809027],[21.956228,36.803453],[21.970225,36.801744],[21.970225,36.794989],[21.956798,36.794135],[21.945079,36.789944],[21.938813,36.783189],[21.942231,36.775092],[21.935883,36.766018],[21.894298,36.735053],[21.888682,36.729926],[21.882579,36.726549],[21.874034,36.726711],[21.856781,36.755072],[21.853526,36.757392],[21.822765,36.80858],[21.804861,36.807603],[21.789724,36.804755],[21.764171,36.794989],[21.752289,36.804999],[21.72877,36.812649],[21.722504,36.822252],[21.716319,36.822252],[21.707367,36.81802],[21.701915,36.825629],[21.696625,36.838446],[21.688487,36.849555],[21.692393,36.859036],[21.691661,36.867255],[21.68922,36.877021],[21.688487,36.891181],[21.69158,36.900295],[21.704763,36.917141],[21.709483,36.92593],[21.709972,36.942694],[21.702647,36.957261],[21.688162,36.964545],[21.667979,36.959418],[21.677419,36.963284],[21.680431,36.966457],[21.681651,36.97309],[21.672699,36.973578],[21.667735,36.970933],[21.661794,36.959418],[21.654796,36.994696],[21.629242,37.020901],[21.599294,37.045722],[21.578624,37.076728],[21.569672,37.116197],[21.567556,37.156317],[21.574392,37.192369],[21.592133,37.22016],[21.654959,37.260728],[21.682302,37.283922],[21.695811,37.316352],[21.691417,37.356635],[21.681977,37.378974],[21.674815,37.395982],[21.607107,37.499498],[21.569021,37.545356],[21.549978,37.561469],[21.463634,37.610256],[21.443044,37.618598],[21.431814,37.627631],[21.412364,37.648017],[21.402192,37.655422],[21.343272,37.669338],[21.323741,37.664944],[21.318533,37.637885],[21.312266,37.637885],[21.310232,37.647406],[21.310395,37.657416],[21.308279,37.666246],[21.298676,37.672593],[21.311046,37.693101],[21.314708,37.70954],[21.31186,37.726304],[21.295258,37.771674],[21.284923,37.785102],[21.271007,37.793402],[21.227306,37.811916],[21.122081,37.837388],[21.113048,37.843329],[21.107595,37.855455],[21.111583,37.870429],[21.106212,37.878079],[21.133556,37.946357],[21.140391,37.946357],[21.164399,37.929633],[21.207774,37.946031],[21.251638,37.976223],[21.277517,38.000963],[21.291515,37.997219],[21.303477,38.003323],[21.314626,38.013373],[21.325938,38.02143],[21.325938,38.028876],[21.322276,38.030911],[21.321137,38.031684],[21.320649,38.03266],[21.318533,38.035102],[21.308849,38.031724],[21.299083,38.026516],[21.290538,38.020657],[21.284353,38.015286],[21.329356,38.069892],[21.331309,38.076402],[21.367035,38.12108],[21.37143,38.131496],[21.373709,38.144477],[21.375743,38.204291],[21.374278,38.220649],[21.384939,38.211127],[21.398285,38.192939],[21.408539,38.18594],[21.407725,38.197943],[21.405284,38.207465],[21.40089,38.214789],[21.406098,38.208401],[21.420665,38.202338],[21.438243,38.200385],[21.459727,38.200181],[21.473969,38.196031],[21.523936,38.166002],[21.603038,38.151801],[21.622325,38.154771],[21.642345,38.162095],[21.674815,38.179674],[21.701345,38.205268],[21.741547,38.269721],[21.764171,38.295803],[21.840505,38.333645],[21.849457,38.341295],[21.915538,38.330512],[21.937022,38.330634],[21.946544,38.332343],[21.955903,38.336737],[21.965505,38.329901],[21.978038,38.323554],[21.992524,38.318752],[22.007823,38.316881],[22.020356,38.313218],[22.026622,38.304348],[22.030772,38.292955],[22.037852,38.282131],[22.048839,38.274807],[22.078624,38.263414],[22.089366,38.261664],[22.097341,38.262763],[22.108653,38.267401],[22.113617,38.267808],[22.122081,38.26081],[22.128917,38.256293],[22.137218,38.254218],[22.143321,38.249091],[22.154063,38.223456],[22.161388,38.213202],[22.169688,38.209703],[22.206065,38.200181],[22.209158,38.197943],[22.212901,38.193061],[22.218516,38.188178],[22.226573,38.18594],[22.257579,38.18594],[22.300792,38.177476],[22.312836,38.172268],[22.331228,38.1789],[22.346853,38.170803],[22.363455,38.158271],[22.394216,38.148424],[22.404307,38.141913],[22.414806,38.137885],[22.425548,38.141832],[22.432791,38.143256],[22.511485,38.129299],[22.620616,38.083482],[22.680431,38.066596],[22.688975,38.059272],[22.698497,38.056708],[22.778331,38.000963],[22.796397,37.976793],[22.802257,37.973619],[22.8213,37.969184],[22.852387,37.947496],[22.867198,37.939521],[22.88266,37.937567],[22.898204,37.939765],[22.922374,37.946357],[22.930024,37.946601],[22.938324,37.94595],[22.9463,37.946234],[22.952973,37.949408],[22.973155,37.973619],[22.975352,37.97899],[22.965505,37.990709],[22.950938,38.002427],[22.939464,38.007758],[22.923839,38.011786],[22.899181,38.027777],[22.88087,38.028876],[22.884125,38.032213],[22.887462,38.033637],[22.854015,38.035102],[22.875499,38.049302],[22.885427,38.054267],[22.898448,38.05622],[22.911632,38.060126],[22.933767,38.078274],[22.942882,38.083482],[22.969737,38.081977],[23.019054,38.065253],[23.039073,38.069892],[23.068614,38.058905],[23.100922,38.062405],[23.172862,38.079495],[23.189708,38.094387],[23.206716,38.097805],[23.216645,38.103339],[23.210297,38.115383],[23.194184,38.126939],[23.175548,38.131293],[23.175304,38.136298],[23.175548,38.144965],[23.188243,38.146064],[23.210704,38.15058],[23.223399,38.151801],[23.223399,38.159247],[23.21339,38.160264],[23.144054,38.167426],[23.128429,38.172268],[23.148936,38.18594],[23.122732,38.208075],[23.10963,38.21011],[23.077485,38.185777],[23.066661,38.183173],[23.032237,38.18594],[23.032237,38.192776],[23.052013,38.192776],[23.038829,38.208319],[23.025076,38.21662],[23.010427,38.220038],[22.951915,38.225287],[22.933767,38.222073],[22.922374,38.207017],[22.935883,38.210598],[22.950531,38.209784],[22.963064,38.204047],[22.969493,38.192776],[22.952322,38.193101],[22.922537,38.197455],[22.908702,38.192776],[22.89503,38.241156],[22.888194,38.241156],[22.88087,38.226955],[22.879568,38.231676],[22.876475,38.236314],[22.874685,38.241156],[22.856456,38.236396],[22.819998,38.232978],[22.805675,38.226955],[22.764822,38.247992],[22.773204,38.258287],[22.79127,38.270453],[22.798839,38.282131],[22.780284,38.28856],[22.742361,38.297065],[22.719412,38.310289],[22.702891,38.314032],[22.696462,38.316881],[22.691417,38.32217],[22.675304,38.343573],[22.684418,38.36107],[22.670177,38.381537],[22.646495,38.38996],[22.626801,38.371527],[22.644867,38.369615],[22.646169,38.361802],[22.636729,38.356269],[22.62379,38.360989],[22.612315,38.363837],[22.600922,38.355658],[22.591807,38.344184],[22.587169,38.336737],[22.587169,38.330512],[22.592296,38.328192],[22.595225,38.326239],[22.599132,38.324612],[22.606456,38.323065],[22.606456,38.316881],[22.599132,38.312812],[22.598155,38.310736],[22.599783,38.308173],[22.600271,38.302639],[22.588634,38.293036],[22.576427,38.290188],[22.562511,38.293524],[22.545665,38.302639],[22.545258,38.305569],[22.533946,38.322659],[22.531993,38.323065],[22.528982,38.328803],[22.526215,38.331732],[22.528331,38.33393],[22.538829,38.336737],[22.525157,38.358832],[22.477306,38.405666],[22.468435,38.421129],[22.463064,38.426093],[22.458832,38.427924],[22.448253,38.430487],[22.401622,38.453437],[22.402843,38.443061],[22.4074,38.425116],[22.408376,38.415595],[22.381114,38.39883],[22.373709,38.392035],[22.381033,38.383979],[22.385997,38.380194],[22.389985,38.38052],[22.394786,38.385159],[22.398611,38.375922],[22.396251,38.368354],[22.389822,38.36225],[22.381114,38.357856],[22.38795,38.35102],[22.382335,38.342678],[22.367524,38.341864],[22.348399,38.347357],[22.32252,38.35102],[22.284923,38.347317],[22.279307,38.353095],[22.266449,38.358547],[22.252615,38.360989],[22.243337,38.357856],[22.237071,38.357856],[22.224864,38.360053],[22.209321,38.352932],[22.195974,38.339545],[22.18922,38.323065],[22.180919,38.329983],[22.175304,38.343329],[22.168793,38.35102],[22.159516,38.353949],[22.150727,38.352769],[22.145763,38.35399],[22.147716,38.364081],[22.132579,38.372748],[22.100759,38.380316],[22.049083,38.398505],[22.029552,38.399237],[22.011241,38.392035],[21.987641,38.41059],[21.957856,38.411689],[21.928966,38.402899],[21.88852,38.379788],[21.879242,38.377997],[21.864106,38.377672],[21.85613,38.380927],[21.851248,38.388007],[21.846202,38.395331],[21.840505,38.398871],[21.831228,38.396674],[21.782237,38.363674],[21.774587,38.352607],[21.771658,38.333645],[21.762543,38.328355],[21.743012,38.337836],[21.716319,38.357856],[21.65797,38.357856],[21.641612,38.354438],[21.627126,38.348131],[21.613536,38.344957],[21.59962,38.35102],[21.535411,38.313951],[21.523936,38.295803],[21.517751,38.295803],[21.508474,38.302232],[21.494395,38.304633],[21.481619,38.305121],[21.476085,38.306057],[21.469249,38.312934],[21.428396,38.330512],[21.445323,38.334052],[21.461192,38.326972],[21.476085,38.316352],[21.489757,38.309475],[21.489757,38.316881],[21.485118,38.321234],[21.482677,38.324612],[21.483735,38.329047],[21.489757,38.336737],[21.480235,38.342231],[21.476085,38.343573],[21.476085,38.35102],[21.479991,38.352484],[21.489757,38.357856],[21.469981,38.357856],[21.476085,38.371527],[21.46697,38.367865],[21.458507,38.36636],[21.45045,38.367418],[21.442638,38.371527],[21.43686,38.367662],[21.432628,38.366197],[21.42213,38.364081],[21.428477,38.383734],[21.41627,38.39411],[21.395844,38.398139],[21.377452,38.398871],[21.369884,38.408189],[21.360118,38.467719],[21.339041,38.487535],[21.327485,38.494574],[21.32252,38.496283],[21.318207,38.495307],[21.308604,38.494371],[21.312022,38.486558],[21.353282,38.432929],[21.339041,38.432929],[21.341156,38.429267],[21.342133,38.428534],[21.343435,38.428371],[21.346446,38.426093],[21.342784,38.415758],[21.340343,38.404608],[21.336599,38.395697],[21.329356,38.392035],[21.319102,38.390204],[21.297862,38.381415],[21.291189,38.377672],[21.29363,38.373684],[21.294688,38.37344],[21.298676,38.371527],[21.291189,38.364081],[21.27768,38.370917],[21.269542,38.367865],[21.266368,38.361396],[21.267589,38.357856],[21.272227,38.354438],[21.264903,38.34691],[21.250255,38.336737],[21.239268,38.331122],[21.232432,38.329413],[21.212657,38.330512],[21.2046,38.334174],[21.197113,38.340155],[21.189626,38.341376],[21.181326,38.330512],[21.186371,38.326606],[21.192556,38.324123],[21.199962,38.323065],[21.195079,38.321967],[21.182872,38.319159],[21.175059,38.3133],[21.17449,38.302639],[21.15561,38.3039],[21.148611,38.314032],[21.145844,38.327053],[21.140391,38.336737],[21.128429,38.340155],[21.097911,38.340725],[21.085216,38.343573],[21.096934,38.347886],[21.105724,38.352973],[21.109386,38.360419],[21.106212,38.371527],[21.096446,38.366929],[21.09254,38.364081],[21.101329,38.379706],[21.106212,38.385159],[21.103282,38.37816],[21.113536,38.373928],[21.125011,38.37995],[21.133637,38.388658],[21.140391,38.398871],[21.122406,38.410346],[21.114757,38.409613],[21.106212,38.398871],[21.094737,38.402981],[21.086762,38.410468],[21.081798,38.420722],[21.078949,38.432929],[21.082042,38.434963],[21.083018,38.435045],[21.083669,38.435981],[21.085216,38.440375],[21.095225,38.430243],[21.106781,38.425442],[21.116222,38.428046],[21.119884,38.440375],[21.106212,38.432929],[21.11085,38.446112],[21.10141,38.464748],[21.106212,38.473944],[21.106212,38.481391],[21.09669,38.481431],[21.09018,38.48314],[21.078949,38.487535],[21.088145,38.492011],[21.092621,38.493598],[21.099376,38.494371],[21.095388,38.496487],[21.089692,38.500434],[21.085216,38.501858],[21.094737,38.51789],[21.097423,38.525946],[21.095958,38.531928],[21.086681,38.536444],[21.078868,38.532416],[21.071056,38.525824],[21.061778,38.522366],[21.058116,38.5185],[21.047211,38.511379],[21.035818,38.506903],[21.030528,38.51142],[21.028331,38.520575],[21.019054,38.53498],[21.016856,38.545885],[21.024587,38.586737],[21.024669,38.608466],[21.003673,38.626451],[20.988129,38.664008],[20.979015,38.672553],[20.940115,38.672919],[20.926606,38.676744],[20.914399,38.686225],[20.9074,38.698554],[20.883149,38.779364],[20.873383,38.795315],[20.859874,38.803534],[20.845225,38.799628],[20.830577,38.787787],[20.818533,38.773505],[20.811371,38.762519],[20.804047,38.773383],[20.798106,38.771552],[20.79184,38.766547],[20.784028,38.768134],[20.773285,38.760932],[20.769298,38.765041],[20.767426,38.774115],[20.763682,38.781724],[20.72934,38.803534],[20.72934,38.80976],[20.73699,38.822577],[20.741466,38.840888],[20.74936,38.857245],[20.767345,38.864325],[20.788829,38.863715],[20.800304,38.864569],[20.805186,38.867743],[20.801931,38.874091],[20.7942,38.879788],[20.785981,38.883857],[20.764496,38.891791],[20.756033,38.906887],[20.75408,38.924954],[20.757498,38.94009],[20.769786,38.95897],[20.775157,38.951606],[20.781586,38.935004],[20.797699,38.926418],[20.817068,38.921373],[20.835948,38.9289],[20.849783,38.943671],[20.859874,38.960517],[20.86671,38.960517],[20.869965,38.952582],[20.871104,38.947252],[20.870128,38.943427],[20.86671,38.94009],[20.8685,38.938381],[20.871593,38.936347],[20.872244,38.932807],[20.86671,38.926418],[20.886974,38.926174],[20.903819,38.928046],[20.915782,38.936103],[20.920665,38.954332],[20.927501,38.954332],[20.937185,38.944037],[20.947276,38.94359],[20.959483,38.946723],[20.975352,38.946845],[20.98878,38.942816],[20.998302,38.938056],[21.009451,38.934231],[21.027354,38.932603],[21.029959,38.926215],[21.026703,38.912177],[21.025564,38.898017],[21.033946,38.891669],[21.047537,38.888983],[21.060802,38.882229],[21.085216,38.864325],[21.086436,38.873358],[21.088878,38.878485],[21.09311,38.881741],[21.099376,38.885443],[21.099376,38.891669],[21.091645,38.904527],[21.102306,38.910834],[21.12086,38.910224],[21.136974,38.902533],[21.160411,38.880683],[21.160818,38.877997],[21.167003,38.87519],[21.172618,38.873521],[21.177419,38.876044],[21.181326,38.885443],[21.173106,38.891181],[21.169688,38.895819],[21.16684,38.910875],[21.163341,38.911811],[21.158865,38.910834],[21.154552,38.913398],[21.141856,38.930813],[21.140147,38.941311],[21.147227,38.954332],[21.141938,38.962388],[21.14503,38.971381],[21.152599,38.976711],[21.160818,38.974189],[21.159923,38.997748],[21.13559,39.023383],[21.085216,39.062934],[21.078136,39.056545],[21.074392,39.050035],[21.074474,39.043362],[21.078949,39.036282],[21.065278,39.040513],[21.060313,39.039049],[21.055186,39.037502],[21.037364,39.021959],[21.05836,39.008979],[21.003184,39.015123],[21.003184,39.021959],[20.990896,39.024237],[20.979177,39.030707],[20.969981,39.037177],[20.965668,39.039374],[20.953787,39.034166],[20.944184,39.03856],[20.937511,39.047675],[20.934825,39.056708],[20.936778,39.056708],[20.939789,39.061021],[20.948497,39.062934],[20.948497,39.06977],[20.941091,39.06977],[20.931407,39.064765],[20.920177,39.064521],[20.909434,39.068671],[20.901378,39.077216],[20.893891,39.077216],[20.888194,39.067206],[20.870372,39.059312],[20.86671,39.053046],[20.870942,39.043118],[20.882009,39.041205],[20.886485,39.036444],[20.8449,39.036933],[20.859874,39.042467],[20.858165,39.049262],[20.857758,39.058905],[20.854991,39.065497],[20.846202,39.062934],[20.846446,39.066799],[20.84547,39.069159],[20.8449,39.070868],[20.846528,39.072089],[20.846202,39.077216],[20.837657,39.078315],[20.832367,39.07689],[20.829112,39.073717],[20.825694,39.06977],[20.838064,39.091742],[20.834158,39.108466],[20.822439,39.114488],[20.811371,39.10456],[20.805186,39.111396],[20.80128,39.104193],[20.795421,39.098619],[20.787364,39.094387],[20.777192,39.090888],[20.777192,39.083441],[20.79184,39.080797],[20.787934,39.072455],[20.787608,39.061021],[20.784028,39.049262],[20.776703,39.041938],[20.768728,39.037746],[20.761567,39.032416],[20.757498,39.021959],[20.743175,39.029486],[20.743907,39.019273],[20.745372,39.014716],[20.74936,39.013983],[20.757498,39.015123],[20.803884,38.985297],[20.823497,38.977851],[20.8296,38.970771],[20.831798,38.96369],[20.828787,38.960517],[20.820079,38.962226],[20.802094,38.970649],[20.772716,38.978258],[20.766368,38.977607],[20.757498,38.974189],[20.757009,38.969794],[20.746918,38.957953],[20.735118,38.9501],[20.72934,38.957465],[20.726329,38.966783],[20.719086,38.973578],[20.712169,38.979071],[20.708995,38.984442],[20.707856,38.990383],[20.705577,38.993638],[20.703298,38.995795],[20.702159,38.998358],[20.704356,39.00495],[20.709239,39.008979],[20.713878,39.011908],[20.715831,39.015123],[20.70574,39.04857],[20.686534,39.072455],[20.660004,39.089993],[20.627696,39.10456],[20.595876,39.123847],[20.517833,39.200751],[20.488292,39.21662],[20.478852,39.225165],[20.482432,39.23428],[20.477387,39.243394],[20.475108,39.255072],[20.47641,39.266588],[20.482432,39.275214],[20.482432,39.28266],[20.470388,39.278469],[20.460216,39.277289],[20.45281,39.280463],[20.448253,39.289496],[20.433442,39.282864],[20.4192,39.283352],[20.405772,39.288804],[20.393565,39.296942],[20.365571,39.287665],[20.32488,39.303778],[20.292817,39.333441],[20.290701,39.364651],[20.277192,39.374701],[20.269705,39.387356],[20.258962,39.397284],[20.236013,39.399359],[20.236013,39.406195],[20.242849,39.406195],[20.242849,39.412421],[20.234711,39.420356],[20.223643,39.435858],[20.215587,39.440334],[20.232758,39.444648],[20.253591,39.444159],[20.267345,39.446926],[20.263927,39.460761],[20.254242,39.468817],[20.215587,39.488715],[20.215587,39.49494],[20.232921,39.494208],[20.245372,39.491645],[20.255056,39.492377],[20.263927,39.501776],[20.263927,39.508612],[20.253591,39.514228],[20.236013,39.520819],[20.222016,39.521308],[20.222423,39.508612],[20.213634,39.51496],[20.202159,39.520413],[20.190684,39.521674],[20.201915,39.529731],[20.183116,39.533271],[20.165782,39.534735],[20.149587,39.533637],[20.133556,39.529731],[20.141287,39.537828],[20.145518,39.547065],[20.147146,39.557807],[20.146658,39.570705],[20.154063,39.56391],[20.160899,39.564358],[20.167654,39.569525],[20.174571,39.57685],[20.174978,39.580268],[20.174164,39.593207],[20.174571,39.597968],[20.176524,39.598619],[20.186046,39.603827],[20.188243,39.604193],[20.181814,39.624457],[20.165212,39.633612],[20.148204,39.637519],[20.140391,39.642401],[20.137055,39.646552],[20.121349,39.656806],[20.116222,39.65884],[20.104828,39.661078],[20.096528,39.665961],[20.088878,39.673082],[20.044607,39.680894],[20.021658,39.68769],[20.01002,39.693549],[20.004405,39.692776],[19.999848,39.693508],[19.996837,39.692572],[19.99586,39.686713],[19.989024,39.686713],[19.983572,39.701361],[19.98699,39.717963],[20.002696,39.748236],[19.985606,39.75373],[19.980642,39.75731],[19.99586,39.782945],[20.014171,39.832953],[20.016287,39.845038],[20.009776,39.865668],[19.999278,39.871405],[19.983735,39.872382],[19.961681,39.878567],[19.960216,39.881049],[19.959972,39.885077],[19.958832,39.88935],[19.954845,39.892808],[19.941173,39.898993],[19.931163,39.901923],[19.914073,39.902411],[19.906423,39.90644],[19.906423,39.912665],[19.921235,39.926947],[19.931,39.934516],[19.941173,39.940009],[19.923839,39.952826],[19.876801,40.022366],[19.870453,40.034735],[19.863455,40.045356],[19.855235,40.049872],[19.823253,40.050605],[19.807384,40.052883],[19.79656,40.057318],[19.804535,40.063463],[19.777354,40.077786],[19.773123,40.071234],[19.771658,40.068305],[19.770518,40.063463],[19.767263,40.072455],[19.762462,40.07685],[19.756358,40.079901],[19.74936,40.084621],[19.748057,40.088609],[19.740896,40.100409],[19.732677,40.110256],[19.729015,40.108222],[19.719086,40.116034],[19.653168,40.132392],[19.59783,40.157701],[19.565766,40.179836],[19.509288,40.194485],[19.476248,40.21369],[19.381114,40.295233],[19.369965,40.309027],[19.365082,40.317369],[19.351573,40.362047],[19.344249,40.374335],[19.309255,40.400824],[19.296886,40.41356],[19.295177,40.417548],[19.295177,40.418687],[19.289561,40.420396],[19.289561,40.427232],[19.316173,40.437812],[19.33253,40.43891],[19.348155,40.43065],[19.3838,40.397406],[19.39324,40.386298],[19.406505,40.362616],[19.411957,40.34809],[19.414236,40.334418],[19.423595,40.330024],[19.444591,40.333808],[19.465587,40.341498],[19.474946,40.348375],[19.481619,40.439114],[19.47877,40.453925],[19.453136,40.465318],[19.418793,40.491889],[19.391368,40.521796],[19.386404,40.54328],[19.39324,40.537055],[19.396007,40.529608],[19.398611,40.520941],[19.406749,40.522773],[19.414236,40.522773],[19.433604,40.505927],[19.446056,40.511135],[19.452647,40.529853],[19.4546,40.55386],[19.442149,40.573065],[19.415701,40.583482],[19.391612,40.578315],[19.386404,40.550727],[19.379242,40.566148],[19.309825,40.644355],[19.304373,40.653144],[19.309337,40.665025],[19.322927,40.674872],[19.339041,40.684068],[19.351573,40.694159],[19.360525,40.709784],[19.364513,40.726508],[19.365571,40.785956],[19.368826,40.802151],[19.377778,40.812974],[19.396251,40.817043],[19.406749,40.820746],[19.404063,40.829291],[19.396739,40.83869],[19.39324,40.844916],[19.397634,40.852973],[19.404796,40.86107],[19.411388,40.867092],[19.414236,40.868842],[19.406261,40.880316],[19.391124,40.89525],[19.381196,40.908271],[19.389822,40.913804],[19.404959,40.918158],[19.424571,40.939643],[19.440929,40.948635],[19.427013,40.936835],[19.435395,40.913398],[19.427257,40.893378],[19.427257,40.87226],[19.434744,40.87226],[19.437836,40.886542],[19.437673,40.88345],[19.439138,40.880072],[19.440929,40.87226],[19.454112,40.88581],[19.506602,40.905097],[19.523448,40.92064],[19.525157,40.945258],[19.514659,40.964911],[19.501475,40.982978],[19.495453,41.002631],[19.492035,40.976955],[19.479666,40.953925],[19.453868,40.923977],[19.453461,40.928371],[19.447765,40.934312],[19.458507,40.942613],[19.469981,40.956732],[19.477224,40.975002],[19.474946,40.995795],[19.469981,41.000718],[19.453787,41.005845],[19.447765,41.009467],[19.440603,41.020657],[19.441254,41.026028],[19.445486,41.030707],[19.456391,41.106676],[19.451182,41.122707],[19.445486,41.129462],[19.441173,41.137356],[19.441905,41.143866],[19.463715,41.151313],[19.467133,41.162665],[19.467133,41.176174],[19.468761,41.187567],[19.509532,41.237291],[19.516612,41.256415],[19.513357,41.276679],[19.50294,41.294135],[19.488048,41.306464],[19.471934,41.311103],[19.450043,41.311103],[19.431651,41.313707],[19.418956,41.322577],[19.414236,41.341498],[19.414236,41.382799],[19.410818,41.391669],[19.396007,41.402045],[19.39324,41.41352],[19.406423,41.400377],[19.428722,41.401313],[19.44516,41.415188],[19.440929,41.440863],[19.46461,41.450873],[19.489268,41.466132],[19.508637,41.486884],[19.516612,41.513414],[19.514171,41.529975],[19.507172,41.536282],[19.496349,41.538764],[19.482432,41.54385],[19.468028,41.554267],[19.451996,41.574774],[19.440929,41.585395],[19.528087,41.576565],[19.556407,41.583075],[19.565196,41.58511],[19.584809,41.619574],[19.591645,41.619574],[19.592296,41.608588],[19.596039,41.602729],[19.603038,41.601752],[19.612966,41.605292],[19.604991,41.632148],[19.600108,41.639106],[19.591645,41.632636],[19.587087,41.640692],[19.557628,41.660549],[19.578136,41.687649],[19.576345,41.71894],[19.571137,41.752387],[19.5713,41.770413],[19.589529,41.765692],[19.598969,41.778713],[19.599783,41.79975],[19.591645,41.818793],[19.585216,41.818549],[19.465505,41.855455],[19.451182,41.862535],[19.432953,41.868598],[19.365082,41.852362],[19.346934,41.863959],[19.310232,41.894517],[19.293224,41.900784],[19.220225,41.91885],[19.202973,41.927069],[19.178477,41.933905],[19.170258,41.937974],[19.162283,41.947943],[19.161957,41.953437],[19.163259,41.95897],[19.16033,41.96898],[19.15561,41.970649],[19.145274,41.977607],[19.13795,41.985297],[19.142914,41.988837],[19.143565,41.993069],[19.139171,42.042426],[19.08253,42.081204],[19.074718,42.095649],[19.083832,42.110093],[19.076427,42.115953],[19.063975,42.120185],[19.048676,42.140204],[19.01059,42.139553],[19.002126,42.150214],[18.999848,42.161078],[18.994802,42.163642],[18.988048,42.163723],[18.981619,42.16706],[18.968028,42.188707],[18.953461,42.199856],[18.913341,42.222235],[18.901703,42.237494],[18.894705,42.270494],[18.885997,42.284369],[18.871593,42.290473],[18.854015,42.290473],[18.838878,42.285712],[18.831391,42.277533],[18.826508,42.282213],[18.820486,42.286689],[18.817638,42.291164],[18.801524,42.284369],[18.793956,42.280341],[18.788748,42.276028],[18.786388,42.274115],[18.778575,42.27147],[18.771983,42.276923],[18.762462,42.291164],[18.729503,42.311591],[18.714529,42.325263],[18.714122,42.338935],[18.708344,42.342475],[18.699718,42.34984],[18.693614,42.353217],[18.693614,42.359442],[18.695811,42.373765],[18.678477,42.385972],[18.658539,42.386623],[18.653168,42.366278],[18.646495,42.366278],[18.638438,42.370307],[18.61671,42.368069],[18.612315,42.36994],[18.607107,42.37641],[18.5949,42.383734],[18.580903,42.389838],[18.570649,42.392971],[18.573009,42.39643],[18.57309,42.397528],[18.574067,42.398261],[18.578136,42.400377],[18.552989,42.413642],[18.545177,42.42357],[18.550141,42.435126],[18.562836,42.438544],[18.644949,42.418362],[18.656505,42.415513],[18.685557,42.403998],[18.70045,42.392971],[18.708181,42.408515],[18.706554,42.421047],[18.683849,42.458808],[18.683279,42.468085],[18.687348,42.482896],[18.654145,42.451809],[18.608653,42.44538],[18.502452,42.455634],[18.502452,42.448188],[18.521251,42.437974],[18.51295,42.409003],[18.529796,42.400377],[18.510265,42.40526],[18.49643,42.416327],[18.474457,42.441352],[18.460948,42.447943],[18.427582,42.455268],[18.413097,42.461859],[18.411876,42.47602],[18.238943,42.559068],[18.220551,42.579169],[18.220876,42.588324],[18.223155,42.602118],[18.223481,42.614691],[18.21754,42.620103],[18.166026,42.626939],[18.124848,42.644599],[18.108653,42.647406],[18.091645,42.648261],[18.07602,42.651313],[18.063975,42.65762],[18.057384,42.667914],[18.077322,42.667914],[18.055919,42.68301],[18.047862,42.690619],[18.043224,42.702053],[18.028331,42.691311],[18.003266,42.70067],[17.961192,42.729397],[17.901622,42.751899],[17.880707,42.768744],[17.892833,42.790839],[17.865082,42.789944],[17.834972,42.807196],[17.806651,42.811916],[17.800059,42.810981],[17.792328,42.808539],[17.785655,42.805162],[17.780121,42.796942],[17.773774,42.79857],[17.767751,42.802314],[17.765391,42.804429],[17.7588,42.807603],[17.735118,42.821967],[17.720958,42.826239],[17.739594,42.813056],[17.748709,42.803412],[17.761892,42.778713],[17.761892,42.774319],[17.755138,42.770941],[17.748709,42.77204],[17.748709,42.778144],[17.750255,42.785712],[17.748871,42.790839],[17.72877,42.800767],[17.678559,42.81623],[17.633474,42.822943],[17.580089,42.841254],[17.525238,42.848619],[17.44044,42.873358],[17.442719,42.898627],[17.417247,42.9112],[17.350922,42.92178],[17.271332,42.963365],[17.237478,42.971381],[17.221528,42.979804],[17.213878,42.982611],[17.201915,42.98432],[17.095388,42.984442],[17.062511,42.990058],[17.046153,42.995063],[17.027517,43.003567],[17.017914,43.013821],[17.028168,43.024156],[17.028168,43.030992],[17.018809,43.034084],[17.01295,43.039211],[17.008067,43.045315],[17.001638,43.0515],[17.023123,43.048651],[17.055675,43.028957],[17.073253,43.024156],[17.158702,43.030992],[17.240245,43.022773],[17.390473,42.977729],[17.425792,42.960883],[17.454112,42.942288],[17.45574,42.938422],[17.455903,42.932929],[17.456798,42.926988],[17.460216,42.92178],[17.464854,42.920722],[17.476573,42.922431],[17.481456,42.92178],[17.499278,42.911851],[17.50766,42.909084],[17.518891,42.908149],[17.522634,42.910224],[17.522146,42.919623],[17.526134,42.92178],[17.532074,42.9206],[17.541515,42.915473],[17.54656,42.914293],[17.55893,42.912828],[17.568126,42.909084],[17.583751,42.900702],[17.622895,42.891303],[17.641612,42.884467],[17.65268,42.873358],[17.658946,42.873358],[17.673676,42.875067],[17.715994,42.844184],[17.741466,42.83926],[17.710948,42.856635],[17.701915,42.868476],[17.713634,42.880805],[17.707367,42.88703],[17.678722,42.879381],[17.653331,42.890937],[17.652843,42.891181],[17.556488,42.93476],[17.573985,42.934272],[17.601085,42.925238],[17.617931,42.92178],[17.603038,42.932563],[17.580658,42.942084],[17.580089,42.942328],[17.549653,42.955308],[17.534516,42.950629],[17.515636,42.958889],[17.498546,42.972154],[17.488292,42.982611],[17.47462,43.001166],[17.470876,43.013414],[17.479177,43.022406],[17.501964,43.030992],[17.487966,43.03498],[17.47169,43.030463],[17.45338,43.022773],[17.433604,43.017401],[17.440684,43.019965],[17.460216,43.030992],[17.45045,43.031155],[17.440684,43.032294],[17.432302,43.0362],[17.426117,43.044623],[17.433604,43.0515],[17.427419,43.060858],[17.426117,43.065172],[17.404552,43.0515],[17.37086,43.073879],[17.316254,43.127265],[17.172374,43.18183],[17.138031,43.202338],[17.121349,43.208808],[17.113943,43.213202],[17.107758,43.226386],[17.100271,43.231676],[17.09018,43.235175],[17.080089,43.236518],[17.073497,43.238959],[17.066661,43.244859],[17.056326,43.256985],[17.054454,43.261217],[17.051117,43.274237],[17.04949,43.278022],[17.045095,43.279771],[17.0324,43.282375],[17.028168,43.284247],[16.93393,43.373603],[16.906016,43.387274],[16.895763,43.394599],[16.88852,43.40119],[16.880626,43.405951],[16.752452,43.419501],[16.693858,43.4383],[16.625824,43.449042],[16.534841,43.497138],[16.533458,43.499701],[16.532563,43.50434],[16.53004,43.508775],[16.524669,43.51081],[16.518565,43.509711],[16.509532,43.505072],[16.504405,43.503974],[16.466563,43.51081],[16.391449,43.51081],[16.391449,43.517646],[16.411388,43.517808],[16.434255,43.521877],[16.455903,43.528957],[16.473399,43.538153],[16.456798,43.545885],[16.433849,43.54975],[16.336762,43.551174],[16.324962,43.548529],[16.306326,43.539944],[16.299327,43.538153],[16.281098,43.536038],[16.239594,43.526557],[16.117686,43.524482],[16.117686,43.517646],[16.150727,43.511379],[16.164887,43.504096],[16.172374,43.489691],[16.11085,43.489691],[16.113129,43.478909],[16.098481,43.480048],[16.066173,43.489691],[16.039561,43.49079],[16.028331,43.49494],[16.014008,43.503974],[16.007823,43.503974],[16.007823,43.497138],[15.995779,43.503363],[15.973481,43.503119],[15.966319,43.51081],[15.965505,43.509101],[15.965587,43.506171],[15.964366,43.503892],[15.959483,43.503974],[15.961274,43.515041],[15.966563,43.516913],[15.974376,43.51675],[15.983653,43.521064],[15.98699,43.527289],[15.984223,43.53205],[15.98227,43.537299],[15.987315,43.544908],[15.970958,43.543524],[15.965099,43.541938],[15.959483,43.538153],[15.956228,43.547919],[15.94809,43.552883],[15.925304,43.55858],[15.941905,43.560004],[15.944184,43.566718],[15.935395,43.572943],[15.917979,43.572903],[15.917979,43.579088],[15.922618,43.581122],[15.927582,43.584296],[15.93214,43.586575],[15.92213,43.591986],[15.917979,43.593329],[15.925304,43.599555],[15.917979,43.606391],[15.925304,43.613837],[15.918956,43.62873],[15.929535,43.634223],[15.966319,43.633734],[15.966319,43.641181],[15.921397,43.648139],[15.904796,43.648017],[15.916759,43.653632],[15.926606,43.653022],[15.934825,43.649848],[15.942393,43.648017],[15.952973,43.650865],[15.951427,43.657416],[15.942638,43.664293],[15.93214,43.668443],[15.945974,43.672309],[15.952403,43.679755],[15.95045,43.688544],[15.938975,43.696438],[15.939708,43.677639],[15.931163,43.6765],[15.906749,43.691474],[15.892914,43.700507],[15.885997,43.700344],[15.876801,43.701646],[15.870779,43.703192],[15.864513,43.708157],[15.850759,43.723944],[15.844005,43.729926],[15.803477,43.746405],[15.792166,43.754462],[15.771007,43.759955],[15.706309,43.763414],[15.692638,43.774604],[15.68214,43.797187],[15.658458,43.80508],[15.632986,43.810452],[15.617442,43.825507],[15.647309,43.815863],[15.663097,43.812974],[15.678884,43.811835],[15.678884,43.819281],[15.673025,43.821234],[15.668956,43.82099],[15.666759,43.819973],[15.665782,43.819281],[15.638845,43.836127],[15.574067,43.859524],[15.546886,43.876573],[15.545177,43.877631],[15.524913,43.900458],[15.512218,43.911078],[15.497732,43.915513],[15.482432,43.917141],[15.473643,43.919135],[15.466075,43.921698],[15.455089,43.928046],[15.449718,43.934394],[15.445649,43.941352],[15.438731,43.949652],[15.384044,43.997382],[15.358084,44.025702],[15.33961,44.039374],[15.319509,44.045233],[15.277599,44.082343],[15.278331,44.085598],[15.233246,44.120917],[15.222016,44.125637],[15.212901,44.131049],[15.208832,44.13817],[15.212738,44.148261],[15.196951,44.15648],[15.144542,44.195461],[15.160411,44.213202],[15.152192,44.235297],[15.131521,44.254625],[15.110362,44.26435],[15.122244,44.274807],[15.140636,44.282457],[15.157563,44.280341],[15.16505,44.261217],[15.176606,44.249945],[15.197927,44.25731],[15.207774,44.272773],[15.185395,44.285386],[15.193044,44.286851],[15.194184,44.288642],[15.194591,44.288804],[15.199067,44.285386],[15.206554,44.285386],[15.201182,44.297512],[15.19809,44.301663],[15.247569,44.277981],[15.268403,44.25845],[15.279552,44.251776],[15.295258,44.250678],[15.281749,44.285386],[15.290538,44.287421],[15.294932,44.290229],[15.297862,44.294013],[15.302745,44.29914],[15.289317,44.302191],[15.278168,44.309801],[15.268891,44.320461],[15.261241,44.332587],[15.280528,44.327541],[15.308604,44.309272],[15.336925,44.301663],[15.408539,44.272284],[15.42449,44.267971],[15.503591,44.259223],[15.525238,44.260688],[15.528656,44.271796],[15.514822,44.27851],[15.449229,44.285386],[15.444184,44.288479],[15.414073,44.316555],[15.406016,44.320624],[15.307953,44.354397],[15.293793,44.364814],[15.15504,44.466702],[15.108084,44.513861],[15.080089,44.536078],[15.052013,44.545478],[15.047862,44.55036],[15.01531,44.569078],[15.007335,44.569729],[15.001313,44.578518],[14.901378,44.690172],[14.8838,44.723619],[14.895193,44.736151],[14.893891,44.750963],[14.887462,44.768378],[14.8838,44.788764],[14.881358,44.844062],[14.8838,44.861477],[14.905284,44.924628],[14.914887,44.939927],[14.921641,44.958808],[14.914317,44.981431],[14.856456,45.076483],[14.852794,45.093655],[14.84254,45.105536],[14.827403,45.113959],[14.765961,45.137356],[14.657888,45.196601],[14.6067,45.244371],[14.592784,45.249823],[14.57602,45.262274],[14.568614,45.275946],[14.582205,45.285346],[14.570811,45.293647],[14.534353,45.31269],[14.552257,45.297675],[14.555431,45.295885],[14.551931,45.288072],[14.543305,45.28384],[14.533051,45.283881],[14.524425,45.288764],[14.510509,45.29975],[14.402354,45.338609],[14.363617,45.344631],[14.345876,45.35163],[14.329763,45.35399],[14.311534,45.34398],[14.290782,45.320502],[14.271983,45.290107],[14.258474,45.255764],[14.247732,45.186469],[14.234711,45.154568],[14.23406,45.153062],[14.232595,45.149359],[14.209239,45.12637],[14.179373,45.134508],[14.195323,45.120592],[14.193126,45.105618],[14.180431,45.091457],[14.164399,45.079901],[14.158214,45.087348],[14.154307,45.078925],[14.154063,45.071967],[14.158214,45.053209],[14.154307,45.054999],[14.147472,45.057278],[14.143891,45.059394],[14.143891,45.053209],[14.159434,45.040351],[14.166189,45.018948],[14.163748,44.995754],[14.151378,44.977484],[14.139903,44.97134],[14.131847,44.972073],[14.124197,44.975409],[14.113292,44.977484],[14.101329,44.97427],[14.089692,44.966498],[14.080414,44.957261],[14.075694,44.94953],[14.068858,44.94953],[14.071625,44.969062],[14.0796,44.977932],[14.083832,44.986396],[14.075694,45.004828],[14.054535,45.018459],[14.051524,45.026028],[14.053071,45.033149],[14.051931,45.038031],[14.040294,45.038967],[14.044119,45.027167],[14.039887,45.009426],[14.044281,45.00141],[14.054698,44.996527],[14.064138,44.995754],[14.071544,44.993354],[14.075694,44.98371],[14.064789,44.976142],[14.050792,44.956488],[14.044444,44.951402],[14.040294,44.956366],[14.034679,44.956366],[14.038748,44.949408],[14.040212,44.941067],[14.039073,44.93183],[14.034679,44.922309],[14.026622,44.924058],[14.022472,44.923489],[14.022634,44.9206],[14.027843,44.915432],[14.027843,44.908637],[14.022716,44.908271],[14.021495,44.907375],[14.021739,44.905097],[14.020518,44.901109],[14.01059,44.90526],[13.988455,44.900784],[13.972667,44.901109],[13.980724,44.896552],[13.98585,44.892076],[13.993012,44.881293],[13.986176,44.881293],[13.986176,44.875067],[13.993012,44.875067],[13.993012,44.867621],[13.98585,44.864163],[13.981293,44.859809],[13.972667,44.847154],[13.97462,44.839667],[13.976329,44.83747],[13.976248,44.834906],[13.972667,44.826646],[13.983246,44.827053],[13.989431,44.8251],[13.993988,44.820502],[14.000011,44.813056],[13.963878,44.811835],[13.9463,44.813788],[13.931651,44.820502],[13.929698,44.816352],[13.929535,44.815253],[13.924815,44.813056],[13.918712,44.829047],[13.909679,44.830959],[13.899587,44.829047],[13.890147,44.833482],[13.883149,44.826646],[13.893891,44.823391],[13.904307,44.817288],[13.909353,44.808987],[13.90447,44.798774],[13.913422,44.782416],[13.917979,44.778266],[13.903168,44.772406],[13.899425,44.781968],[13.89975,44.798285],[13.896983,44.813056],[13.889659,44.817084],[13.860037,44.82567],[13.849132,44.826646],[13.851248,44.830024],[13.853852,44.837063],[13.855968,44.840277],[13.852794,44.840766],[13.845551,44.840155],[13.842296,44.840277],[13.849132,44.847154],[13.842296,44.854641],[13.831391,44.852729],[13.815684,44.856594],[13.799327,44.864569],[13.78712,44.875067],[13.794607,44.881293],[13.804861,44.870592],[13.819591,44.867662],[13.833751,44.873358],[13.842296,44.888129],[13.815278,44.883531],[13.804861,44.885403],[13.794607,44.894965],[13.794607,44.901109],[13.798676,44.903957],[13.803477,44.910631],[13.808116,44.915432],[13.796723,44.924872],[13.774099,44.963813],[13.732758,44.99494],[13.681326,45.046373],[13.67335,45.051093],[13.660818,45.061225],[13.643809,45.070502],[13.62322,45.073065],[13.627696,45.079413],[13.633067,45.089423],[13.636892,45.093573],[13.612559,45.117865],[13.63852,45.130032],[13.726248,45.134508],[13.706716,45.141099],[13.683604,45.143378],[13.636892,45.142035],[13.61199,45.136786],[13.600597,45.137274],[13.595958,45.145413],[13.597911,45.155951],[13.600597,45.164618],[13.599376,45.171291],[13.589122,45.175482],[13.593761,45.182278],[13.594412,45.187323],[13.590587,45.191799],[13.582286,45.196601],[13.582286,45.202826],[13.590505,45.206488],[13.594493,45.212633],[13.594249,45.220771],[13.589122,45.230699],[13.595714,45.240546],[13.595225,45.2508],[13.588227,45.259589],[13.57545,45.264879],[13.578787,45.270982],[13.584239,45.276068],[13.592052,45.27912],[13.602712,45.27912],[13.602712,45.285346],[13.59254,45.288804],[13.584646,45.293199],[13.578949,45.299018],[13.57545,45.306464],[13.585704,45.307807],[13.594493,45.311103],[13.609548,45.320136],[13.597911,45.324368],[13.571056,45.325019],[13.561778,45.326361],[13.550629,45.334296],[13.54127,45.346137],[13.540538,45.356757],[13.554942,45.36107],[13.554942,45.367336],[13.543142,45.376166],[13.513357,45.436225],[13.515391,45.438137],[13.518565,45.440334],[13.520763,45.44302],[13.515961,45.447455],[13.515636,45.448147],[13.517833,45.449774],[13.520763,45.457261],[13.504568,45.483873],[13.501475,45.498603],[13.507091,45.511908],[13.513357,45.511908],[13.523123,45.506252],[13.568614,45.49079],[13.589529,45.488837],[13.591645,45.493109],[13.589122,45.501614],[13.595958,45.511908],[13.595958,45.518134],[13.586192,45.519477],[13.578624,45.523383],[13.572765,45.529975],[13.568614,45.539252],[13.58961,45.535793],[13.675141,45.544745],[13.75294,45.552883],[13.75294,45.559068],[13.742361,45.56977],[13.727387,45.581204],[13.711762,45.593207],[13.718761,45.600653],[13.730154,45.613105],[13.757009,45.613674],[13.786876,45.611151],[13.808116,45.614325],[13.795584,45.617011],[13.786469,45.624335],[13.77711,45.635443],[13.739268,45.649115],[13.75766,45.654975],[13.753673,45.672309],[13.739106,45.691596],[13.726248,45.703762],[13.647309,45.76203],[13.628917,45.77261],[13.574229,45.789618],[13.55128,45.792426],[13.534434,45.78205],[13.524181,45.760077],[13.528331,45.740546],[13.554942,45.737209],[13.518403,45.72484],[13.513357,45.720771],[13.507823,45.714423],[13.480235,45.710679],[13.469249,45.706855],[13.451671,45.693793],[13.427989,45.681138],[13.401703,45.675442],[13.37672,45.683173],[13.390961,45.685777],[13.40919,45.691311],[13.424815,45.698554],[13.431407,45.706855],[13.422618,45.724066],[13.381684,45.730048],[13.369395,45.744615],[13.351817,45.740302],[13.254893,45.756049],[13.24586,45.758938],[13.221853,45.776068],[13.215505,45.778795],[13.204926,45.777737],[13.169444,45.768744],[13.157725,45.754584],[13.149669,45.751532],[13.139822,45.754869],[13.131358,45.768866],[13.119314,45.771959],[13.11085,45.767646],[13.108165,45.758205],[13.111827,45.748847],[13.122895,45.744615],[13.122895,45.737209],[13.100597,45.736233],[13.080577,45.727607],[13.069591,45.71369],[13.075043,45.696845],[13.091482,45.689195],[13.111664,45.691352],[13.149669,45.703762],[13.138031,45.689399],[13.103038,45.669013],[13.095632,45.65233],[13.095551,45.652167],[13.084972,45.641913],[13.060557,45.636664],[12.9817,45.634833],[12.943858,45.628567],[12.780772,45.553534],[12.611664,45.496161],[12.512706,45.470445],[12.495942,45.460395],[12.487804,45.456732],[12.451427,45.450426],[12.423676,45.438056],[12.41033,45.436225],[12.418224,45.451117],[12.42921,45.464016],[12.435802,45.474921],[12.430919,45.484036],[12.440603,45.482978],[12.447276,45.48432],[12.45102,45.489],[12.451427,45.498236],[12.458181,45.498236],[12.462901,45.489732],[12.46697,45.485582],[12.471934,45.485907],[12.478689,45.49079],[12.465017,45.504462],[12.476329,45.503567],[12.487153,45.504096],[12.497325,45.506741],[12.499197,45.504462],[12.499848,45.505845],[12.503184,45.502875],[12.506196,45.499091],[12.506602,45.498236],[12.503184,45.49787],[12.492931,45.498236],[12.492931,45.49079],[12.515147,45.492743],[12.520518,45.505032],[12.521495,45.518988],[12.530447,45.52558],[12.548106,45.527004],[12.562511,45.531643],[12.573578,45.540025],[12.581716,45.552883],[12.569672,45.549384],[12.5442,45.536566],[12.537283,45.535834],[12.518321,45.549954],[12.510509,45.559068],[12.506602,45.57331],[12.485199,45.565009],[12.458507,45.548326],[12.441905,45.530341],[12.451427,45.518134],[12.451427,45.511908],[12.434906,45.512356],[12.417735,45.523586],[12.41033,45.518134],[12.403575,45.518134],[12.396739,45.539252],[12.384125,45.523017],[12.390391,45.513983],[12.424001,45.504462],[12.424001,45.498236],[12.411632,45.493313],[12.393403,45.491645],[12.380544,45.494778],[12.383067,45.504462],[12.350434,45.504869],[12.309581,45.488918],[12.272716,45.463609],[12.252696,45.436225],[12.252696,45.429999],[12.258962,45.429999],[12.250011,45.420722],[12.246104,45.411322],[12.248546,45.402533],[12.258962,45.395209],[12.249197,45.385484],[12.247406,45.378241],[12.248057,45.370998],[12.245291,45.36107],[12.237804,45.357733],[12.228282,45.357489],[12.223806,45.353949],[12.232188,45.340562],[12.220876,45.327053],[12.216319,45.31623],[12.208751,45.309068],[12.187511,45.306464],[12.174327,45.310533],[12.162934,45.31623],[12.15447,45.313463],[12.149099,45.292182],[12.159841,45.283108],[12.168793,45.262152],[12.180675,45.258043],[12.191661,45.262885],[12.199392,45.274604],[12.201915,45.288316],[12.197439,45.299628],[12.217296,45.29385],[12.221446,45.283271],[12.220551,45.268785],[12.224864,45.251166],[12.213878,45.248114],[12.211111,45.242987],[12.21518,45.236802],[12.224864,45.230699],[12.221365,45.216254],[12.230479,45.20425],[12.247325,45.196926],[12.266368,45.196601],[12.26352,45.200344],[12.262543,45.200751],[12.258962,45.202826],[12.273692,45.210842],[12.296072,45.22663],[12.307302,45.230699],[12.298025,45.215399],[12.303966,45.200751],[12.315115,45.186469],[12.321056,45.172349],[12.321951,45.138739],[12.328461,45.10102],[12.31837,45.103461],[12.307302,45.107856],[12.308442,45.114447],[12.307302,45.124172],[12.307302,45.128363],[12.297374,45.10635],[12.296723,45.088568],[12.306651,45.078559],[12.328461,45.079901],[12.325206,45.083686],[12.323578,45.086737],[12.321056,45.093573],[12.340831,45.081448],[12.353038,45.066962],[12.363292,45.052191],[12.376231,45.038967],[12.376231,45.032172],[12.368337,45.031155],[12.364106,45.029364],[12.36085,45.027086],[12.355154,45.024644],[12.368826,45.010972],[12.383556,45.026435],[12.386567,45.038764],[12.380626,45.05093],[12.368826,45.065619],[12.383311,45.056342],[12.401378,45.049872],[12.413422,45.042873],[12.41033,45.032172],[12.42628,45.020006],[12.434093,45.01553],[12.444591,45.010972],[12.464692,44.992011],[12.486176,44.976508],[12.499197,44.98371],[12.49586,44.983954],[12.489106,44.983303],[12.486095,44.98371],[12.486095,44.991156],[12.502615,44.991441],[12.516775,44.987616],[12.527599,44.98017],[12.533865,44.970038],[12.53297,44.960842],[12.523123,44.950019],[12.527029,44.943345],[12.518809,44.933783],[12.515391,44.928371],[12.512706,44.922309],[12.506602,44.922309],[12.499034,44.921454],[12.494884,44.910468],[12.492931,44.87816],[12.487315,44.86225],[12.474132,44.845771],[12.444591,44.820502],[12.443126,44.825019],[12.438731,44.834906],[12.43214,44.846015],[12.424001,44.854641],[12.43922,44.87759],[12.443044,44.890082],[12.438324,44.901109],[12.426931,44.904975],[12.415538,44.899848],[12.406912,44.891303],[12.403575,44.884711],[12.3921,44.868394],[12.391612,44.858832],[12.416515,44.851142],[12.415863,44.843573],[12.408214,44.836249],[12.396739,44.833482],[12.396739,44.826646],[12.403819,44.825426],[12.41627,44.821438],[12.424001,44.820502],[12.416189,44.80329],[12.39796,44.793769],[12.375662,44.792222],[12.357432,44.804145],[12.346853,44.815334],[12.321056,44.833482],[12.302989,44.842922],[12.292328,44.843248],[12.266368,44.826646],[12.266368,44.820502],[12.28004,44.820502],[12.253591,44.751288],[12.246593,44.711615],[12.252696,44.668402],[12.26588,44.636176],[12.274913,44.62051],[12.283458,44.613756],[12.285818,44.602688],[12.28004,44.531887],[12.283702,44.487616],[12.31422,44.387193],[12.318207,44.361151],[12.321056,44.353705],[12.32545,44.347805],[12.339203,44.334296],[12.342133,44.329495],[12.344249,44.308295],[12.350271,44.288153],[12.368826,44.250678],[12.389985,44.222724],[12.417166,44.195461],[12.458018,44.166409],[12.47877,44.13935],[12.510916,44.114569],[12.547374,44.093451],[12.574229,44.085598],[12.631358,44.030097],[12.660899,44.008287],[12.69158,43.990627],[12.710297,43.982896],[12.753835,43.972398],[12.756114,43.971869],[12.803966,43.966864],[12.823009,43.958564],[12.862153,43.93537],[12.928884,43.915839],[12.93865,43.904608],[12.947276,43.89761],[13.253266,43.703192],[13.370128,43.650458],[13.389822,43.644599],[13.399669,43.635647],[13.446625,43.623725],[13.473399,43.612006],[13.483165,43.616278],[13.490733,43.623603],[13.496267,43.627509],[13.499034,43.628485],[13.501231,43.630601],[13.504405,43.632758],[13.510265,43.633734],[13.516124,43.631741],[13.519054,43.627183],[13.521007,43.622707],[13.524181,43.620673],[13.543224,43.613227],[13.557791,43.596747],[13.569184,43.580308],[13.578868,43.572903],[13.597911,43.569525],[13.615571,43.560492],[13.624522,43.547187],[13.616954,43.531317],[13.760265,43.263739],[13.776052,43.243598],[13.780284,43.236518],[13.786632,43.200588],[13.790782,43.192084],[13.802745,43.178209],[13.834809,43.127265],[13.848643,43.091742],[13.865408,43.00731],[13.905528,42.901557],[13.944672,42.798285],[13.980479,42.730373],[14.001231,42.698432],[14.063243,42.624823],[14.068858,42.609565],[14.075369,42.598822],[14.220551,42.47016],[14.28419,42.42829],[14.356212,42.392971],[14.38738,42.372952],[14.429047,42.321723],[14.560232,42.225653],[14.595876,42.208564],[14.653494,42.191067],[14.693696,42.18537],[14.709239,42.175482],[14.717052,42.160061],[14.72283,42.118801],[14.729503,42.099107],[14.740733,42.084621],[14.757498,42.078843],[14.763357,42.077948],[14.780121,42.075263],[14.799815,42.066352],[14.83546,42.044135],[14.871104,42.031806],[14.951996,42.021064],[14.993663,42.010647],[15.007335,42.00137],[15.034516,41.974595],[15.045177,41.96898],[15.063162,41.964301],[15.10434,41.941881],[15.123383,41.934272],[15.143565,41.931179],[15.165375,41.927802],[15.281749,41.928046],[15.400564,41.907782],[15.446056,41.906928],[15.611339,41.928046],[15.774425,41.92121],[16.02711,41.944078],[16.11085,41.928046],[16.11199,41.926337],[16.140473,41.919908],[16.160899,41.892646],[16.17921,41.893297],[16.176036,41.877387],[16.183604,41.858466],[16.192231,41.821357],[16.193044,41.808417],[16.192882,41.79092],[16.184337,41.779608],[16.166677,41.763414],[16.145763,41.748847],[16.127615,41.742499],[16.107188,41.737616],[16.089692,41.72602],[16.063162,41.701483],[16.027517,41.679918],[15.925304,41.640041],[15.900076,41.614651],[15.891368,41.57685],[15.896332,41.536444],[15.911794,41.502875],[15.933604,41.479438],[15.961111,41.459459],[16.021658,41.427802],[16.085134,41.412665],[16.100352,41.403551],[16.114106,41.39289],[16.301443,41.327867],[16.460297,41.262641],[16.520681,41.250149],[16.538585,41.239407],[16.554373,41.227484],[16.593923,41.206977],[16.830577,41.146308],[16.85141,41.132961],[16.858165,41.132961],[16.858165,41.140367],[16.864431,41.140367],[16.885265,41.123969],[17.05714,41.081855],[17.203136,41.020982],[17.276378,40.980211],[17.310069,40.954779],[17.347911,40.912095],[17.361176,40.906399],[17.377696,40.902289],[17.413585,40.88109],[17.476085,40.830146],[17.491954,40.824449],[17.512218,40.820299],[17.54835,40.801947],[17.634532,40.78498],[17.645274,40.779771],[17.748383,40.747626],[17.843923,40.694159],[17.921886,40.68301],[17.955821,40.670478],[17.954926,40.646918],[17.966319,40.646796],[17.991954,40.653144],[18.007009,40.650702],[18.011078,40.644192],[18.011485,40.63524],[18.015798,40.62519],[18.039236,40.608222],[18.043224,40.601996],[18.037446,40.556952],[18.119965,40.504584],[18.211681,40.464748],[18.231456,40.461371],[18.238292,40.457668],[18.2588,40.43065],[18.270193,40.42121],[18.303233,40.399888],[18.329112,40.366685],[18.343761,40.35163],[18.361501,40.345282],[18.370453,40.33869],[18.437266,40.26789],[18.500011,40.152493],[18.504242,40.14643],[18.509451,40.141832],[18.516124,40.139228],[18.511078,40.12759],[18.513682,40.120551],[18.517426,40.114163],[18.516124,40.104478],[18.508067,40.09455],[18.491873,40.084662],[18.483572,40.055162],[18.470388,40.043443],[18.434093,40.022528],[18.411388,39.978827],[18.407888,39.968492],[18.404063,39.947496],[18.394786,39.925605],[18.392589,39.916083],[18.399669,39.890326],[18.400076,39.878567],[18.386485,39.825344],[18.389171,39.817084],[18.383962,39.81391],[18.373709,39.799791],[18.368337,39.796617],[18.346528,39.798041],[18.33839,39.800116],[18.330414,39.803412],[18.282074,39.833197],[18.265636,39.837592],[18.224376,39.837592],[18.211274,39.839342],[18.186534,39.851874],[18.161876,39.860541],[18.130626,39.88349],[18.094249,39.902737],[18.080903,39.90644],[18.071544,39.911526],[18.007335,39.98607],[17.995372,39.995266],[17.995372,40.002672],[18.011078,40.003363],[18.020274,40.010199],[18.022146,40.021674],[18.015798,40.0362],[18.005138,40.044867],[17.978363,40.051663],[17.967459,40.057318],[18.00294,40.074449],[18.010997,40.096015],[17.997244,40.120429],[17.967459,40.146064],[17.940684,40.163031],[17.926036,40.176256],[17.919607,40.190741],[17.9192,40.209947],[17.917003,40.226874],[17.911143,40.240302],[17.899669,40.249091],[17.912771,40.249091],[17.912771,40.255316],[17.863129,40.285631],[17.847667,40.290025],[17.512055,40.303697],[17.493907,40.30744],[17.44044,40.331],[17.430431,40.33161],[17.409516,40.330024],[17.399425,40.331],[17.3921,40.335028],[17.374685,40.348578],[17.368175,40.351508],[17.351248,40.354804],[17.296397,40.379462],[17.240001,40.395331],[17.212901,40.406195],[17.200206,40.420396],[17.223481,40.428412],[17.243012,40.441392],[17.247895,40.457343],[17.22755,40.474433],[17.247406,40.480292],[17.295746,40.473212],[17.316254,40.481879],[17.323253,40.498481],[17.304047,40.499457],[17.261729,40.488715],[17.26352,40.491034],[17.268565,40.496161],[17.247406,40.502834],[17.229015,40.496894],[17.210704,40.487006],[17.189952,40.481879],[17.181814,40.485297],[17.176443,40.49315],[17.171723,40.502265],[17.166189,40.509182],[17.156016,40.512397],[17.133474,40.512641],[17.124522,40.515326],[17.049571,40.51911],[16.976085,40.492621],[16.91212,40.445217],[16.863292,40.390937],[16.782725,40.301581],[16.761404,40.269599],[16.737559,40.211005],[16.730724,40.20067],[16.715994,40.19359],[16.679454,40.146064],[16.640066,40.11876],[16.624522,40.107978],[16.604747,40.084459],[16.596934,40.04678],[16.599376,40.034125],[16.613617,39.996649],[16.631602,39.966213],[16.621755,39.953559],[16.605479,39.942939],[16.589203,39.919827],[16.542247,39.885403],[16.508149,39.837592],[16.49171,39.805487],[16.489757,39.775214],[16.502126,39.747056],[16.528575,39.721503],[16.528575,39.714667],[16.515636,39.689602],[16.545909,39.660875],[16.591482,39.636786],[16.624848,39.625312],[16.749766,39.620022],[16.782481,39.61164],[16.798106,39.603461],[16.816091,39.591051],[16.830903,39.576158],[16.837169,39.560452],[16.846202,39.55268],[16.906016,39.529731],[16.952973,39.499213],[16.970876,39.49494],[16.995372,39.492743],[17.011485,39.486151],[17.023448,39.475409],[17.035818,39.460761],[17.05714,39.441636],[17.088552,39.422593],[17.124197,39.409003],[17.158702,39.406195],[17.122244,39.338324],[17.114919,39.282782],[17.114513,39.269355],[17.117686,39.256008],[17.124766,39.244615],[17.1421,39.222317],[17.145681,39.210679],[17.140391,39.1789],[17.122244,39.121039],[17.124522,39.090888],[17.14796,39.054185],[17.151866,39.045885],[17.158458,39.040473],[17.192556,39.031073],[17.206391,39.029486],[17.18686,39.019029],[17.176606,39.012112],[17.172374,39.005194],[17.17156,38.96601],[17.172374,38.960517],[17.138845,38.936713],[17.13502,38.932603],[17.127696,38.928778],[17.118907,38.919664],[17.104015,38.899075],[17.094981,38.919135],[17.070567,38.922797],[17.042247,38.916246],[17.021983,38.905951],[16.996349,38.929511],[16.981293,38.937201],[16.957286,38.94009],[16.935069,38.938707],[16.838552,38.918199],[16.727794,38.878852],[16.687755,38.855862],[16.679454,38.847561],[16.670746,38.840644],[16.610606,38.816555],[16.585623,38.797838],[16.574392,38.785061],[16.563731,38.756741],[16.550955,38.7414],[16.538829,38.723334],[16.534841,38.699897],[16.546886,38.693183],[16.549083,38.689927],[16.548513,38.672065],[16.558849,38.596015],[16.576996,38.528551],[16.577159,38.502875],[16.569591,38.429511],[16.561371,38.416327],[16.521983,38.387152],[16.508149,38.371527],[16.497569,38.369289],[16.467052,38.3487],[16.435069,38.339993],[16.339854,38.300849],[16.306326,38.277086],[16.169444,38.143215],[16.151866,38.110826],[16.125499,38.004828],[16.11085,37.973619],[16.101329,37.960517],[16.090017,37.949205],[16.077159,37.939887],[16.063162,37.932685],[16.01588,37.924709],[16.000987,37.919013],[15.942149,37.933092],[15.761485,37.925238],[15.734874,37.930976],[15.708263,37.940985],[15.684418,37.953518],[15.665782,37.966864],[15.645518,37.988349],[15.635102,38.009101],[15.638357,38.027737],[15.658458,38.042548],[15.63266,38.074205],[15.624034,38.092108],[15.627452,38.107367],[15.641612,38.125922],[15.647797,38.143134],[15.646495,38.162095],[15.63795,38.18594],[15.632823,38.220282],[15.650564,38.241034],[15.684255,38.253119],[15.786469,38.278022],[15.795665,38.285549],[15.798676,38.290717],[15.812836,38.300605],[15.816173,38.306057],[15.829763,38.35102],[15.904796,38.473944],[15.917817,38.516791],[15.916026,38.55036],[15.900076,38.578274],[15.870779,38.604234],[15.863536,38.608222],[15.849946,38.613349],[15.844005,38.617906],[15.83546,38.628241],[15.833669,38.633775],[15.835216,38.639228],[15.836599,38.648993],[15.844493,38.660386],[15.863129,38.66828],[15.904796,38.679389],[15.968028,38.712592],[16.002615,38.725409],[16.048839,38.727729],[16.12086,38.720933],[16.135997,38.723822],[16.152599,38.730902],[16.17921,38.748277],[16.200938,38.776435],[16.215099,38.814154],[16.22169,38.856594],[16.220063,38.899075],[16.214692,38.919013],[16.2046,38.934068],[16.189626,38.943549],[16.168956,38.946845],[16.154307,38.955024],[16.139659,38.973782],[16.083018,39.075263],[16.042003,39.310614],[16.034027,39.345242],[15.995396,39.438768],[15.958076,39.477564],[15.933116,39.513658],[15.904796,39.535956],[15.876231,39.551459],[15.867524,39.56391],[15.859716,39.588764],[15.850271,39.614732],[15.836599,39.652655],[15.815684,39.6789],[15.806407,39.695502],[15.788748,39.796617],[15.788748,39.790351],[15.783946,39.810004],[15.778819,39.820136],[15.771332,39.82453],[15.769705,39.830146],[15.781912,39.868598],[15.774425,39.891099],[15.741547,39.929592],[15.734141,39.943752],[15.728038,39.964179],[15.713145,39.981024],[15.678884,40.008857],[15.651622,40.043647],[15.630382,40.057685],[15.624685,40.064887],[15.624278,40.077786],[15.610199,40.073188],[15.534923,40.077786],[15.513127,40.06768],[15.495312,40.046719],[15.459809,40.029364],[15.429602,39.999793],[15.4101,39.99397],[15.360943,39.998891],[15.34316,40.004149],[15.314301,40.033759],[15.302745,40.0362],[15.293305,40.032416],[15.283051,40.029853],[15.272227,40.028754],[15.261241,40.029364],[15.261241,40.0362],[15.279145,40.047675],[15.263438,40.073717],[15.233897,40.100002],[15.209646,40.111884],[15.189952,40.119127],[15.127208,40.169623],[15.112804,40.174791],[15.095876,40.173082],[15.065684,40.166571],[15.047211,40.168931],[15.034923,40.17536],[15.022804,40.195627],[15.003122,40.210259],[14.975904,40.219313],[14.966319,40.224555],[14.957088,40.23155],[14.938138,40.227839],[14.92213,40.238023],[14.911143,40.241645],[14.906912,40.258612],[14.931895,40.285549],[14.939138,40.307074],[14.932384,40.324286],[14.932384,40.333726],[14.942149,40.337836],[14.953949,40.339911],[14.964366,40.34516],[14.972911,40.351996],[14.99449,40.358434],[15.000433,40.368828],[14.998267,40.397559],[14.975922,40.431464],[14.888845,40.573065],[14.861501,40.607164],[14.83546,40.632636],[14.809744,40.652981],[14.781993,40.669867],[14.752208,40.676703],[14.719981,40.666815],[14.69044,40.649115],[14.678071,40.646633],[14.625743,40.649075],[14.613292,40.645901],[14.5713,40.617743],[14.5442,40.613593],[14.516368,40.619859],[14.486583,40.632636],[14.471365,40.624661],[14.422048,40.615546],[14.401541,40.602118],[14.355805,40.583645],[14.342621,40.570624],[14.329845,40.584459],[14.327973,40.605414],[14.337738,40.624416],[14.35963,40.632636],[14.379731,40.633857],[14.38738,40.636949],[14.398213,40.643842],[14.404799,40.656033],[14.444211,40.685987],[14.47637,40.695102],[14.479747,40.711493],[14.474132,40.729682],[14.460623,40.744208],[14.442638,40.755072],[14.42129,40.75093],[14.405403,40.756887],[14.394433,40.761566],[14.382554,40.772266],[14.366609,40.780178],[14.348888,40.796861],[14.312348,40.828111],[14.2942,40.838772],[14.275727,40.840033],[14.248383,40.837714],[14.223643,40.831366],[14.212738,40.820746],[14.203461,40.801215],[14.182203,40.800918],[14.165597,40.815752],[14.135233,40.818554],[14.111501,40.829535],[14.095958,40.833808],[14.08253,40.831285],[14.076182,40.822211],[14.077403,40.81037],[14.081228,40.797105],[14.08253,40.783515],[14.075282,40.786278],[14.047697,40.789589],[14.041151,40.796484],[14.052257,40.837592],[14.044465,40.874205],[14.021344,40.921829],[13.965343,40.996405],[13.930186,41.014146],[13.917979,41.023668],[13.914561,41.033149],[13.912771,41.054429],[13.910655,41.064643],[13.884318,41.1048],[13.851725,41.147316],[13.790491,41.205864],[13.721853,41.252387],[13.708507,41.256415],[13.678722,41.250556],[13.663341,41.250678],[13.656586,41.259589],[13.594412,41.253119],[13.56365,41.237982],[13.57545,41.208075],[13.543956,41.20661],[13.534434,41.208075],[13.525238,41.215399],[13.519542,41.225165],[13.514415,41.229682],[13.507091,41.221747],[13.499685,41.221747],[13.480235,41.239163],[13.324392,41.294827],[13.285818,41.295722],[13.204845,41.283759],[13.187022,41.278022],[13.151215,41.260199],[13.114513,41.250881],[13.090505,41.226549],[13.068207,41.221747],[13.044607,41.227525],[13.036794,41.240424],[13.033458,41.256903],[13.023692,41.273586],[13.011974,41.286526],[12.992686,41.315619],[12.979503,41.331],[12.923839,41.379788],[12.893565,41.399319],[12.862153,41.41352],[12.841563,41.418402],[12.76295,41.421373],[12.748546,41.423733],[12.678559,41.457953],[12.653982,41.465644],[12.642426,41.458197],[12.635265,41.447496],[12.619395,41.459133],[12.545584,41.544135],[12.448009,41.630764],[12.342784,41.702297],[12.327159,41.711371],[12.300629,41.717434],[12.285004,41.7272],[12.276622,41.729438],[12.246918,41.73371],[12.239024,41.736274],[12.223481,41.750678],[12.21518,41.768134],[12.211762,41.787543],[12.211192,41.807929],[12.206228,41.827338],[12.194591,41.847357],[12.170177,41.879584],[12.147472,41.903469],[12.049978,41.96015],[12.038829,41.965155],[12.029796,41.972846],[12.026134,41.985785],[12.020356,41.993069],[11.992035,41.996283],[11.982188,41.999742],[11.969005,42.01142],[11.952647,42.022284],[11.934581,42.03148],[11.91684,42.037909],[11.839692,42.036444],[11.827485,42.034166],[11.822113,42.04678],[11.809418,42.066352],[11.79363,42.084459],[11.779796,42.092515],[11.771983,42.106269],[11.750173,42.127916],[11.745616,42.136623],[11.742931,42.152289],[11.736176,42.168891],[11.68214,42.252143],[11.658214,42.279364],[11.539073,42.348863],[11.489268,42.359361],[11.420665,42.386623],[11.396169,42.392971],[11.396169,42.400377],[11.386892,42.404283],[11.376638,42.406887],[11.365733,42.407904],[11.354666,42.407213],[11.362071,42.400377],[11.333018,42.40058],[11.259044,42.420844],[11.245616,42.422309],[11.227387,42.422187],[11.211274,42.418891],[11.204356,42.410956],[11.200938,42.395453],[11.18629,42.379299],[11.183849,42.366278],[11.174653,42.36933],[11.164724,42.36933],[11.1574,42.367743],[11.155935,42.366278],[11.147797,42.371405],[11.134532,42.384182],[11.106619,42.391262],[11.094493,42.402737],[11.086762,42.418362],[11.086941,42.429457],[11.099132,42.442857],[11.113021,42.446358],[11.141816,42.438797],[11.164191,42.439828],[11.179692,42.456498],[11.188448,42.480267],[11.188975,42.504706],[11.18686,42.520819],[11.166026,42.54621],[11.158458,42.564032],[11.148611,42.563178],[11.137218,42.558905],[11.128673,42.558051],[11.115977,42.571967],[11.10727,42.590766],[11.097423,42.606879],[11.080903,42.612698],[11.07781,42.632229],[11.053477,42.64704],[11.005707,42.667914],[11.000255,42.679877],[10.995616,42.696031],[10.990001,42.710273],[10.981212,42.716295],[10.972341,42.720038],[10.943614,42.742987],[10.89088,42.763902],[10.731293,42.804429],[10.755382,42.819159],[10.764903,42.835273],[10.766368,42.854193],[10.765636,42.877102],[10.768728,42.883938],[10.774587,42.888251],[10.77768,42.894721],[10.77296,42.908149],[10.76352,42.91828],[10.750743,42.925279],[10.681407,42.949042],[10.632498,42.958482],[10.583263,42.959703],[10.539073,42.949123],[10.543468,42.938788],[10.54656,42.93476],[10.518565,42.925279],[10.499522,42.940497],[10.47755,42.990058],[10.502696,43.005561],[10.5171,43.023912],[10.539073,43.079413],[10.535655,43.091376],[10.535655,43.112616],[10.539317,43.134182],[10.54656,43.147121],[10.538341,43.164252],[10.534434,43.185289],[10.532888,43.226223],[10.528168,43.246772],[10.516938,43.266791],[10.437022,43.388577],[10.373383,43.453192],[10.359141,43.465277],[10.326345,43.476874],[10.317231,43.492621],[10.29477,43.568549],[10.264008,43.809394],[10.251638,43.846625],[10.210134,43.920233],[10.180675,43.955268],[10.136485,43.978705],[10.105805,44.01675],[10.090587,44.025377],[10.072032,44.029527],[10.03533,44.047838],[10.014822,44.052069],[9.998546,44.058051],[9.988536,44.05976],[9.984141,44.055487],[9.980724,44.049872],[9.972667,44.045722],[9.962738,44.044664],[9.953624,44.048651],[9.937836,44.06037],[9.904307,44.079901],[9.88795,44.093004],[9.876801,44.087836],[9.844737,44.108629],[9.826427,44.107245],[9.833263,44.09984],[9.828624,44.098131],[9.823985,44.09512],[9.819591,44.093004],[9.824474,44.084906],[9.830577,44.078843],[9.838145,44.074774],[9.847504,44.072496],[9.847504,44.066311],[9.841645,44.063381],[9.838878,44.06037],[9.833263,44.052069],[9.846365,44.046291],[9.84254,44.041164],[9.832286,44.042304],[9.826427,44.055487],[9.819835,44.063381],[9.771821,44.079413],[9.720876,44.113471],[9.709727,44.117743],[9.682628,44.136542],[9.672537,44.140815],[9.64324,44.14232],[9.631033,44.144599],[9.621104,44.148261],[9.586192,44.17772],[9.579926,44.178941],[9.573009,44.191596],[9.556488,44.200141],[9.511241,44.215237],[9.499034,44.221829],[9.489757,44.230902],[9.484386,44.243842],[9.472504,44.239814],[9.453868,44.237698],[9.436778,44.239488],[9.42921,44.24726],[9.422374,44.256781],[9.374522,44.271796],[9.367686,44.29442],[9.262706,44.336412],[9.230642,44.353705],[9.221039,44.344062],[9.213715,44.333441],[9.209809,44.320868],[9.210704,44.305325],[9.16505,44.318305],[9.146658,44.328559],[9.148611,44.340033],[9.130056,44.363349],[9.102061,44.373969],[9.001231,44.387274],[8.952891,44.399807],[8.923676,44.411566],[8.914561,44.408922],[8.868419,44.409735],[8.845388,44.413479],[8.837738,44.417182],[8.826996,44.428453],[8.76238,44.432115],[8.737153,44.428778],[8.724783,44.423977],[8.695811,44.406724],[8.685313,44.398098],[8.678559,44.39468],[8.670909,44.394721],[8.662771,44.395575],[8.655121,44.39468],[8.593761,44.362738],[8.576671,44.360541],[8.564789,44.357164],[8.540294,44.340033],[8.466075,44.304267],[8.444509,44.283881],[8.449718,44.26435],[8.439464,44.25316],[8.436534,44.247545],[8.435395,44.240424],[8.432384,44.238023],[8.417247,44.230658],[8.411876,44.227037],[8.406505,44.215033],[8.408539,44.204088],[8.408214,44.193508],[8.394542,44.182359],[8.369395,44.173529],[8.313487,44.160468],[8.284679,44.148261],[8.269542,44.138739],[8.256521,44.128363],[8.233165,44.103583],[8.229991,44.09634],[8.231212,44.080308],[8.229991,44.072496],[8.223806,44.057196],[8.216319,44.045233],[8.169119,44.006659],[8.15268,43.983222],[8.167979,43.962633],[8.167979,43.956488],[8.144705,43.952582],[8.115245,43.92768],[8.089203,43.919867],[8.081554,43.915229],[8.07545,43.909654],[8.073009,43.904608],[8.067719,43.896674],[8.055675,43.892076],[8.031423,43.887519],[7.959727,43.852851],[7.785818,43.821967],[7.736583,43.798245],[7.694998,43.791205],[7.572032,43.791327],[7.544119,43.784491],[7.531098,43.784491],[7.523204,43.789049],[7.512869,43.792141],[7.502289,43.792222],[7.489106,43.785468],[7.484874,43.785386],[7.480724,43.785834],[7.47641,43.784491],[7.475759,43.780829],[7.477306,43.768134],[7.47641,43.764635],[7.468435,43.761705],[7.462657,43.762112],[7.454345,43.757117],[7.445974,43.749845],[7.432845,43.739853],[7.417957,43.730904],[7.404319,43.717969],[7.380723,43.719273],[7.36575,43.72273],[7.353184,43.715691],[7.342296,43.707831],[7.338064,43.69831],[7.330533,43.686424],[7.319002,43.68525],[7.300904,43.687689],[7.280253,43.693326],[7.257273,43.691648],[7.241675,43.684869],[7.228509,43.674196],[7.231814,43.66347],[7.213805,43.648673],[7.203791,43.64436],[7.196677,43.656917],[7.177651,43.660109],[7.164595,43.656061],[7.151622,43.654771],[7.144216,43.645453],[7.136567,43.641181],[7.133067,43.633857],[7.126154,43.605833],[7.132091,43.578803],[7.132579,43.573554],[7.136242,43.562459],[7.138916,43.55402],[7.125511,43.547768],[7.112941,43.564544],[7.104324,43.568294],[7.088427,43.568674],[7.071052,43.560805],[7.058108,43.549885],[7.045078,43.542143],[7.037202,43.536264],[7.030634,43.547889],[7.014468,43.547087],[6.993819,43.548906],[6.9756,43.546946],[6.962087,43.540107],[6.945203,43.527253],[6.940888,43.51246],[6.949555,43.50788],[6.948985,43.507392],[6.953805,43.504616],[6.954299,43.500106],[6.92508,43.472761],[6.920372,43.449012],[6.898242,43.437999],[6.894028,43.427628],[6.871072,43.426093],[6.869672,43.432052],[6.86656,43.435456],[6.862957,43.439362],[6.857988,43.436176],[6.856098,43.428729],[6.860136,43.415868],[6.846672,43.412577],[6.834826,43.415811],[6.818843,43.416072],[6.78305,43.408635],[6.772974,43.418454],[6.757086,43.422687],[6.746501,43.417906],[6.731146,43.407847],[6.732824,43.382079],[6.717784,43.366889],[6.717838,43.350604],[6.693931,43.348372],[6.674571,43.346381],[6.666026,43.333197],[6.661306,43.322333],[6.652029,43.314927],[6.624629,43.295913],[6.597243,43.284007],[6.590892,43.268898],[6.611672,43.264288],[6.672358,43.276196],[6.693374,43.272973],[6.698022,43.265457],[6.685395,43.248037],[6.668356,43.239536],[6.665403,43.22129],[6.671978,43.213609],[6.679801,43.201553],[6.6604,43.190412],[6.640391,43.18183],[6.629161,43.179877],[6.609874,43.173407],[6.599457,43.174994],[6.59547,43.179877],[6.593272,43.18773],[6.581276,43.184374],[6.563718,43.184449],[6.539912,43.182204],[6.536427,43.172544],[6.526714,43.160567],[6.505683,43.150971],[6.479163,43.15606],[6.451332,43.152719],[6.422018,43.152342],[6.401679,43.146938],[6.378541,43.136079],[6.36608,43.118635],[6.369878,43.105519],[6.375371,43.090841],[6.342258,43.090763],[6.328868,43.099921],[6.325694,43.104193],[6.306202,43.109413],[6.280374,43.118666],[6.25347,43.120875],[6.219702,43.116548],[6.193198,43.108773],[6.178664,43.102856],[6.162934,43.092597],[6.153168,43.071967],[6.152768,43.048107],[6.17133,43.042325],[6.18542,43.045444],[6.180072,43.035922],[6.154462,43.033751],[6.097694,43.031261],[6.088517,43.034849],[6.103031,43.040781],[6.119254,43.04515],[6.132066,43.052638],[6.129088,43.071362],[6.109662,43.084316],[6.091933,43.082903],[6.044523,43.078208],[6.027008,43.078195],[6.01652,43.098936],[5.991732,43.102347],[5.958652,43.102168],[5.934093,43.113593],[5.936534,43.119452],[5.938243,43.129096],[5.940929,43.134019],[5.92449,43.134345],[5.908539,43.131293],[5.879405,43.120429],[5.896251,43.115424],[5.91061,43.093204],[5.927252,43.087601],[5.951379,43.079978],[5.940288,43.07091],[5.917208,43.072742],[5.887956,43.072226],[5.875336,43.068793],[5.856605,43.044829],[5.81896,43.053469],[5.790242,43.069931],[5.781873,43.079118],[5.802896,43.08889],[5.818085,43.09909],[5.811465,43.106725],[5.800564,43.111849],[5.783407,43.114598],[5.78084,43.123334],[5.776127,43.130811],[5.760558,43.131982],[5.741012,43.132063],[5.696299,43.146875],[5.687673,43.16885],[5.673919,43.179889],[5.655221,43.18559],[5.634213,43.187229],[5.622903,43.176727],[5.61242,43.160429],[5.588262,43.167979],[5.572706,43.169148],[5.558974,43.181578],[5.547246,43.193859],[5.537836,43.20739],[5.524952,43.212629],[5.514336,43.20774],[5.504176,43.205659],[5.459833,43.208519],[5.439754,43.207646],[5.409515,43.211292],[5.395311,43.212341],[5.370337,43.207859],[5.34698,43.215899],[5.350597,43.233588],[5.35377,43.243801],[5.36085,43.253974],[5.369151,43.270413],[5.357343,43.280345],[5.355968,43.29206],[5.351817,43.297919],[5.338883,43.334289],[5.294173,43.355472],[5.238279,43.328041],[5.163237,43.329314],[5.125174,43.325769],[5.064795,43.328019],[5.034022,43.335476],[5.013936,43.357921],[5.005572,43.381628],[5.026134,43.409329],[5.05714,43.422065],[5.146169,43.422065],[5.173839,43.42829],[5.192882,43.439521],[5.213552,43.457831],[5.226329,43.480292],[5.22283,43.503974],[5.193614,43.489936],[5.165538,43.482489],[5.139985,43.485785],[5.118419,43.503974],[5.111501,43.519355],[5.11085,43.527899],[5.105724,43.533026],[5.084972,43.538153],[5.077403,43.538886],[5.053722,43.538153],[5.049571,43.541449],[5.03533,43.555732],[5.029145,43.55858],[5.022309,43.552191],[5.01588,43.538764],[5.010997,43.525092],[5.009288,43.517646],[5.014659,43.498725],[5.023692,43.490465],[5.035818,43.485582],[5.050304,43.476711],[5.062266,43.451646],[5.051117,43.429267],[5.027599,43.416978],[4.998466,43.414699],[4.983084,43.41706],[4.928477,43.440131],[4.903168,43.431627],[4.892589,43.42536],[4.868175,43.421454],[4.858409,43.415229],[4.850271,43.401435],[4.854991,43.396186],[4.864891,43.3779],[4.867532,43.365112],[4.901005,43.366965],[4.877189,43.350782],[4.855778,43.341779],[4.850823,43.358929],[4.833263,43.381985],[4.791759,43.399115],[4.757823,43.422349],[4.742442,43.448717],[4.744965,43.507392],[4.742442,43.524482],[4.736176,43.539496],[4.725841,43.556789],[4.711925,43.571519],[4.694591,43.579088],[4.694591,43.572903],[4.724376,43.538398],[4.72877,43.527899],[4.72877,43.456204],[4.742524,43.422553],[4.769705,43.401923],[4.800059,43.386054],[4.823019,43.367169],[4.820279,43.346356],[4.791247,43.345222],[4.665886,43.347541],[4.592336,43.359889],[4.566289,43.371094],[4.565544,43.387949],[4.585704,43.404242],[4.588044,43.416891],[4.579594,43.430066],[4.555208,43.443266],[4.513031,43.455797],[4.409419,43.447741],[4.205903,43.459906],[4.181651,43.463772],[4.16033,43.471503],[4.132823,43.487047],[4.117198,43.510484],[4.132823,43.532782],[4.131196,43.536241],[4.105317,43.551866],[4.047455,43.556138],[3.990896,43.550849],[3.952973,43.539944],[3.939301,43.532538],[3.739919,43.412828],[3.622162,43.374905],[3.589692,43.354885],[3.513357,43.281073],[3.492361,43.274319],[3.452403,43.288764],[3.428396,43.285468],[3.385427,43.283922],[3.317719,43.263088],[3.244314,43.219428],[3.22755,43.20425],[3.220958,43.195217],[3.207286,43.186632],[3.195893,43.176663],[3.178722,43.165229],[3.165945,43.152411],[3.15447,43.135281],[3.135997,43.121039],[3.114024,43.106309],[3.104177,43.087795],[3.096039,43.072577],[3.086029,43.054023],[3.070404,43.026923],[3.063243,43.008368],[3.056082,42.992703],[3.046153,42.964179],[3.038992,42.942776],[3.04184,42.932807],[3.054698,42.92711],[3.056082,42.907131],[3.047537,42.847235],[3.040457,42.790188],[3.038992,42.750271],[3.043305,42.724595],[3.037608,42.683214],[3.04184,42.629055],[3.046153,42.587673],[3.05185,42.554877],[3.066091,42.54206],[3.087494,42.534939],[3.114594,42.530626],[3.13738,42.524929],[3.145925,42.51496],[3.145925,42.503526],[3.143077,42.492133],[3.150238,42.482164],[3.160248,42.475043],[3.175873,42.456488],[3.18157,42.435085],[3.178722,42.417996],[3.170177,42.396593],[3.17449,42.380886],[3.17449,42.363796],[3.187348,42.349514],[3.204194,42.339586],[3.226492,42.342515],[3.249848,42.343207],[3.263031,42.32921],[3.269867,42.32921],[3.28061,42.336859],[3.293712,42.334988],[3.317719,42.322984],[3.294037,42.288031],[3.290375,42.278062],[3.287039,42.262926],[3.279389,42.255642],[3.270356,42.250108],[3.263031,42.239854],[3.247162,42.245714],[3.210134,42.239732],[3.178722,42.249701],[3.170177,42.25967],[3.151622,42.256822],[3.1303,42.239732],[3.118826,42.218329],[3.117442,42.182847],[3.116466,42.158433],[3.122488,42.140489],[3.138601,42.127631],[3.173106,42.112006],[3.192299,42.092921],[3.214496,42.068334],[3.213009,42.055986],[3.19986,42.04619],[3.195896,42.033118],[3.201589,42.017442],[3.20696,41.99669],[3.207856,41.990017],[3.211843,41.984605],[3.230561,41.973009],[3.235688,41.965522],[3.232188,41.946031],[3.207449,41.913926],[3.194916,41.888292],[3.178559,41.87523],[3.150165,41.845351],[3.116829,41.847569],[3.078631,41.826618],[3.069058,41.799076],[3.040341,41.78689],[2.950938,41.73428],[2.932991,41.712464],[2.90087,41.706706],[2.877254,41.701958],[2.851085,41.69717],[2.84018,41.694648],[2.83546,41.692572],[2.82016,41.681952],[2.817068,41.677639],[2.813162,41.670315],[2.803722,41.668647],[2.792003,41.669013],[2.778497,41.645582],[2.651866,41.605292],[2.449474,41.535224],[2.428966,41.518948],[2.371349,41.489203],[2.296723,41.465318],[2.267345,41.448635],[2.240408,41.420966],[2.191905,41.356757],[2.163259,41.326646],[2.130544,41.303656],[2.060313,41.274604],[2.019705,41.265855],[1.951345,41.260688],[1.884125,41.247504],[1.86378,41.238105],[1.854015,41.235989],[1.819835,41.237128],[1.62436,41.192165],[1.539236,41.187445],[1.288097,41.116278],[1.217784,41.104682],[1.210053,41.09988],[1.192475,41.075995],[1.18865,41.068305],[1.183604,41.062567],[1.172944,41.058661],[1.149099,41.069648],[1.141694,41.071723],[1.097667,41.070868],[1.055675,41.064887],[1.017426,41.051785],[0.990408,41.0397],[0.877452,40.954779],[0.822765,40.899604],[0.714203,40.815212],[0.694835,40.785997],[0.721528,40.774278],[0.750173,40.76557],[0.76238,40.766059],[0.767263,40.771023],[0.76352,40.778388],[0.750173,40.785997],[0.766938,40.78502],[0.780528,40.779486],[0.792003,40.771186],[0.815929,40.748399],[0.841807,40.732123],[0.854177,40.73314],[0.873709,40.727932],[0.872406,40.707099],[0.858084,40.686265],[0.848318,40.67536],[0.784028,40.660956],[0.756358,40.642239],[0.707042,40.583401],[0.677094,40.565172],[0.64796,40.556912],[0.615896,40.553453],[0.592459,40.582099],[0.640636,40.586859],[0.663178,40.574734],[0.696218,40.590359],[0.732677,40.633734],[0.712494,40.636176],[0.682221,40.634223],[0.599783,40.613715],[0.58017,40.603664],[0.563487,40.590033],[0.548513,40.572333],[0.517426,40.51435],[0.501313,40.484198],[0.483409,40.465033],[0.466156,40.45067],[0.452647,40.434068],[0.446137,40.408433],[0.420258,40.388251],[0.350597,40.284898],[0.338959,40.274359],[0.312104,40.257514],[0.298839,40.246772],[0.26474,40.209784],[0.205251,40.171536],[0.144542,40.078843],[0.117035,40.056342],[0.066173,40.031928],[0.040497,40.002875],[-0.002919,39.931952],[-0.028676,39.901801],[-0.091298,39.847927],[-0.194488,39.71544],[-0.199818,39.704942],[-0.202138,39.680854],[-0.208933,39.664089],[-0.219838,39.651394],[-0.243723,39.631049],[-0.257436,39.616238],[-0.269561,39.5987],[-0.274892,39.581814],[-0.281484,39.569363],[-0.312734,39.534003],[-0.323354,39.516221],[-0.330593,39.480407],[-0.327472,39.430675],[-0.320668,39.388129],[-0.30134,39.322008],[-0.238701,39.215446],[-0.227818,39.199336],[-0.215493,39.181839],[-0.227857,39.175245],[-0.242182,39.166275],[-0.236505,39.148053],[-0.226703,39.111782],[-0.210027,39.07869],[-0.18404,39.042259],[-0.15803,39.002143],[-0.120676,38.951117],[-0.105946,38.93651],[-0.068593,38.913398],[-0.030995,38.882758],[-0.009755,38.869696],[0.017426,38.864325],[0.06308,38.860785],[0.111013,38.849921],[0.153982,38.831],[0.185313,38.803534],[0.181,38.801907],[0.170909,38.796088],[0.182872,38.791815],[0.190766,38.785224],[0.217865,38.768134],[0.227712,38.770209],[0.23406,38.75788],[0.234548,38.742255],[0.227712,38.734565],[0.208995,38.73371],[0.192068,38.730414],[0.176768,38.724026],[0.162608,38.713528],[0.15089,38.69245],[0.148936,38.689927],[0.14503,38.686347],[0.125743,38.685492],[0.118582,38.682807],[0.105317,38.672553],[0.093679,38.667629],[0.083018,38.660956],[0.073131,38.645209],[0.080577,38.631008],[0.060435,38.634833],[0.046641,38.632229],[0.033376,38.627387],[0.015025,38.624742],[-0.01476,38.624416],[-0.028798,38.620673],[-0.042958,38.611721],[-0.054758,38.595282],[-0.055084,38.580756],[-0.053619,38.566962],[-0.060048,38.55272],[-0.075429,38.539944],[-0.090199,38.535346],[-0.131744,38.535346],[-0.176991,38.527248],[-0.202138,38.519599],[-0.233957,38.501654],[-0.329416,38.470038],[-0.344553,38.461615],[-0.350819,38.450019],[-0.358713,38.44595],[-0.395172,38.413764],[-0.406077,38.398871],[-0.410146,38.37934],[-0.409983,38.368964],[-0.413686,38.364814],[-0.445872,38.36343],[-0.460194,38.360053],[-0.47057,38.351874],[-0.474355,38.336737],[-0.509836,38.338365],[-0.518788,38.298651],[-0.504018,38.207221],[-0.515452,38.195502],[-0.532867,38.192165],[-0.568837,38.1942],[-0.591379,38.189643],[-0.609486,38.178046],[-0.623687,38.162421],[-0.634389,38.145819],[-0.640736,38.131659],[-0.645009,38.116034],[-0.64802,38.073798],[-0.652496,38.007758],[-0.65453,37.989325],[-0.663401,37.980292],[-0.689931,37.972154],[-0.708852,37.956285],[-0.718414,37.94302],[-0.758616,37.863349],[-0.760732,37.847073],[-0.760569,37.845852],[-0.756093,37.806057],[-0.760732,37.796129],[-0.787994,37.822821],[-0.812408,37.770087],[-0.825551,37.761379],[-0.847808,37.75609],[-0.856109,37.742499],[-0.85261,37.723782],[-0.819814,37.676703],[-0.809926,37.666897],[-0.777699,37.650092],[-0.754791,37.641303],[-0.734853,37.63935],[-0.726471,37.651516],[-0.707997,37.643012],[-0.701243,37.631334],[-0.705312,37.619534],[-0.719716,37.610541],[-0.727895,37.60342],[-0.736643,37.599433],[-0.745676,37.599433],[-0.754506,37.604315],[-0.764027,37.599595],[-0.791493,37.591457],[-0.807973,37.588446],[-0.836415,37.576402],[-0.873891,37.576402],[-0.886708,37.574286],[-0.900624,37.569037],[-0.92516,37.555894],[-0.933705,37.561021],[-0.9735,37.576402],[-1.006418,37.581448],[-1.069936,37.582587],[-1.087758,37.580878],[-1.103424,37.576402],[-1.114654,37.568671],[-1.119985,37.559027],[-1.116851,37.549384],[-1.105767,37.532135],[-1.137172,37.538001],[-1.167057,37.543755],[-1.173408,37.555076],[-1.178585,37.563883],[-1.199732,37.566565],[-1.228993,37.576077],[-1.242699,37.579203],[-1.257667,37.567013],[-1.261671,37.557661],[-1.289784,37.558417],[-1.323735,37.561991],[-1.353261,37.549913],[-1.369171,37.541368],[-1.413686,37.506537],[-1.430369,37.498114],[-1.450225,37.494696],[-1.455556,37.492703],[-1.46349,37.487982],[-1.470896,37.482245],[-1.47411,37.477607],[-1.476674,37.472724],[-1.487294,37.439765],[-1.488352,37.433214],[-1.496938,37.427802],[-1.502797,37.429267],[-1.508168,37.432685],[-1.515004,37.433214],[-1.523915,37.428656],[-1.543731,37.414984],[-1.552968,37.412177],[-1.567738,37.409939],[-1.618723,37.392279],[-1.641618,37.381036],[-1.645913,37.369247],[-1.652839,37.361259],[-1.670888,37.363308],[-1.680165,37.354438],[-1.68578,37.336982],[-1.698964,37.316433],[-1.728505,37.282416],[-1.787221,37.235216],[-1.812734,37.207058],[-1.830352,37.166368],[-1.837758,37.131619],[-1.849843,37.104438],[-1.855214,37.076606],[-1.884999,37.015489],[-1.906117,36.987616],[-1.906972,36.975287],[-1.904164,36.966376],[-1.900502,36.958767],[-1.898671,36.950059],[-1.900339,36.941189],[-1.905222,36.935981],[-1.912872,36.933539],[-1.935292,36.932196],[-1.941396,36.929877],[-1.953847,36.919949],[-1.988922,36.900499],[-2.002797,36.88703],[-2.013051,36.845771],[-2.02477,36.833767],[-2.040476,36.824327],[-2.056874,36.810085],[-2.06074,36.802436],[-2.065907,36.783555],[-2.071156,36.775336],[-2.080312,36.770616],[-2.09142,36.768256],[-2.100819,36.765163],[-2.111073,36.746121],[-2.126698,36.736396],[-2.146718,36.729926],[-2.166127,36.727566],[-2.203643,36.737128],[-2.231679,36.760077],[-2.256134,36.78738],[-2.282786,36.810085],[-2.318349,36.827908],[-2.339141,36.834255],[-2.361684,36.836778],[-2.380238,36.833767],[-2.412709,36.820014],[-2.433095,36.81627],[-2.442332,36.818305],[-2.46939,36.827745],[-2.481435,36.829942],[-2.56078,36.818793],[-2.576894,36.811306],[-2.59671,36.773098],[-2.617177,36.72842],[-2.64269,36.707017],[-2.647572,36.704169],[-2.658884,36.69481],[-2.684356,36.685981],[-2.718251,36.682034],[-2.736195,36.687405],[-2.756663,36.680365],[-2.782948,36.694607],[-2.802602,36.707302],[-2.820994,36.713894],[-2.829986,36.711737],[-2.83906,36.702419],[-2.848256,36.700222],[-2.858754,36.704942],[-2.886098,36.734402],[-2.913971,36.750312],[-2.933258,36.751654],[-2.987719,36.737109],[-3.076453,36.749756],[-3.156711,36.744526],[-3.227895,36.754828],[-3.329579,36.7449],[-3.34439,36.736925],[-3.358306,36.725938],[-3.378774,36.713894],[-3.415155,36.695516],[-3.477602,36.696096],[-3.515963,36.721047],[-3.53606,36.718406],[-3.549832,36.712373],[-3.586402,36.726579],[-3.6011,36.74255],[-3.63242,36.74128],[-3.665667,36.73937],[-3.679822,36.728808],[-3.731281,36.724097],[-3.803433,36.742474],[-3.838541,36.75197],[-3.889445,36.743388],[-3.960961,36.726793],[-4.056711,36.747992],[-4.079958,36.743564],[-4.110172,36.725733],[-4.197011,36.715399],[-4.224721,36.712388],[-4.403188,36.723863],[-4.420318,36.719875],[-4.433258,36.710679],[-4.461171,36.671454],[-4.466868,36.663031],[-4.480458,36.65119],[-4.491119,36.636664],[-4.495351,36.620551],[-4.524826,36.580715],[-4.5878,36.573818],[-4.615021,36.530556],[-4.64981,36.512112],[-4.65925,36.507636],[-4.680287,36.5008],[-4.722768,36.492987],[-4.764231,36.493964],[-4.88032,36.505683],[-4.902659,36.506537],[-4.91218,36.504014],[-4.923533,36.496853],[-4.994166,36.457094],[-5.062489,36.452216],[-5.108713,36.429023],[-5.121042,36.425564],[-5.157623,36.421942],[-5.173655,36.417426],[-5.186554,36.4112],[-5.199656,36.397162],[-5.227122,36.357937],[-5.227935,36.348538],[-5.2447,36.312079],[-5.253651,36.297105],[-5.258616,36.292548],[-5.26594,36.287095],[-5.274119,36.282538],[-5.290598,36.277411],[-5.289499,36.269843],[-5.285308,36.26081],[-5.29662,36.247382],[-5.329335,36.198147],[-5.334055,36.187812],[-5.339915,36.129828],[-5.33906,36.123847],[-5.34203,36.1105],[-5.35025,36.119289],[-5.366607,36.163153],[-5.382517,36.172309],[-5.406077,36.179226],[-5.425445,36.179755],[-5.4287,36.169989],[-5.437896,36.161485],[-5.442332,36.14879],[-5.441477,36.134548],[-5.434885,36.121527],[-5.43989,36.114203],[-5.437164,36.0987],[-5.43163,36.088935],[-5.4287,36.080797],[-5.431833,36.069566],[-5.438629,36.062812],[-5.445505,36.05744],[-5.466501,36.050727],[-5.566599,36.021633],[-5.581003,36.013983],[-5.611765,36.006456],[-5.629709,36.03677],[-5.671702,36.055976],[-5.689361,36.067125],[-5.713124,36.059963],[-5.733876,36.06566],[-5.753651,36.075588],[-5.796051,36.085517],[-5.811269,36.096829],[-5.832753,36.122382],[-5.897898,36.173896],[-5.917185,36.184068],[-5.938954,36.183824],[-5.983551,36.176988],[-6.036773,36.189521],[-6.062489,36.217231],[-6.082183,36.250678],[-6.104726,36.280707],[-6.159454,36.304307],[-6.165964,36.318712],[-6.168528,36.335313],[-6.175201,36.353583],[-6.184193,36.370714],[-6.218373,36.402452],[-6.242055,36.446479],[-6.25711,36.476426],[-6.279612,36.511298],[-6.301422,36.525987],[-6.310007,36.534125],[-6.297678,36.538764],[-6.289377,36.537299],[-6.257517,36.51378],[-6.248972,36.504747],[-6.254099,36.496283],[-6.246653,36.48664],[-6.231475,36.472683],[-6.219065,36.474962],[-6.211497,36.480536],[-6.200754,36.493842],[-6.179351,36.513536],[-6.186472,36.514228],[-6.206817,36.508897],[-6.224355,36.51085],[-6.232452,36.52619],[-6.226023,36.556667],[-6.234893,36.575751],[-6.283193,36.612372],[-6.293853,36.616848],[-6.361724,36.620551],[-6.379791,36.624254],[-6.394683,36.636908],[-6.406972,36.676703],[-6.417633,36.69595],[-6.431549,36.714586],[-6.437896,36.733303],[-6.433339,36.751207],[-6.41454,36.767646],[-6.396311,36.775092],[-6.358876,36.785834],[-6.345611,36.794989],[-6.335194,36.818264],[-6.343739,36.859931],[-6.338206,36.883734],[-6.304351,36.907213],[-6.223256,36.90233],[-6.194814,36.932115],[-6.214019,36.921698],[-6.239654,36.913398],[-6.265045,36.912909],[-6.283559,36.92593],[-6.325917,36.912665],[-6.344716,36.901272],[-6.352447,36.880276],[-6.346669,36.819892],[-6.352447,36.80858],[-6.38801,36.808173],[-6.416249,36.837795],[-6.448638,36.904202],[-6.471099,36.935614],[-6.499582,36.959662],[-6.744862,37.101386],[-6.771474,37.112779],[-6.794667,37.117743],[-6.811757,37.123725],[-6.853017,37.151109],[-6.87328,37.158677],[-6.892893,37.166571],[-6.910878,37.188951],[-6.917633,37.215074],[-6.910756,37.227607],[-6.898752,37.235785],[-6.864125,37.277533],[-6.852691,37.295233],[-6.903472,37.249579],[-6.931142,37.233873],[-6.962554,37.233832],[-6.962554,37.227607],[-6.940745,37.20067],[-6.930084,37.183173],[-6.928456,37.172349],[-6.94164,37.171088],[-7.029368,37.205512],[-7.061676,37.213935],[-7.10104,37.224251],[-7.127349,37.214748],[-7.098988,37.2119],[-7.085561,37.206488],[-7.32787,37.201565],[-7.343088,37.196234],[-7.362904,37.181708],[-7.381418,37.179918],[-7.398508,37.185452],[-7.414418,37.192816],[-7.411488,37.187934],[-7.409413,37.183743],[-7.406402,37.180487],[-7.400217,37.178534],[-7.400217,37.172349],[-7.407623,37.164862],[-7.424306,37.175035],[-7.445709,37.179633],[-7.468658,37.180325],[-7.490142,37.178534],[-7.51179,37.17178],[-7.552235,37.149237],[-7.569,37.144436],[-7.627349,37.113959],[-7.635162,37.105414],[-7.78661,37.022691],[-7.819569,36.998725],[-7.834055,36.998928],[-7.849599,37.004381],[-7.870717,37.00788],[-7.932444,37.008531],[-7.949534,37.014106],[-7.958119,37.002631],[-7.968821,37.00373],[-7.981597,37.010077],[-7.9912,37.014106],[-7.981353,37.001695],[-7.978098,36.995347],[-7.976796,36.986762],[-7.999257,37.013251],[-8.035268,37.037502],[-8.106557,37.069281],[-8.147475,37.076531],[-8.179152,37.088099],[-8.212896,37.08691],[-8.293202,37.077704],[-8.327382,37.087388],[-8.365384,37.097999],[-8.395215,37.087139],[-8.438834,37.082734],[-8.482257,37.095754],[-8.484252,37.094164],[-8.537465,37.117825],[-8.580149,37.123969],[-8.62678,37.121161],[-8.641591,37.117743],[-8.654652,37.110297],[-8.686269,37.082953],[-8.74767,37.082953],[-8.759674,37.080268],[-8.785553,37.067206],[-8.798573,37.062486],[-8.81371,37.061591],[-8.837215,37.056588],[-8.859158,37.040798],[-8.878919,37.047209],[-8.896962,37.032782],[-8.9051,37.027737],[-8.915598,37.024604],[-8.935618,37.010972],[-8.946034,37.00788],[-8.961171,37.012397],[-8.972076,37.021186],[-8.9829,37.026597],[-8.997874,37.02147],[-8.991038,37.049506],[-8.985585,37.063381],[-8.980784,37.069281],[-8.941793,37.118706],[-8.92691,37.146145],[-8.913564,37.169908],[-8.922719,37.199652],[-8.904652,37.213202],[-8.881365,37.23248],[-8.86709,37.276725],[-8.874919,37.294119],[-8.882768,37.309931],[-8.866676,37.335154],[-8.838657,37.360318],[-8.833363,37.384589],[-8.815989,37.417914],[-8.804064,37.462787],[-8.797861,37.4896],[-8.795497,37.535362],[-8.801305,37.559065],[-8.811144,37.574897],[-8.824371,37.587551],[-8.826527,37.600572],[-8.812856,37.64468],[-8.808258,37.672024],[-8.799306,37.697577],[-8.786206,37.702615],[-8.757639,37.706732],[-8.752187,37.73078],[-8.752187,37.734565],[-8.76183,37.727769],[-8.784056,37.723129],[-8.808705,37.722886],[-8.817006,37.740302],[-8.809582,37.791231],[-8.797182,37.844873],[-8.798956,37.878093],[-8.804815,37.901873],[-8.820669,37.927267],[-8.853871,37.932278],[-8.894846,37.952541],[-8.890045,37.960924],[-8.883168,37.964504],[-8.875396,37.967353],[-8.867502,37.973619],[-8.815683,38.062115],[-8.796993,38.133246],[-8.774396,38.186949],[-8.777952,38.240691],[-8.785466,38.303908],[-8.795071,38.359227],[-8.820941,38.398821],[-8.846791,38.420071],[-8.878285,38.449164],[-8.914662,38.472846],[-8.942616,38.481391],[-8.927317,38.493801],[-8.90453,38.486396],[-8.867502,38.460883],[-8.821848,38.448554],[-8.80016,38.439114],[-8.798573,38.426093],[-8.756988,38.427314],[-8.65689,38.405951],[-8.606801,38.418687],[-8.63683,38.420152],[-8.66275,38.424506],[-8.736155,38.45185],[-8.745025,38.460273],[-8.750803,38.473944],[-8.752512,38.487982],[-8.750885,38.500637],[-8.745758,38.510077],[-8.737172,38.514879],[-8.737172,38.522366],[-8.751454,38.526435],[-8.76122,38.538072],[-8.764231,38.552069],[-8.757639,38.5633],[-8.773346,38.565334],[-8.792958,38.533596],[-8.812856,38.528551],[-8.812856,38.522366],[-8.790639,38.519924],[-8.780263,38.505439],[-8.780019,38.489081],[-8.788401,38.481391],[-8.812327,38.482856],[-8.832265,38.487047],[-8.867502,38.501858],[-8.905832,38.512397],[-8.95489,38.505144],[-8.999765,38.464253],[-8.991864,38.459478],[-9.048595,38.440671],[-9.145657,38.431383],[-9.165909,38.425089],[-9.182141,38.415624],[-9.200357,38.412481],[-9.226186,38.418402],[-9.230621,38.418687],[-9.233998,38.424221],[-9.233754,38.431464],[-9.231068,38.43769],[-9.227203,38.440375],[-9.21996,38.449042],[-9.190027,38.472532],[-9.183868,38.504128],[-9.183793,38.551537],[-9.20807,38.597417],[-9.238464,38.635412],[-9.252675,38.665484],[-9.234395,38.673361],[-9.187681,38.67801],[-9.145042,38.681068],[-9.124135,38.670966],[-9.113922,38.658881],[-9.107737,38.658881],[-9.113922,38.679389],[-9.098866,38.685614],[-9.067291,38.692328],[-9.052398,38.693671],[-9.052398,38.699897],[-9.037434,38.713941],[-9.021168,38.72653],[-8.992709,38.743814],[-8.956858,38.768134],[-8.952952,38.77025],[-8.947133,38.774237],[-8.942616,38.77558],[-8.942616,38.781724],[-8.952626,38.794908],[-8.964263,38.814846],[-8.970286,38.835435],[-8.963124,38.850653],[-8.986318,38.849433],[-8.996816,38.865546],[-9.002594,38.889838],[-9.011545,38.913398],[-8.969106,38.983954],[-8.943227,39.015204],[-8.908437,39.036282],[-8.888417,39.040107],[-8.84553,39.042914],[-8.826527,39.049262],[-8.790354,39.070624],[-8.790354,39.070624],[-8.774648,39.083441],[-8.765126,39.097724],[-8.791737,39.082424],[-8.836415,39.056708],[-8.922719,39.049262],[-8.935862,39.040717],[-8.955068,39.012193],[-9.003529,38.95775],[-9.058909,38.871405],[-9.08967,38.843573],[-9.10025,38.830227],[-9.106557,38.813788],[-9.104217,38.794816],[-9.102257,38.761593],[-9.098248,38.737858],[-9.112503,38.714182],[-9.163287,38.701672],[-9.220171,38.693895],[-9.285209,38.698758],[-9.303485,38.687705],[-9.321777,38.670325],[-9.360585,38.689521],[-9.404775,38.704088],[-9.429189,38.707261],[-9.471669,38.70246],[-9.491689,38.707587],[-9.491282,38.727729],[-9.484731,38.744696],[-9.497467,38.788235],[-9.497467,38.80976],[-9.491933,38.819241],[-9.479888,38.830756],[-9.455496,38.850469],[-9.422725,38.931404],[-9.425364,38.991645],[-9.436635,39.029486],[-9.426647,39.051724],[-9.422549,39.078625],[-9.383696,39.134032],[-9.371418,39.16092],[-9.35086,39.197309],[-9.346781,39.235226],[-9.34059,39.26683],[-9.354075,39.31623],[-9.365834,39.336005],[-9.401763,39.36522],[-9.409291,39.37519],[-9.397817,39.377997],[-9.352922,39.367934],[-9.279245,39.405822],[-9.260803,39.418442],[-9.240315,39.419997],[-9.227895,39.408433],[-9.2176,39.406195],[-9.205922,39.415473],[-9.213531,39.428616],[-9.229888,39.440741],[-9.213649,39.461035],[-9.191085,39.481536],[-9.182873,39.492584],[-9.164413,39.502024],[-9.135694,39.51618],[-9.1213,39.535105],[-9.111009,39.550879],[-9.090434,39.579275],[-9.088341,39.596662],[-9.090343,39.615641],[-9.077947,39.642479],[-9.071692,39.680437],[-8.993031,39.843166],[-8.868153,40.124823],[-8.853261,40.139228],[-8.841624,40.125963],[-8.825063,40.120063],[-8.784983,40.11872],[-8.784983,40.126166],[-8.801096,40.137926],[-8.816151,40.146552],[-8.833608,40.151679],[-8.879384,40.156236],[-8.896474,40.16474],[-8.906606,40.179389],[-8.908437,40.20067],[-8.895741,40.228746],[-8.865387,40.275458],[-8.798573,40.474433],[-8.784855,40.536818],[-8.765788,40.582541],[-8.753,40.640815],[-8.750356,40.643948],[-8.744618,40.646918],[-8.743967,40.6258],[-8.744618,40.619045],[-8.72468,40.644517],[-8.710276,40.653469],[-8.696156,40.646918],[-8.690012,40.646918],[-8.690012,40.653144],[-8.692372,40.655707],[-8.696401,40.661322],[-8.698801,40.667955],[-8.696156,40.673651],[-8.686391,40.677924],[-8.680776,40.674994],[-8.676869,40.669664],[-8.671986,40.666815],[-8.662099,40.669867],[-8.653635,40.677191],[-8.641591,40.694159],[-8.65746,40.701402],[-8.666331,40.713202],[-8.663645,40.724066],[-8.644928,40.728909],[-8.621816,40.730658],[-8.603871,40.735785],[-8.588368,40.744208],[-8.572662,40.755561],[-8.589508,40.754706],[-8.614735,40.74494],[-8.635976,40.741604],[-8.639882,40.740058],[-8.645375,40.739732],[-8.668446,40.747463],[-8.675689,40.755561],[-8.683705,40.783108],[-8.645579,40.823676],[-8.655263,40.844916],[-8.656972,40.828559],[-8.663197,40.814927],[-8.670522,40.811184],[-8.675689,40.824449],[-8.689809,40.804104],[-8.700551,40.777981],[-8.707387,40.750312],[-8.709828,40.725165],[-8.714263,40.709052],[-8.725087,40.685981],[-8.738433,40.664496],[-8.750803,40.653144],[-8.6551,40.993801],[-8.655263,41.030504],[-8.667104,41.097561],[-8.666127,41.132758],[-8.648346,41.146633],[-8.648346,41.152777],[-8.68578,41.159491],[-8.70519,41.186916],[-8.718373,41.221503],[-8.737172,41.249661],[-8.732289,41.262926],[-8.734609,41.274075],[-8.740061,41.28498],[-8.744618,41.297431],[-8.744456,41.328111],[-8.749135,41.337795],[-8.756132,41.34054],[-8.760325,41.350898],[-8.764027,41.361314],[-8.778147,41.37934],[-8.783803,41.393866],[-8.783773,41.406109],[-8.785564,41.434878],[-8.774849,41.468338],[-8.78647,41.491067],[-8.78826,41.511798],[-8.792733,41.525838],[-8.79542,41.542553],[-8.808339,41.572943],[-8.812856,41.595404],[-8.819488,41.611884],[-8.820449,41.630097],[-8.828603,41.648157],[-8.830511,41.671586],[-8.827056,41.682807],[-8.804677,41.689276],[-8.743276,41.696967],[-8.725942,41.703111],[-8.710032,41.711859],[-8.696156,41.721991],[-8.806874,41.696967],[-8.829986,41.694648],[-8.842885,41.695787],[-8.861113,41.704368],[-8.880306,41.736862],[-8.880317,41.765533],[-8.872039,41.810569],[-8.878896,41.839016],[-8.874745,41.849555],[-8.867502,41.859117],[-8.79662,41.903306],[-8.762766,41.931952],[-8.750803,41.96898],[-8.761952,41.952582],[-8.777089,41.937161],[-8.7954,41.925686],[-8.815989,41.92121],[-8.832834,41.913967],[-8.848785,41.899482],[-8.864654,41.888902],[-8.881256,41.893297],[-8.878733,41.907131],[-8.89859,42.101752],[-8.895497,42.119086],[-8.884592,42.126044],[-8.84496,42.126614],[-8.826527,42.13052],[-8.819081,42.139716],[-8.82372,42.14761],[-8.842763,42.154446],[-8.846995,42.160834],[-8.84203,42.164293],[-8.815989,42.174506],[-8.813466,42.178697],[-8.811025,42.188137],[-8.805776,42.197496],[-8.795237,42.201728],[-8.790639,42.204535],[-8.771962,42.222235],[-8.719553,42.252346],[-8.706451,42.256415],[-8.701894,42.258531],[-8.669911,42.280911],[-8.652008,42.286322],[-8.631744,42.29682],[-8.625152,42.301947],[-8.621653,42.310207],[-8.621653,42.340806],[-8.622711,42.34748],[-8.626454,42.348334],[-8.634755,42.346381],[-8.649892,42.335598],[-8.660756,42.316799],[-8.674794,42.299018],[-8.699574,42.291164],[-8.719838,42.287584],[-8.773915,42.268988],[-8.784983,42.260077],[-8.795766,42.258246],[-8.848297,42.260972],[-8.867502,42.256415],[-8.863637,42.268988],[-8.853424,42.291083],[-8.853261,42.304836],[-8.846995,42.304836],[-8.832997,42.28913],[-8.827219,42.296698],[-8.826527,42.329047],[-8.828521,42.337226],[-8.830719,42.34162],[-8.82726,42.344143],[-8.812856,42.346381],[-8.776926,42.340155],[-8.771962,42.342719],[-8.764638,42.355699],[-8.726877,42.388739],[-8.709828,42.400377],[-8.676869,42.416449],[-8.662506,42.426907],[-8.655263,42.441352],[-8.664377,42.437974],[-8.672515,42.438422],[-8.682525,42.441352],[-8.691274,42.440619],[-8.694488,42.439643],[-8.696767,42.437974],[-8.718821,42.427965],[-8.743642,42.413235],[-8.757639,42.407213],[-8.779368,42.402899],[-8.811025,42.400702],[-8.843577,42.403713],[-8.867502,42.4147],[-8.875722,42.425971],[-8.880238,42.445014],[-8.88801,42.455634],[-8.90095,42.461005],[-8.935455,42.465399],[-8.942616,42.469306],[-8.935048,42.479071],[-8.916737,42.487616],[-8.895985,42.493883],[-8.881256,42.496568],[-8.869008,42.493394],[-8.860829,42.485012],[-8.861155,42.475572],[-8.874338,42.469306],[-8.865549,42.465033],[-8.851552,42.460761],[-8.836985,42.45893],[-8.826527,42.461859],[-8.822499,42.472357],[-8.825185,42.484117],[-8.825063,42.49494],[-8.812856,42.502753],[-8.825185,42.537421],[-8.826527,42.554633],[-8.822987,42.569525],[-8.813832,42.581448],[-8.801584,42.589301],[-8.788401,42.59219],[-8.775502,42.604722],[-8.738759,42.666083],[-8.730946,42.688422],[-8.737172,42.688422],[-8.744049,42.672431],[-8.753896,42.656887],[-8.767323,42.645168],[-8.784983,42.64057],[-8.803822,42.645941],[-8.815989,42.658515],[-8.826243,42.67414],[-8.839508,42.68244],[-8.854604,42.661566],[-8.857004,42.649115],[-8.846995,42.64057],[-8.868764,42.617499],[-8.880523,42.611802],[-8.894846,42.620103],[-8.889475,42.630601],[-8.903432,42.625474],[-8.936391,42.606431],[-8.922231,42.593695],[-8.93399,42.586819],[-8.969879,42.579169],[-8.972768,42.57392],[-8.980784,42.551215],[-8.989166,42.548896],[-8.99706,42.543402],[-9.011545,42.530707],[-9.026357,42.543118],[-9.028554,42.561469],[-9.033355,42.578111],[-9.055816,42.585395],[-9.070872,42.596137],[-9.065745,42.620307],[-9.051422,42.645941],[-9.038808,42.661078],[-9.039459,42.673041],[-9.036285,42.687934],[-9.030141,42.707709],[-9.018788,42.719753],[-9.014027,42.726833],[-9.006256,42.733832],[-8.994496,42.737006],[-8.992014,42.739081],[-8.963124,42.751288],[-8.937367,42.777777],[-8.922231,42.788113],[-8.898264,42.792304],[-8.891347,42.799343],[-8.884918,42.815009],[-8.887685,42.831122],[-8.908437,42.839464],[-8.912587,42.816596],[-8.92809,42.802517],[-8.951039,42.795111],[-8.977366,42.792304],[-9.028188,42.797878],[-9.04894,42.794745],[-9.045644,42.778022],[-9.068674,42.759711],[-9.081288,42.754828],[-9.10025,42.757514],[-9.113433,42.766059],[-9.120107,42.778998],[-9.125478,42.794989],[-9.134999,42.812771],[-9.122548,42.812608],[-9.113189,42.816352],[-9.106191,42.82331],[-9.10025,42.833279],[-9.108388,42.844835],[-9.122222,42.851752],[-9.141225,42.857449],[-9.142323,42.865302],[-9.147532,42.878607],[-9.148671,42.884467],[-9.146637,42.888373],[-9.137522,42.896064],[-9.134999,42.902167],[-9.133697,42.9112],[-9.134511,42.917548],[-9.141428,42.921413],[-9.158599,42.922634],[-9.167877,42.926825],[-9.183461,42.945258],[-9.195872,42.949327],[-9.195872,42.943142],[-9.190012,42.9324],[-9.19579,42.926581],[-9.20519,42.92475],[-9.210072,42.925727],[-9.214345,42.939032],[-9.224233,42.940212],[-9.235585,42.934882],[-9.244252,42.928778],[-9.251698,42.920233],[-9.261708,42.900173],[-9.268422,42.891303],[-9.273061,42.893337],[-9.282948,42.916612],[-9.291982,42.922634],[-9.291982,42.928778],[-9.28539,42.938341],[-9.26476,42.980333],[-9.263987,42.986518],[-9.26183,42.994493],[-9.258656,43.002387],[-9.254791,43.008002],[-9.250966,43.016791],[-9.257314,43.023261],[-9.272125,43.031277],[-9.27953,43.054999],[-9.271108,43.060492],[-9.257924,43.060899],[-9.251088,43.06977],[-9.245717,43.087999],[-9.233957,43.096503],[-9.22232,43.102729],[-9.2176,43.114447],[-9.202952,43.105048],[-9.189809,43.102322],[-9.176829,43.105577],[-9.162262,43.114447],[-9.15689,43.119737],[-9.154205,43.124701],[-9.150299,43.129584],[-9.141225,43.134874],[-9.133127,43.137966],[-9.125803,43.139594],[-9.107737,43.14114],[-9.107737,43.148505],[-9.124664,43.142524],[-9.147084,43.138699],[-9.163319,43.139757],[-9.162262,43.148505],[-9.194203,43.136542],[-9.208363,43.137885],[-9.2176,43.155341],[-9.170074,43.188747],[-9.137929,43.201524],[-9.100413,43.189521],[-9.08316,43.189765],[-9.065175,43.192328],[-9.052398,43.196357],[-9.039784,43.204535],[-9.026967,43.21015],[-9.016754,43.223863],[-9.011545,43.238756],[-9.004058,43.238756],[-8.985748,43.226874],[-8.958974,43.227484],[-8.932525,43.235297],[-8.915273,43.245022],[-8.936391,43.244086],[-8.94815,43.249945],[-8.963124,43.272284],[-8.967519,43.271959],[-8.979807,43.276923],[-8.988026,43.283026],[-8.980784,43.285956],[-8.970855,43.286566],[-8.930491,43.29975],[-8.88801,43.320746],[-8.856597,43.32689],[-8.84911,43.334052],[-8.841176,43.338935],[-8.829986,43.341213],[-8.817006,43.335842],[-8.785553,43.312445],[-8.768544,43.307074],[-8.750478,43.304918],[-8.711741,43.295559],[-8.693105,43.293402],[-8.665395,43.301174],[-8.630035,43.315863],[-8.592519,43.324205],[-8.55842,43.313218],[-8.505971,43.331529],[-8.497548,43.337795],[-8.494252,43.346625],[-8.486073,43.354315],[-8.475982,43.359687],[-8.455719,43.363349],[-8.451405,43.367377],[-8.448964,43.371975],[-8.443023,43.375312],[-8.388295,43.385891],[-8.384674,43.372707],[-8.375722,43.362982],[-8.353586,43.348619],[-8.34081,43.359931],[-8.33727,43.369045],[-8.339915,43.392727],[-8.330719,43.405666],[-8.310618,43.403144],[-8.281565,43.389594],[-8.267201,43.385932],[-8.260813,43.377021],[-8.257069,43.365668],[-8.250559,43.354885],[-8.227528,43.338121],[-8.217275,43.328315],[-8.210194,43.313218],[-8.202463,43.32925],[-8.202952,43.344672],[-8.210194,43.375312],[-8.209625,43.390692],[-8.204823,43.399726],[-8.193959,43.406806],[-8.175404,43.416327],[-8.195058,43.423245],[-8.213287,43.424954],[-8.247141,43.423082],[-8.26476,43.427314],[-8.288726,43.446234],[-8.305165,43.451077],[-8.286488,43.461982],[-8.185618,43.471503],[-8.178782,43.473293],[-8.171457,43.477973],[-8.166982,43.484565],[-8.168568,43.492011],[-8.173451,43.492743],[-8.196523,43.485175],[-8.257314,43.477729],[-8.253651,43.481269],[-8.250885,43.482856],[-8.243723,43.485175],[-8.247548,43.487738],[-8.257314,43.492011],[-8.269195,43.478949],[-8.288971,43.472968],[-8.333119,43.471503],[-8.325347,43.486762],[-8.321685,43.50788],[-8.31664,43.522895],[-8.305165,43.519355],[-8.292104,43.532945],[-8.30016,43.538235],[-8.308217,43.546332],[-8.313222,43.556342],[-8.312652,43.567125],[-8.308705,43.567125],[-8.291331,43.564846],[-8.284657,43.567125],[-8.260976,43.564521],[-8.232249,43.575507],[-8.086659,43.65648],[-8.082997,43.645453],[-8.074615,43.639635],[-8.063547,43.638861],[-8.051869,43.642808],[-8.062408,43.64232],[-8.065541,43.642808],[-8.065541,43.649075],[-8.061269,43.650946],[-8.056467,43.654242],[-8.051869,43.65648],[-8.071156,43.667873],[-8.073964,43.678534],[-8.069163,43.689276],[-8.065541,43.700873],[-8.059316,43.709418],[-8.044504,43.712104],[-8.010976,43.711737],[-7.981191,43.717841],[-7.952952,43.730129],[-7.928131,43.746772],[-7.908559,43.766343],[-7.880849,43.763251],[-7.869049,43.748847],[-7.86148,43.731187],[-7.846506,43.717963],[-7.846506,43.711737],[-7.852284,43.714179],[-7.862294,43.716254],[-7.867584,43.717963],[-7.874623,43.709418],[-7.879262,43.700507],[-7.879791,43.691962],[-7.873769,43.684475],[-7.884104,43.678616],[-7.887318,43.679674],[-7.894887,43.684475],[-7.901235,43.679755],[-7.903879,43.67829],[-7.908559,43.676988],[-7.908559,43.670152],[-7.858388,43.668199],[-7.849233,43.675605],[-7.867584,43.697455],[-7.856028,43.703437],[-7.843861,43.703803],[-7.819163,43.697455],[-7.821401,43.700751],[-7.823964,43.708075],[-7.826039,43.711737],[-7.812001,43.72309],[-7.793853,43.734117],[-7.773793,43.74258],[-7.734039,43.750067],[-7.712758,43.760688],[-7.695709,43.774888],[-7.688832,43.789984],[-7.685536,43.793443],[-7.678334,43.790473],[-7.671295,43.782864],[-7.668324,43.772528],[-7.672597,43.766669],[-7.695627,43.745917],[-7.696156,43.731513],[-7.691558,43.72724],[-7.68399,43.728705],[-7.67516,43.731635],[-7.673573,43.734361],[-7.674143,43.739203],[-7.672475,43.743842],[-7.664622,43.745917],[-7.65803,43.746527],[-7.641021,43.752672],[-7.637603,43.739081],[-7.613026,43.704291],[-7.615956,43.688544],[-7.607167,43.691107],[-7.594594,43.703681],[-7.586415,43.717963],[-7.57429,43.714545],[-7.565419,43.719794],[-7.555776,43.727607],[-7.541412,43.731635],[-7.502024,43.728339],[-7.490142,43.725328],[-7.407623,43.69123],[-7.367055,43.68008],[-7.304107,43.598578],[-7.256744,43.58161],[-7.260162,43.577501],[-7.262278,43.574286],[-7.265126,43.571479],[-7.271067,43.56863],[-7.271067,43.561143],[-7.257721,43.556667],[-7.249623,43.559394],[-7.242014,43.564805],[-7.230092,43.56863],[-7.215443,43.568671],[-7.194895,43.563503],[-7.156972,43.559272],[-7.095855,43.560981],[-7.079335,43.56863],[-7.061594,43.561591],[-7.044301,43.559394],[-7.032338,43.553005],[-7.030873,43.53323],[-7.03775,43.522244],[-7.048411,43.510443],[-7.053619,43.496527],[-7.044586,43.479193],[-7.043853,43.479193],[-7.038319,43.479193],[-7.032704,43.495469],[-7.02953,43.512152],[-7.023752,43.525824],[-7.010365,43.53323],[-7.001373,43.556667],[-6.943959,43.565985],[-6.845937,43.56863],[-6.830719,43.565131],[-6.770823,43.56863],[-6.729644,43.55976],[-6.703725,43.557563],[-6.648671,43.579047],[-6.597727,43.575222],[-6.54662,43.561835],[-6.510121,43.547471],[-6.499664,43.553087],[-6.488271,43.555121],[-6.462961,43.554958],[-6.464752,43.559678],[-6.467275,43.570868],[-6.469106,43.575385],[-6.455312,43.57335],[-6.431793,43.563422],[-6.417633,43.561143],[-6.366119,43.56863],[-6.314605,43.56863],[-6.300038,43.570624],[-6.273915,43.579617],[-6.249989,43.584052],[-6.243886,43.589301],[-6.236399,43.594306],[-6.222768,43.595893],[-6.190989,43.578559],[-6.178049,43.575385],[-6.100413,43.5692],[-6.08495,43.575385],[-6.069163,43.569688],[-6.054189,43.574571],[-6.039215,43.583116],[-6.023508,43.588446],[-5.907379,43.588446],[-5.90217,43.59752],[-5.908844,43.604926],[-5.913075,43.61286],[-5.900624,43.623236],[-5.902577,43.626492],[-5.905344,43.633816],[-5.907379,43.636827],[-5.875152,43.636786],[-5.863515,43.641425],[-5.859039,43.653632],[-5.852203,43.66295],[-5.836334,43.662218],[-5.803822,43.650499],[-5.782338,43.63703],[-5.727406,43.589545],[-5.708852,43.56863],[-5.701975,43.56863],[-5.696767,43.582831],[-5.689198,43.578559],[-5.67748,43.561143],[-5.6256,43.554958],[-5.424224,43.561143],[-5.39387,43.555243],[-5.390736,43.541327],[-5.403554,43.525417],[-5.420806,43.513373],[-5.41393,43.506537],[-5.403676,43.511094],[-5.382639,43.516384],[-5.372426,43.520209],[-5.365102,43.526719],[-5.362213,43.533393],[-5.356801,43.538601],[-5.341949,43.540635],[-5.299875,43.537665],[-5.284006,43.533474],[-5.211903,43.498358],[-5.177887,43.489366],[-5.091664,43.486274],[-5.067698,43.481391],[-5.057037,43.468614],[-5.045033,43.474311],[-4.975168,43.458767],[-4.967112,43.460883],[-4.952545,43.470079],[-4.941029,43.471747],[-4.930247,43.469509],[-4.907623,43.460639],[-4.836537,43.449774],[-4.754994,43.421658],[-4.734934,43.4171],[-4.512318,43.402737],[-4.508168,43.402452],[-4.481679,43.383612],[-4.460805,43.398708],[-4.432525,43.402615],[-4.404897,43.396999],[-4.385569,43.383612],[-4.379262,43.383612],[-4.368764,43.396186],[-4.359364,43.399685],[-4.312815,43.395779],[-4.188588,43.405382],[-4.160959,43.421169],[-4.097727,43.435614],[-4.073964,43.438259],[-4.029205,43.438259],[-4.023427,43.440945],[-4.022572,43.445746],[-4.020904,43.450385],[-4.012766,43.452501],[-4.005686,43.450792],[-3.981435,43.438259],[-3.976471,43.442939],[-3.971995,43.444159],[-3.967152,43.4442],[-3.961008,43.445095],[-3.965443,43.446845],[-3.974599,43.452501],[-3.974599,43.458767],[-3.940053,43.477118],[-3.922719,43.482611],[-3.906321,43.479193],[-3.893788,43.48489],[-3.890859,43.48371],[-3.885854,43.479193],[-3.856801,43.492377],[-3.826731,43.497016],[-3.797027,43.492743],[-3.769154,43.479193],[-3.812652,43.464871],[-3.830963,43.456],[-3.844309,43.445095],[-3.833852,43.435899],[-3.829254,43.433132],[-3.823842,43.430772],[-3.82726,43.43004],[-3.829986,43.430121],[-3.831532,43.429063],[-3.831288,43.424587],[-3.820221,43.424262],[-3.811187,43.425482],[-3.796498,43.430772],[-3.78954,43.435858],[-3.776194,43.449652],[-3.772288,43.452501],[-3.763499,43.450263],[-3.75414,43.440497],[-3.744985,43.438259],[-3.740712,43.442328],[-3.743031,43.451361],[-3.748891,43.46072],[-3.755523,43.465522],[-3.755523,43.471747],[-3.741526,43.470242],[-3.735748,43.468817],[-3.728871,43.465522],[-3.727162,43.470526],[-3.725819,43.470526],[-3.721425,43.471747],[-3.728871,43.479193],[-3.717926,43.482733],[-3.688385,43.484239],[-3.676991,43.489447],[-3.667063,43.496649],[-3.656077,43.500678],[-3.579416,43.518256],[-3.554351,43.516913],[-3.556264,43.499701],[-3.539052,43.498969],[-3.525624,43.491645],[-3.514719,43.483222],[-3.50536,43.479193],[-3.436635,43.470486],[-3.431508,43.466864],[-3.428293,43.461737],[-3.427154,43.455634],[-3.428619,43.446845],[-3.432607,43.445421],[-3.438873,43.44656],[-3.447011,43.445095],[-3.451161,43.447699],[-3.460601,43.452216],[-3.470041,43.454169],[-3.474355,43.448798],[-3.477773,43.443061],[-3.485829,43.437567],[-3.501698,43.430772],[-3.481801,43.428046],[-3.470448,43.416775],[-3.46109,43.412462],[-3.447011,43.430772],[-3.436187,43.419013],[-3.422231,43.418077],[-3.392486,43.424587],[-3.378041,43.422553],[-3.330312,43.410346],[-3.268951,43.40412],[-3.223541,43.391628],[-3.21052,43.389838],[-3.200022,43.385525],[-3.17691,43.366238],[-3.150868,43.360216],[-3.1315,43.35578],[-3.112375,43.354071],[-3.089508,43.366889],[-3.057851,43.352362],[-3.008168,43.320909],[-3.008168,43.328437],[-3.020009,43.352566],[-3.023427,43.364936],[-3.029286,43.372138],[-3.029286,43.376166],[-3.024322,43.380927],[-3.010976,43.384141],[-2.99942,43.394355],[-2.955922,43.413845],[-2.939931,43.4171],[-2.939931,43.424587],[-2.946685,43.424587],[-2.946685,43.430772],[-2.930084,43.437934],[-2.905263,43.439887],[-2.854237,43.438259],[-2.806996,43.441677],[-2.785959,43.447862],[-2.768625,43.452501],[-2.755849,43.450263],[-2.734934,43.438788],[-2.715199,43.424506],[-2.706532,43.413682],[-2.694936,43.388617],[-2.691029,43.36754],[-2.687001,43.371446],[-2.67927,43.389838],[-2.678456,43.394639],[-2.678782,43.40058],[-2.677805,43.406195],[-2.672963,43.410346],[-2.661204,43.411933],[-2.649322,43.409532],[-2.638092,43.405951],[-2.606923,43.401882],[-2.548899,43.383612],[-2.506012,43.377143],[-2.48351,43.370632],[-2.464426,43.349229],[-2.367421,43.315701],[-2.327056,43.30683],[-2.284657,43.303494],[-2.241119,43.307237],[-2.207875,43.313992],[-2.196278,43.314765],[-2.190419,43.311591],[-2.183461,43.304511],[-2.174469,43.297431],[-2.162221,43.294257],[-2.159576,43.295356],[-2.156321,43.297675],[-2.151519,43.299994],[-2.144846,43.301093],[-2.140045,43.298896],[-2.137807,43.294216],[-2.134836,43.289578],[-2.127797,43.287421],[-2.098866,43.304145],[-2.086415,43.307237],[-2.065541,43.309597],[-1.994618,43.328437],[-1.971791,43.339219],[-1.960357,43.343085],[-1.945627,43.342637],[-1.933705,43.335639],[-1.926584,43.325873],[-1.918691,43.32099],[-1.904652,43.328437],[-1.910227,43.331366],[-1.918853,43.338568],[-1.925689,43.342637],[-1.884918,43.356024],[-1.847401,43.380927],[-1.811269,43.395087],[-1.791371,43.384589],[-1.790761,43.384263],[-1.775502,43.376166],[-1.767974,43.383612],[-1.749623,43.389228],[-1.661,43.399685],[-1.637807,43.423774],[-1.615468,43.432563],[-1.59675,43.442532],[-1.588043,43.451158],[-1.566396,43.482164],[-1.562082,43.493394],[-1.553334,43.50137],[-1.513987,43.538642],[-1.506337,43.550116],[-1.476877,43.580064],[-1.470041,43.611518],[-1.445953,43.668443],[-1.404937,43.832343],[-1.381174,43.889594],[-1.346099,44.019192],[-1.281565,44.302191],[-1.25414,44.44245],[-1.247304,44.504543],[-1.249745,44.519232],[-1.25829,44.547553],[-1.257232,44.556057],[-1.230784,44.583564],[-1.226877,44.589911],[-1.224192,44.601996],[-1.206288,44.647895],[-1.186513,44.665473],[-1.161448,44.666164],[-1.100209,44.655341],[-1.065012,44.659125],[-1.044749,44.66942],[-1.044423,44.684638],[-1.069163,44.703192],[-1.055491,44.703192],[-1.065297,44.717475],[-1.140859,44.768134],[-1.151723,44.77143],[-1.156402,44.773424],[-1.160634,44.776516],[-1.165354,44.778713],[-1.172231,44.778266],[-1.176503,44.775214],[-1.178456,44.770901],[-1.179758,44.766913],[-1.182118,44.765204],[-1.188588,44.755845],[-1.233632,44.706855],[-1.244944,44.662746],[-1.253814,44.638658],[-1.260365,44.627427],[-1.199452,45.120836],[-1.157867,45.27912],[-1.139963,45.490058],[-1.133697,45.504828],[-1.099599,45.553534],[-1.085276,45.569037],[-1.069163,45.57331],[-1.058583,45.569648],[-1.056223,45.565131],[-1.056752,45.557603],[-1.057362,45.546332],[-1.06017,45.543036],[-1.062327,45.537746],[-1.062327,45.532416],[-1.059234,45.527045],[-1.048695,45.515041],[-1.039947,45.50727],[-0.972971,45.470526],[-0.930776,45.453803],[-0.915273,45.450426],[-0.794179,45.355414],[-0.766184,45.326077],[-0.754506,45.295885],[-0.751943,45.275946],[-0.738678,45.238715],[-0.720041,45.145941],[-0.715972,45.134508],[-0.6822,45.076483],[-0.648183,45.044908],[-0.609853,45.018459],[-0.577789,45.005072],[-0.568959,44.997992],[-0.560699,44.985419],[-0.559193,44.976142],[-0.562082,44.96015],[-0.560862,44.939276],[-0.556508,44.918524],[-0.548166,44.902289],[-0.534657,44.894965],[-0.538645,44.908759],[-0.542388,44.937201],[-0.548451,44.94953],[-0.538971,44.976508],[-0.550364,44.998196],[-0.572581,45.014309],[-0.596181,45.024644],[-0.565297,45.023586],[-0.539418,45.019517],[-0.516428,45.011379],[-0.493764,44.997992],[-0.518951,45.029446],[-0.558746,45.043443],[-0.602162,45.053453],[-0.637766,45.073065],[-0.655995,45.099107],[-0.668691,45.130805],[-0.706654,45.322414],[-0.719716,45.36107],[-0.753041,45.424058],[-0.773101,45.452094],[-0.795481,45.477118],[-0.841786,45.514553],[-0.98351,45.586982],[-0.986887,45.591254],[-0.990875,45.610053],[-0.997222,45.614325],[-1.030263,45.62287],[-1.083811,45.660386],[-1.113922,45.668931],[-1.132802,45.671698],[-1.149322,45.6789],[-1.163442,45.688951],[-1.175608,45.700263],[-1.194203,45.710191],[-1.22936,45.704779],[-1.247304,45.709906],[-1.230133,45.779608],[-1.230295,45.792426],[-1.163808,45.806708],[-1.144276,45.806098],[-1.080556,45.753404],[-1.069163,45.748114],[-1.05724,45.74022],[-0.987172,45.717353],[-1.009633,45.735175],[-1.099477,45.786038],[-1.125356,45.807685],[-1.130686,45.816718],[-1.132151,45.828315],[-1.136586,45.843248],[-1.143219,45.857733],[-1.151723,45.86815],[-1.140614,45.872301],[-1.133656,45.878241],[-1.128529,45.884223],[-1.123769,45.888658],[-1.112538,45.895657],[-1.097035,45.902289],[-1.087758,45.903225],[-1.079742,45.902004],[-1.073354,45.904364],[-1.069163,45.915961],[-1.070424,45.926337],[-1.076324,45.936713],[-1.083485,45.94538],[-1.089752,45.950751],[-1.084218,45.953925],[-1.074208,45.961575],[-1.069163,45.964342],[-1.085561,45.971991],[-1.096588,45.985419],[-1.110748,46.018378],[-1.089752,46.008205],[-1.072987,46.007473],[-1.059722,46.015774],[-1.048695,46.03266],[-1.048695,46.038804],[-1.052887,46.04328],[-1.058583,46.047919],[-1.065175,46.051581],[-1.084218,46.056545],[-1.087758,46.064683],[-1.088735,46.074774],[-1.096018,46.088365],[-1.095693,46.097724],[-1.097035,46.101549],[-1.100738,46.103095],[-1.113596,46.106147],[-1.117014,46.107815],[-1.122955,46.112494],[-1.129018,46.11579],[-1.128896,46.120063],[-1.117014,46.128241],[-1.14037,46.14057],[-1.14802,46.141913],[-1.152089,46.143866],[-1.151845,46.148424],[-1.150543,46.153266],[-1.151723,46.156195],[-1.157094,46.156968],[-1.172231,46.156195],[-1.182607,46.158393],[-1.19164,46.157945],[-1.200185,46.159125],[-1.209706,46.166164],[-1.210805,46.174547],[-1.204416,46.184312],[-1.194488,46.192776],[-1.18517,46.19717],[-1.190541,46.216295],[-1.179596,46.229478],[-1.110748,46.259223],[-1.102651,46.271959],[-1.103505,46.280015],[-1.108022,46.28852],[-1.110748,46.30268],[-1.132476,46.324123],[-1.177235,46.326158],[-1.214345,46.310696],[-1.213206,46.27912],[-1.240102,46.284247],[-1.259185,46.300442],[-1.277415,46.319525],[-1.293365,46.322659],[-1.303456,46.323879],[-1.334218,46.336737],[-1.356842,46.350328],[-1.370229,46.354193],[-1.423329,46.342475],[-1.44872,46.343411],[-1.459584,46.364732],[-1.465484,46.38996],[-1.481435,46.408189],[-1.504465,46.419338],[-1.53189,46.423082],[-1.598785,46.425035],[-1.62564,46.431138],[-1.617177,46.443549],[-1.633453,46.454291],[-1.686757,46.460883],[-1.720286,46.481269],[-1.748606,46.486558],[-1.761138,46.492011],[-1.768422,46.50023],[-1.779652,46.522121],[-1.789174,46.532945],[-1.788889,46.520453],[-1.78307,46.504136],[-1.781728,46.495429],[-1.786,46.490953],[-1.7954,46.494534],[-1.804799,46.503607],[-1.827056,46.576972],[-1.822662,46.594387],[-1.838694,46.599066],[-1.846588,46.610256],[-1.851226,46.623725],[-1.857411,46.635321],[-1.872426,46.647406],[-1.887807,46.656562],[-1.89977,46.666246],[-1.909901,46.691799],[-1.923166,46.699164],[-1.940012,46.70307],[-1.956451,46.704291],[-1.964996,46.710395],[-1.994618,46.752021],[-2.050282,46.79206],[-2.081288,46.807359],[-2.107167,46.813463],[-2.118764,46.819973],[-2.126088,46.835598],[-2.130035,46.854682],[-2.131256,46.871812],[-2.128774,46.893459],[-2.121978,46.903713],[-2.096344,46.91649],[-2.102162,46.93065],[-2.087473,46.94123],[-2.049224,46.957465],[-2.037017,46.972561],[-2.020172,47.008612],[-2.00829,47.026353],[-1.990712,47.035386],[-1.992584,47.052314],[-2.003774,47.070014],[-2.014556,47.08161],[-2.030019,47.092108],[-2.090159,47.11518],[-2.205474,47.129096],[-2.241119,47.142483],[-2.227854,47.148627],[-2.21703,47.155504],[-2.205393,47.1612],[-2.172841,47.164374],[-2.165191,47.167873],[-2.162099,47.176011],[-2.159088,47.190863],[-2.158681,47.204495],[-2.169301,47.22016],[-2.172109,47.235256],[-2.170888,47.246324],[-2.166982,47.259223],[-2.160553,47.271186],[-2.151682,47.27969],[-2.127675,47.286811],[-2.035634,47.29328],[-2.028717,47.296942],[-2.021962,47.299262],[-2.014556,47.300116],[-2.006581,47.29328],[-1.999135,47.28856],[-1.947865,47.279364],[-1.932485,47.27969],[-1.939361,47.286444],[-1.927805,47.286322],[-1.917063,47.284166],[-1.907338,47.279934],[-1.898427,47.273424],[-1.918853,47.273424],[-1.918853,47.266018],[-1.877838,47.24551],[-1.836252,47.239936],[-1.82608,47.235256],[-1.803944,47.21898],[-1.780995,47.211982],[-1.72704,47.210761],[-1.747222,47.219916],[-1.788238,47.225572],[-1.805653,47.235256],[-1.835927,47.259752],[-1.871165,47.27969],[-1.905629,47.293931],[-1.925689,47.298489],[-1.94929,47.300116],[-1.95816,47.302395],[-1.972157,47.312161],[-2.010121,47.319729],[-2.148101,47.313218],[-2.179555,47.300116],[-2.186594,47.292711],[-2.190582,47.2862],[-2.195953,47.279934],[-2.206288,47.273424],[-2.236073,47.267483],[-2.259429,47.251614],[-2.278391,47.246405],[-2.298085,47.246649],[-2.31607,47.251654],[-2.330963,47.26081],[-2.355336,47.280097],[-2.371409,47.286444],[-2.388092,47.287909],[-2.39745,47.287584],[-2.404897,47.286444],[-2.412831,47.281724],[-2.416575,47.27497],[-2.418121,47.268866],[-2.419179,47.266018],[-2.448394,47.266588],[-2.541982,47.300116],[-2.541982,47.306952],[-2.519032,47.304633],[-2.476064,47.290676],[-2.453359,47.29328],[-2.436187,47.307034],[-2.445383,47.32038],[-2.465443,47.333808],[-2.480621,47.347886],[-2.487945,47.345404],[-2.491282,47.343899],[-2.494252,47.341742],[-2.489369,47.334418],[-2.488922,47.33039],[-2.494252,47.320624],[-2.501698,47.320624],[-2.503326,47.349595],[-2.514801,47.364936],[-2.556386,47.383246],[-2.476796,47.415676],[-2.466135,47.415229],[-2.4558,47.412177],[-2.439036,47.40998],[-2.441029,47.404446],[-2.442209,47.404364],[-2.446401,47.402533],[-2.439036,47.396308],[-2.429433,47.403876],[-2.395009,47.416978],[-2.391835,47.423651],[-2.407135,47.425727],[-2.431752,47.426174],[-2.44815,47.430609],[-2.439036,47.44477],[-2.455312,47.452216],[-2.476186,47.453762],[-2.488922,47.459174],[-2.480621,47.478217],[-2.49474,47.491197],[-2.483632,47.497952],[-2.421213,47.50023],[-2.384674,47.507148],[-2.363922,47.506171],[-2.380116,47.509223],[-2.407053,47.506049],[-2.425364,47.506171],[-2.501698,47.526679],[-2.517486,47.528388],[-2.530507,47.527248],[-2.563222,47.519843],[-2.600697,47.519843],[-2.609853,47.517727],[-2.61559,47.514146],[-2.621693,47.513414],[-2.631988,47.519843],[-2.616933,47.521715],[-2.599355,47.52912],[-2.584462,47.540473],[-2.576812,47.553941],[-2.592275,47.543647],[-2.606435,47.54206],[-2.621205,47.543036],[-2.638254,47.540269],[-2.630116,47.53913],[-2.623931,47.537177],[-2.619944,47.533393],[-2.617787,47.526679],[-2.643056,47.526435],[-2.654775,47.528306],[-2.665517,47.533515],[-2.667104,47.509589],[-2.680735,47.504218],[-2.714019,47.512397],[-2.730702,47.511623],[-2.782786,47.499416],[-2.802154,47.498114],[-2.817128,47.499213],[-2.83019,47.503607],[-2.843658,47.512397],[-2.845693,47.516181],[-2.861073,47.535834],[-2.864817,47.536851],[-2.868967,47.542182],[-2.878529,47.545315],[-2.889882,47.546617],[-2.892934,47.547675],[-2.89151,47.549058],[-2.892079,47.553941],[-2.90925,47.558417],[-2.892568,47.566596],[-2.865305,47.566636],[-2.850575,47.546536],[-2.843658,47.546536],[-2.838124,47.551825],[-2.832428,47.554023],[-2.825429,47.552476],[-2.816396,47.546536],[-2.815297,47.552965],[-2.80956,47.567613],[-2.794016,47.555121],[-2.768666,47.549547],[-2.741444,47.551337],[-2.720204,47.560777],[-2.727651,47.567613],[-2.688629,47.604397],[-2.68399,47.622992],[-2.706532,47.642727],[-2.706532,47.636542],[-2.696929,47.629788],[-2.695627,47.623358],[-2.701568,47.618354],[-2.714019,47.616034],[-2.699778,47.609198],[-2.704254,47.604438],[-2.708608,47.602281],[-2.720204,47.601752],[-2.725331,47.607367],[-2.77538,47.629096],[-2.754465,47.627021],[-2.734486,47.62226],[-2.746327,47.633857],[-2.758209,47.639065],[-2.789133,47.642727],[-2.77538,47.636542],[-2.796051,47.629869],[-2.847727,47.626166],[-2.857981,47.619127],[-2.86677,47.607164],[-2.886383,47.60102],[-2.919423,47.595526],[-2.919423,47.601752],[-2.912668,47.601752],[-2.912668,47.609198],[-2.925689,47.607652],[-2.928822,47.606024],[-2.933095,47.601752],[-2.939931,47.601752],[-2.943756,47.613959],[-2.944814,47.624091],[-2.94164,47.631822],[-2.933095,47.636542],[-2.947499,47.636908],[-2.957997,47.642157],[-2.964589,47.651435],[-2.967193,47.663804],[-2.97468,47.663804],[-2.973297,47.655992],[-2.968577,47.6435],[-2.967193,47.636542],[-2.967193,47.612616],[-2.963612,47.602607],[-2.954701,47.591539],[-2.943512,47.581488],[-2.933095,47.574449],[-2.935618,47.567572],[-2.937245,47.564683],[-2.939931,47.560777],[-2.942616,47.564399],[-2.952952,47.574449],[-2.961293,47.570543],[-2.970286,47.576972],[-2.980946,47.587348],[-2.994496,47.595526],[-2.988596,47.582261],[-2.994211,47.576077],[-3.003407,47.578681],[-3.008168,47.591783],[-3.01179,47.607164],[-3.018219,47.605658],[-3.021718,47.59455],[-3.015696,47.581244],[-3.029937,47.581936],[-3.035797,47.583319],[-3.042388,47.58808],[-3.073842,47.576483],[-3.089752,47.575507],[-3.103749,47.581244],[-3.09732,47.584052],[-3.090728,47.58808],[-3.100453,47.594184],[-3.11205,47.599189],[-3.12328,47.598782],[-3.131703,47.58808],[-3.127187,47.586615],[-3.122955,47.583238],[-3.118031,47.581244],[-3.128896,47.547593],[-3.12328,47.518988],[-3.10676,47.495795],[-3.084543,47.478217],[-3.098134,47.478705],[-3.11913,47.482611],[-3.125478,47.478217],[-3.131703,47.478217],[-3.143788,47.507025],[-3.145375,47.516099],[-3.143219,47.527045],[-3.13386,47.543931],[-3.131703,47.55744],[-3.134185,47.580756],[-3.141184,47.598049],[-3.15217,47.611233],[-3.166493,47.62226],[-3.176015,47.62637],[-3.187245,47.629584],[-3.196685,47.63349],[-3.200592,47.639594],[-3.198394,47.652574],[-3.18635,47.680609],[-3.111195,47.704169],[-3.115061,47.709418],[-3.117177,47.715033],[-3.118031,47.722154],[-3.118031,47.732123],[-3.122792,47.729926],[-3.134511,47.726793],[-3.13915,47.724677],[-3.13976,47.745795],[-3.13915,47.75259],[-3.145375,47.75259],[-3.153188,47.742011],[-3.16393,47.743883],[-3.177358,47.748521],[-3.193186,47.746405],[-3.179189,47.742743],[-3.169667,47.735419],[-3.163319,47.724758],[-3.159088,47.711005],[-3.164052,47.710273],[-3.165028,47.70954],[-3.165028,47.707913],[-3.166493,47.704169],[-3.178375,47.710028],[-3.185374,47.706366],[-3.193227,47.699937],[-3.207387,47.697333],[-3.203521,47.694322],[-3.193186,47.683743],[-3.207143,47.679145],[-3.211903,47.669827],[-3.215077,47.66059],[-3.224192,47.656399],[-3.231597,47.660346],[-3.262074,47.683743],[-3.287587,47.688666],[-3.331532,47.696723],[-3.358266,47.697333],[-3.340199,47.702297],[-3.322418,47.700995],[-3.282623,47.691148],[-3.282623,47.697333],[-3.298451,47.703843],[-3.316274,47.708075],[-3.358266,47.711005],[-3.358266,47.718451],[-3.349355,47.719062],[-3.345123,47.721259],[-3.343984,47.726264],[-3.343984,47.735541],[-3.340566,47.739488],[-3.323557,47.737738],[-3.317291,47.738959],[-3.304433,47.761135],[-3.2954,47.773017],[-3.282623,47.779934],[-3.282623,47.78734],[-3.304351,47.770087],[-3.331776,47.752509],[-3.362172,47.740424],[-3.383168,47.737047],[-3.375478,47.734036],[-3.369252,47.729804],[-3.364491,47.724677],[-3.364491,47.718451],[-3.446441,47.704576],[-3.460683,47.707587],[-3.464996,47.713039],[-3.494862,47.738959],[-3.509185,47.759426],[-3.520253,47.768134],[-3.524485,47.772447],[-3.52831,47.779934],[-3.539296,47.773749],[-3.555653,47.773993],[-3.590972,47.779934],[-3.616851,47.77912],[-3.625152,47.779934],[-3.633046,47.783026],[-3.644399,47.791734],[-3.649037,47.793606],[-3.68692,47.792304],[-3.706166,47.796942],[-3.714589,47.810614],[-3.723215,47.813381],[-3.77538,47.793606],[-3.789906,47.803209],[-3.811187,47.802924],[-3.833567,47.79975],[-3.851715,47.801011],[-3.853098,47.804348],[-3.872222,47.828315],[-3.879221,47.833564],[-3.886464,47.83747],[-3.889963,47.843451],[-3.885854,47.855048],[-3.894521,47.855292],[-3.900787,47.857123],[-3.913197,47.862454],[-3.916331,47.873358],[-3.935129,47.887885],[-3.961822,47.89997],[-3.988271,47.903469],[-3.979237,47.883002],[-3.98648,47.867906],[-4.008901,47.851264],[-4.029205,47.855048],[-4.019154,47.854478],[-4.01122,47.855943],[-4.005442,47.8605],[-4.001943,47.869289],[-4.014068,47.866278],[-4.024037,47.865953],[-4.031565,47.863715],[-4.036692,47.855048],[-4.064931,47.870795],[-4.078236,47.874416],[-4.09439,47.875474],[-4.106557,47.880113],[-4.119293,47.891913],[-4.12914,47.90762],[-4.132192,47.923896],[-4.14273,47.912014],[-4.13683,47.896918],[-4.123362,47.883246],[-4.111195,47.875474],[-4.111195,47.869289],[-4.123769,47.868598],[-4.133616,47.866197],[-4.142649,47.861762],[-4.15274,47.855048],[-4.17162,47.877021],[-4.185618,47.874416],[-4.188466,47.862128],[-4.173899,47.855048],[-4.176666,47.851264],[-4.180043,47.848212],[-4.180043,47.841986],[-4.15274,47.841986],[-4.15274,47.834459],[-4.185211,47.813381],[-4.200551,47.807196],[-4.225168,47.802436],[-4.371816,47.807196],[-4.371246,47.814765],[-4.373443,47.828681],[-4.371816,47.834459],[-4.365468,47.837104],[-4.356068,47.837063],[-4.347646,47.838324],[-4.343861,47.84512],[-4.34732,47.862942],[-4.362213,47.888577],[-4.371978,47.915839],[-4.386952,47.934068],[-4.434641,47.975653],[-4.523264,48.022691],[-4.533274,48.026313],[-4.546702,48.020738],[-4.55899,48.010688],[-4.572011,48.005927],[-4.601959,48.02558],[-4.619211,48.027655],[-4.652984,48.026313],[-4.728139,48.040595],[-4.721506,48.044135],[-4.716461,48.050238],[-4.71227,48.056586],[-4.706207,48.06391],[-4.705556,48.06745],[-4.704254,48.071234],[-4.700795,48.074774],[-4.697418,48.074897],[-4.689524,48.068834],[-4.683705,48.067328],[-4.361928,48.115709],[-4.304758,48.104071],[-4.289906,48.108222],[-4.28539,48.115383],[-4.275706,48.143622],[-4.280181,48.154934],[-4.294342,48.16706],[-4.297353,48.174058],[-4.302358,48.196357],[-4.315826,48.205512],[-4.358225,48.211859],[-4.366119,48.215155],[-4.372426,48.220038],[-4.376861,48.225979],[-4.379262,48.232367],[-4.404368,48.226142],[-4.457631,48.248969],[-4.485463,48.242621],[-4.499989,48.224921],[-4.513987,48.202094],[-4.531646,48.183092],[-4.557485,48.177191],[-4.548736,48.198432],[-4.543772,48.205064],[-4.555043,48.216539],[-4.561187,48.225043],[-4.563629,48.232367],[-4.558665,48.244208],[-4.550933,48.248603],[-4.54719,48.25259],[-4.554067,48.262763],[-4.566274,48.264879],[-4.626332,48.266547],[-4.623687,48.277045],[-4.626332,48.287055],[-4.615387,48.291083],[-4.607086,48.290595],[-4.598785,48.288398],[-4.58788,48.287055],[-4.575185,48.290025],[-4.572906,48.29682],[-4.57551,48.30386],[-4.57726,48.307522],[-4.559478,48.33869],[-4.546702,48.346829],[-4.530141,48.34162],[-4.543202,48.304674],[-4.515533,48.295844],[-4.426503,48.300035],[-4.416371,48.296617],[-4.409657,48.292304],[-4.401967,48.28856],[-4.388987,48.287055],[-4.376861,48.287787],[-4.329701,48.297024],[-4.262603,48.300035],[-4.268951,48.295844],[-4.275217,48.294013],[-4.289906,48.29385],[-4.269358,48.288398],[-4.187489,48.300035],[-4.187489,48.307522],[-4.218821,48.306057],[-4.23054,48.309882],[-4.234731,48.321723],[-4.243967,48.31391],[-4.257721,48.311347],[-4.270172,48.314683],[-4.275706,48.324856],[-4.281972,48.323676],[-4.324696,48.321723],[-4.316314,48.330797],[-4.312082,48.333075],[-4.303619,48.335395],[-4.303131,48.339586],[-4.298492,48.343817],[-4.288686,48.348538],[-4.269399,48.362738],[-4.286285,48.362535],[-4.30899,48.351549],[-4.324696,48.348456],[-4.324696,48.355292],[-4.317291,48.355292],[-4.317291,48.362738],[-4.324696,48.362738],[-4.327789,48.357856],[-4.334055,48.352729],[-4.337717,48.348456],[-4.35261,48.352729],[-4.384185,48.338121],[-4.406606,48.335395],[-4.403798,48.339179],[-4.402821,48.339586],[-4.399159,48.34162],[-4.406606,48.348456],[-4.415028,48.342922],[-4.426503,48.338853],[-4.439931,48.336371],[-4.453725,48.335395],[-4.453725,48.34162],[-4.396596,48.387763],[-4.385569,48.393744],[-4.289906,48.431586],[-4.307729,48.428046],[-4.339019,48.416083],[-4.358957,48.411119],[-4.426503,48.403713],[-4.457509,48.394843],[-4.520619,48.368313],[-4.569569,48.360297],[-4.599355,48.350165],[-4.618886,48.348456],[-4.636342,48.351142],[-4.671132,48.360582],[-4.690541,48.362738],[-4.694081,48.359442],[-4.694081,48.3522],[-4.695668,48.344957],[-4.704498,48.34162],[-4.754994,48.341986],[-4.768381,48.345404],[-4.77717,48.355618],[-4.783355,48.37641],[-4.76476,48.377631],[-4.766347,48.390448],[-4.783355,48.417385],[-4.784901,48.436184],[-4.779856,48.454901],[-4.768056,48.468655],[-4.749257,48.472602],[-4.749257,48.478827],[-4.774648,48.491278],[-4.764556,48.520209],[-4.739898,48.550727],[-4.721995,48.568183],[-4.711578,48.563666],[-4.700795,48.560736],[-4.708241,48.568183],[-4.692291,48.575507],[-4.673451,48.579576],[-4.642486,48.581855],[-4.623036,48.578192],[-4.589833,48.565741],[-4.57726,48.568183],[-4.600494,48.589342],[-4.607737,48.603013],[-4.594635,48.609117],[-4.548818,48.601223],[-4.530141,48.601711],[-4.557485,48.609117],[-4.554433,48.613227],[-4.552602,48.616523],[-4.554799,48.619696],[-4.563629,48.62344],[-4.563629,48.629625],[-4.485463,48.629625],[-4.46288,48.63231],[-4.429799,48.642808],[-4.406606,48.643256],[-4.4204,48.648871],[-4.426503,48.650092],[-4.426503,48.657538],[-4.398061,48.660956],[-4.370229,48.67182],[-4.343251,48.67886],[-4.317291,48.678046],[-4.299143,48.663642],[-4.306508,48.641547],[-4.283111,48.643256],[-4.252594,48.655463],[-4.242055,48.657538],[-4.229807,48.655951],[-4.207143,48.64997],[-4.193756,48.650092],[-4.193756,48.657538],[-4.213002,48.6612],[-4.207753,48.671373],[-4.190582,48.683051],[-4.173899,48.691107],[-4.154652,48.696234],[-4.131459,48.699164],[-4.108713,48.698147],[-4.090688,48.691107],[-4.084788,48.69717],[-4.079254,48.696926],[-4.07433,48.692288],[-4.070221,48.684882],[-4.064036,48.684882],[-4.057362,48.689602],[-4.053293,48.695543],[-4.052642,48.70307],[-4.056549,48.712144],[-4.042714,48.713935],[-4.030507,48.717027],[-4.009348,48.725816],[-3.973988,48.732815],[-3.967763,48.72956],[-3.970286,48.720038],[-3.973866,48.712795],[-3.972727,48.707709],[-3.961008,48.704739],[-3.961008,48.698554],[-3.967763,48.698554],[-3.967763,48.691107],[-3.957753,48.686835],[-3.951039,48.679389],[-3.949534,48.669338],[-3.954742,48.657538],[-3.926584,48.676174],[-3.911936,48.68122],[-3.891998,48.678046],[-3.901967,48.672024],[-3.906321,48.6706],[-3.906321,48.664374],[-3.894195,48.653551],[-3.864654,48.641018],[-3.851715,48.629625],[-3.844309,48.636461],[-3.851715,48.643256],[-3.844309,48.650092],[-3.848948,48.656317],[-3.852447,48.664537],[-3.8579,48.684882],[-3.851715,48.684882],[-3.8485,48.679023],[-3.845448,48.676011],[-3.837473,48.6706],[-3.840077,48.688056],[-3.837148,48.707261],[-3.829254,48.718451],[-3.816965,48.712144],[-3.812652,48.716742],[-3.810455,48.721503],[-3.809804,48.726955],[-3.810129,48.733222],[-3.797109,48.721177],[-3.778432,48.717353],[-3.731923,48.71898],[-3.720855,48.71601],[-3.697865,48.702338],[-3.686635,48.698554],[-3.673818,48.698228],[-3.638173,48.704739],[-3.638539,48.687812],[-3.614003,48.682685],[-3.584788,48.682807],[-3.570546,48.687974],[-3.580474,48.711086],[-3.584543,48.726386],[-3.580474,48.733222],[-3.52831,48.739488],[-3.542836,48.745673],[-3.577382,48.774237],[-3.581532,48.790595],[-3.571401,48.799058],[-3.542592,48.807807],[-3.520863,48.833645],[-3.515289,48.841946],[-3.509185,48.841946],[-3.499827,48.836982],[-3.468129,48.835679],[-3.433583,48.822211],[-3.419749,48.821438],[-3.425404,48.818427],[-3.42809,48.815741],[-3.429921,48.812445],[-3.433339,48.807807],[-3.409901,48.806545],[-3.397613,48.807318],[-3.388743,48.811184],[-3.378651,48.819322],[-3.371816,48.822496],[-3.287465,48.843451],[-3.275787,48.849351],[-3.268951,48.849351],[-3.259511,48.847724],[-3.229726,48.87226],[-3.213612,48.869818],[-3.207143,48.855414],[-3.207753,48.835924],[-3.214955,48.817857],[-3.227895,48.807807],[-3.226796,48.80329],[-3.225575,48.800482],[-3.22053,48.794135],[-3.216868,48.806789],[-3.20873,48.816352],[-3.178822,48.84101],[-3.154205,48.854926],[-3.145375,48.862372],[-3.134999,48.859198],[-3.116444,48.874091],[-3.103749,48.876654],[-3.091461,48.871283],[-3.08434,48.862209],[-3.08373,48.851711],[-3.090728,48.841946],[-3.090728,48.835679],[-3.077056,48.828274],[-3.084625,48.820136],[-3.097524,48.794135],[-3.104075,48.7862],[-3.125478,48.767401],[-3.125478,48.759955],[-3.118031,48.759955],[-3.085032,48.804999],[-3.0655,48.823961],[-3.049184,48.821438],[-3.039296,48.826972],[-3.028717,48.828803],[-3.018219,48.826972],[-3.008168,48.821438],[-3.015696,48.814602],[-3.01179,48.813666],[-3.009389,48.813707],[-3.008372,48.812486],[-3.008168,48.807807],[-3.017812,48.805854],[-3.025502,48.802924],[-3.042388,48.794135],[-3.042388,48.787909],[-3.029286,48.780463],[-3.003651,48.773871],[-2.952952,48.772284],[-2.933095,48.767401],[-2.934438,48.759101],[-2.934397,48.753079],[-2.933095,48.746324],[-2.942738,48.740912],[-2.946685,48.739488],[-2.946685,48.733222],[-2.932037,48.726955],[-2.913971,48.716498],[-2.898671,48.704779],[-2.892079,48.69477],[-2.826975,48.657538],[-2.817047,48.627672],[-2.812978,48.619696],[-2.811431,48.614569],[-2.814361,48.609931],[-2.816396,48.604926],[-2.812978,48.598578],[-2.808013,48.595608],[-2.795033,48.591254],[-2.771067,48.579169],[-2.714019,48.560736],[-2.716949,48.551703],[-2.721018,48.544623],[-2.726674,48.538967],[-2.734486,48.534003],[-2.722727,48.533637],[-2.713124,48.530097],[-2.704701,48.524156],[-2.696278,48.516669],[-2.682362,48.509019],[-2.679677,48.518378],[-2.680247,48.532782],[-2.676137,48.540229],[-2.636342,48.538804],[-2.620025,48.543606],[-2.600697,48.557603],[-2.577056,48.582465],[-2.569407,48.58869],[-2.558827,48.594143],[-2.541086,48.59809],[-2.473622,48.625963],[-2.459543,48.636461],[-2.459543,48.643256],[-2.468007,48.643948],[-2.487457,48.650092],[-2.44286,48.659084],[-2.421051,48.656968],[-2.412262,48.643256],[-2.38622,48.650092],[-2.356068,48.663275],[-2.329986,48.680365],[-2.31607,48.698554],[-2.312489,48.686957],[-2.305328,48.679633],[-2.295237,48.676581],[-2.281972,48.678046],[-2.281972,48.6706],[-2.289418,48.666571],[-2.293772,48.661363],[-2.297475,48.655707],[-2.302398,48.650092],[-2.330312,48.629625],[-2.312652,48.620185],[-2.294016,48.628607],[-2.27359,48.642646],[-2.250966,48.650092],[-2.246205,48.644721],[-2.240712,48.621324],[-2.237294,48.615912],[-2.225942,48.612372],[-2.219228,48.603664],[-2.215688,48.592434],[-2.213694,48.581855],[-2.202789,48.585883],[-2.195546,48.593451],[-2.192128,48.603746],[-2.192616,48.615912],[-2.188385,48.601304],[-2.182973,48.588772],[-2.174062,48.582953],[-2.159088,48.58869],[-2.159088,48.595445],[-2.163197,48.596503],[-2.172109,48.601711],[-2.161041,48.613023],[-2.149322,48.618883],[-2.137034,48.617987],[-2.124338,48.609117],[-2.131256,48.615302],[-2.136627,48.622138],[-2.144846,48.636461],[-2.100209,48.646918],[-2.052358,48.650092],[-2.049794,48.645575],[-2.028717,48.619696],[-2.027089,48.608954],[-2.022043,48.598944],[-2.013254,48.59162],[-2.000885,48.58869],[-2.005116,48.578843],[-2.00829,48.575019],[-1.982493,48.548977],[-1.976389,48.535631],[-1.980295,48.513577],[-1.970448,48.520697],[-1.939361,48.534003],[-1.967275,48.547065],[-1.961903,48.554918],[-1.976633,48.572699],[-1.980295,48.58869],[-1.9735,48.58869],[-1.96939,48.584174],[-1.965159,48.581204],[-1.952952,48.575019],[-1.960357,48.586615],[-1.96939,48.59276],[-1.979807,48.59512],[-1.991119,48.595445],[-2.000478,48.601304],[-2.019032,48.631049],[-2.028717,48.643256],[-2.025543,48.651313],[-2.018137,48.660346],[-2.006581,48.667629],[-1.991119,48.6706],[-1.987701,48.673774],[-1.987701,48.680854],[-1.985911,48.687893],[-1.976959,48.691107],[-1.939361,48.691107],[-1.945627,48.698554],[-1.843739,48.712144],[-1.846669,48.707831],[-1.846913,48.703437],[-1.843577,48.698147],[-1.836334,48.691107],[-1.861195,48.664211],[-1.860951,48.640855],[-1.838206,48.623765],[-1.79601,48.615912],[-1.722808,48.615302],[-1.643951,48.62344],[-1.595693,48.640937],[-1.58967,48.641791],[-1.579701,48.643256],[-1.500559,48.636461],[-1.393137,48.652411],[-1.356557,48.643256],[-1.372304,48.66059],[-1.394602,48.66828],[-1.432851,48.6706],[-1.433013,48.66828],[-1.437734,48.664455],[-1.443267,48.662828],[-1.445953,48.667467],[-1.447092,48.673896],[-1.45051,48.679511],[-1.4558,48.683417],[-1.490224,48.690131],[-1.502675,48.695502],[-1.507965,48.701606],[-1.516469,48.725165],[-1.553619,48.747138],[-1.562082,48.770819],[-1.562571,48.798489],[-1.566762,48.82217],[-1.578847,48.837836],[-1.602935,48.841946],[-1.602935,48.849351],[-1.589101,48.853583],[-1.578521,48.862616],[-1.571848,48.874213],[-1.56371,48.922105],[-1.557037,48.932318],[-1.548411,48.923814],[-1.542795,48.935248],[-1.541982,48.944078],[-1.547027,48.949693],[-1.55899,48.951809],[-1.563059,48.957587],[-1.552235,49.015448],[-1.545766,49.030341],[-1.532338,49.035142],[-1.507965,49.027533],[-1.507965,49.033677],[-1.527252,49.039781],[-1.549713,49.039781],[-1.56843,49.03266],[-1.576324,49.017279],[-1.579457,49.01317],[-1.586537,49.018988],[-1.593577,49.028998],[-1.59675,49.037421],[-1.595937,49.061265],[-1.593739,49.071967],[-1.589345,49.082099],[-1.603424,49.08397],[-1.608754,49.091498],[-1.607737,49.102729],[-1.602935,49.115627],[-1.595937,49.128485],[-1.589019,49.134589],[-1.569488,49.143541],[-1.581776,49.149848],[-1.584218,49.148424],[-1.589345,49.143541],[-1.597768,49.159369],[-1.604482,49.178209],[-1.608795,49.197821],[-1.610422,49.215888],[-1.602651,49.225409],[-1.584462,49.226264],[-1.548411,49.219306],[-1.548411,49.225491],[-1.569569,49.229682],[-1.595286,49.23786],[-1.616851,49.238227],[-1.624664,49.219306],[-1.640533,49.231513],[-1.657094,49.268378],[-1.671864,49.280097],[-1.665395,49.284613],[-1.662587,49.286038],[-1.658193,49.287543],[-1.68692,49.302436],[-1.699086,49.313544],[-1.706654,49.329169],[-1.686187,49.329169],[-1.686187,49.335354],[-1.699127,49.355862],[-1.706654,49.355862],[-1.714752,49.338528],[-1.733266,49.346259],[-1.755727,49.362454],[-1.775502,49.370103],[-1.772857,49.377021],[-1.771108,49.37995],[-1.767974,49.383734],[-1.78189,49.381537],[-1.795074,49.377631],[-1.806793,49.376858],[-1.816477,49.383734],[-1.819569,49.396796],[-1.815785,49.430854],[-1.816477,49.445217],[-1.819407,49.452053],[-1.823598,49.458482],[-1.838206,49.475816],[-1.839508,49.480658],[-1.84024,49.485826],[-1.843739,49.493598],[-1.853586,49.504299],[-1.879465,49.52497],[-1.884674,49.530911],[-1.878407,49.544867],[-1.850168,49.561713],[-1.843739,49.571845],[-1.839223,49.603176],[-1.839508,49.619778],[-1.846913,49.633938],[-1.855051,49.645087],[-1.860585,49.654771],[-1.869496,49.661689],[-1.901601,49.665839],[-1.945627,49.677965],[-1.937652,49.701565],[-1.939565,49.716457],[-1.935211,49.724107],[-1.908355,49.726386],[-1.898997,49.72427],[-1.87914,49.71483],[-1.867299,49.712714],[-1.839426,49.715399],[-1.829457,49.712714],[-1.824615,49.708441],[-1.820953,49.696357],[-1.816477,49.691636],[-1.811838,49.690741],[-1.800893,49.692084],[-1.79601,49.691636],[-1.773997,49.686713],[-1.707753,49.680162],[-1.633046,49.66352],[-1.617177,49.664293],[-1.616689,49.662014],[-1.616363,49.65705],[-1.613922,49.652248],[-1.606679,49.650051],[-1.59732,49.652289],[-1.58373,49.662055],[-1.572865,49.664293],[-1.561187,49.663031],[-1.540395,49.657782],[-1.528432,49.657457],[-1.511464,49.662543],[-1.49592,49.672187],[-1.470123,49.695054],[-1.455719,49.702216],[-1.409495,49.711575],[-1.391265,49.712714],[-1.271148,49.698432],[-1.263051,49.695502],[-1.259104,49.6883],[-1.25414,49.67178],[-1.232249,49.641425],[-1.227773,49.624091],[-1.253326,49.61225],[-1.257558,49.602851],[-1.259999,49.593451],[-1.264027,49.58926],[-1.286204,49.588935],[-1.294993,49.586819],[-1.301422,49.581773],[-1.306264,49.558092],[-1.293609,49.538398],[-1.276519,49.520738],[-1.261586,49.49315],[-1.185292,49.430365],[-1.175689,49.415229],[-1.172231,49.393378],[-1.174224,49.382392],[-1.1787,49.374579],[-1.183258,49.369452],[-1.18517,49.3664],[-1.181996,49.356187],[-1.173818,49.357001],[-1.163075,49.361518],[-1.151723,49.362698],[-1.141021,49.356676],[-1.133453,49.349514],[-1.122874,49.345445],[-1.103424,49.349026],[-1.103424,49.355862],[-1.113759,49.36579],[-1.106353,49.379462],[-1.089589,49.391547],[-1.072255,49.396796],[-0.940419,49.392279],[-0.822133,49.362698],[-0.650787,49.355862],[-0.607981,49.347398],[-0.583363,49.345893],[-0.546946,49.358954],[-0.522532,49.355292],[-0.479482,49.34276],[-0.411122,49.34276],[-0.393625,49.338039],[-0.363433,49.325019],[-0.3131,49.317328],[-0.219472,49.280097],[-0.194081,49.295233],[-0.033844,49.320054],[0.012869,49.334621],[0.040294,49.350409],[0.06308,49.354478],[0.071951,49.35928],[0.095958,49.383734],[0.162364,49.415188],[0.286876,49.433621],[0.411306,49.452053],[0.457286,49.467434],[0.476573,49.478664],[0.493175,49.493598],[0.42213,49.464423],[0.33961,49.456732],[0.256847,49.464057],[0.185313,49.479967],[0.164806,49.479967],[0.147309,49.480943],[0.12436,49.485785],[0.104421,49.493598],[0.095958,49.503241],[0.092784,49.509263],[0.078624,49.51553],[0.075369,49.524075],[0.076589,49.53498],[0.079682,49.542182],[0.13087,49.603502],[0.170909,49.691636],[0.185883,49.703192],[0.23585,49.729315],[0.246755,49.729438],[0.256847,49.735907],[0.387462,49.775051],[0.397634,49.784369],[0.522797,49.832953],[0.557384,49.839789],[0.59669,49.857245],[0.674815,49.8758],[0.760916,49.875067],[1.172618,49.961005],[1.196951,49.973578],[1.221202,49.97899],[1.260997,50.007514],[1.391287,50.075181],[1.444102,50.117255],[1.455821,50.123603],[1.464529,50.132148],[1.486827,50.185045],[1.521007,50.214667],[1.555349,50.217719],[1.654307,50.186591],[1.664073,50.187079],[1.672537,50.192532],[1.672537,50.199368],[1.661957,50.19892],[1.655284,50.200507],[1.650076,50.204779],[1.644542,50.212388],[1.66505,50.212388],[1.66505,50.219794],[1.645681,50.220038],[1.625499,50.224311],[1.610037,50.232245],[1.603526,50.243476],[1.593923,50.256293],[1.551117,50.26968],[1.541515,50.277899],[1.543142,50.310004],[1.551524,50.349066],[1.572032,50.375678],[1.594981,50.372667],[1.610362,50.370673],[1.610362,50.376899],[1.555186,50.404771],[1.555186,50.411566],[1.573497,50.44538],[1.574229,50.492377],[1.579275,50.533149],[1.610362,50.548163],[1.583344,50.574693],[1.577891,50.588609],[1.573578,50.635565],[1.563162,50.67829],[1.562673,50.698961],[1.567638,50.716742],[1.588715,50.756293],[1.600108,50.770982],[1.605642,50.790025],[1.599294,50.812934],[1.583181,50.849799],[1.580821,50.863715],[1.580577,50.868801],[1.604828,50.881049],[1.613455,50.883368],[1.634288,50.884589],[1.653331,50.889106],[1.670177,50.900092],[1.699067,50.925605],[1.729828,50.943915],[1.921397,50.996772],[1.939301,50.994452],[1.973481,51.007148],[2.134044,51.019965],[2.305512,51.055406],[2.316091,51.059027],[2.324474,51.059882],[2.384451,51.055325],[2.466075,51.068793],[2.506684,51.080756],[2.521495,51.087388],[2.521821,51.087551],[2.542003,51.096869],[2.579926,51.104804],[2.715668,51.169501],[2.923595,51.246487],[3.124848,51.329657],[3.348969,51.375149],[3.349457,51.37523],[3.510916,51.407945],[3.525727,51.415595],[3.541352,51.416734],[3.604666,51.391059],[3.702159,51.373603],[3.734223,51.35578],[3.755544,51.350084],[3.795909,51.350084],[3.833995,51.343248],[3.858165,51.345445],[3.955821,51.371772],[3.969249,51.381659],[3.97462,51.401597],[3.984141,51.410468],[4.005707,51.409817],[4.029063,51.404202],[4.043468,51.398505],[4.050059,51.392239],[4.06129,51.376654],[4.07016,51.370551],[4.081309,51.36815],[4.105479,51.366116],[4.115489,51.360989],[4.121918,51.359361],[4.156505,51.357571],[4.173676,51.373725],[4.180024,51.377427],[4.199555,51.376044],[4.221528,51.367987],[4.222179,51.367743],[4.241059,51.356594],[4.249034,51.346666],[4.256114,51.328437],[4.272634,51.315823],[4.290782,51.305894],[4.302989,51.296088],[4.306651,51.28974],[4.308116,51.283637],[4.305431,51.276597],[4.298676,51.269599],[4.296723,51.267564],[4.30836,51.271226],[4.316417,51.276842],[4.330821,51.296088],[4.29713,51.305162],[4.289317,51.309149],[4.285411,51.31802],[4.286143,51.339667],[4.283051,51.350084],[4.275645,51.3581],[4.261078,51.369371],[4.257091,51.372504],[4.249034,51.384223],[4.246349,51.39643],[4.246837,51.406724],[4.244884,51.414496],[4.234711,51.419013],[4.222992,51.409491],[4.20102,51.405341],[4.111095,51.406968],[4.090343,51.411282],[4.07016,51.419013],[4.015147,51.44892],[3.99879,51.453111],[3.957042,51.455797],[3.943126,51.450385],[3.913422,51.415269],[3.90211,51.404934],[3.886729,51.399807],[3.850759,51.397366],[3.837901,51.392239],[3.827159,51.391059],[3.816417,51.39411],[3.789073,51.412177],[3.72877,51.430813],[3.689708,51.454291],[3.674001,51.45539],[3.632579,51.445705],[3.610037,51.445054],[3.553396,51.453111],[3.535411,51.459215],[3.520193,51.473375],[3.506847,51.489325],[3.494802,51.500922],[3.461925,51.518988],[3.45102,51.529731],[3.447032,51.545966],[3.45753,51.55508],[3.560395,51.594631],[3.828868,51.612738],[3.851085,51.610785],[3.866059,51.605414],[3.882172,51.596096],[3.896495,51.583808],[3.905772,51.569241],[3.895274,51.566596],[3.878266,51.559394],[3.871593,51.555569],[3.871593,51.549384],[3.967296,51.543118],[4.01588,51.530829],[4.05714,51.508368],[4.070323,51.492743],[4.090017,51.458238],[4.104828,51.445705],[4.128754,51.441352],[4.180837,51.445868],[4.20045,51.439521],[4.220225,51.443549],[4.252778,51.442532],[4.263845,51.444403],[4.283214,51.447699],[4.296723,51.470526],[4.288585,51.492133],[4.267751,51.508287],[4.239757,51.5185],[4.230479,51.519558],[4.194672,51.523586],[4.153331,51.535061],[4.13795,51.535875],[4.106293,51.533515],[4.091319,51.535061],[4.067231,51.544013],[3.988129,51.590277],[4.041189,51.606024],[4.067719,51.610663],[4.157237,51.607896],[4.18336,51.602932],[4.206879,51.590522],[4.207286,51.590277],[4.202647,51.609117],[4.189952,51.616685],[4.186127,51.616807],[4.146658,51.617865],[4.135997,51.620429],[4.125987,51.624701],[4.118012,51.630683],[4.112966,51.63939],[4.109874,51.650865],[4.10963,51.662299],[4.112641,51.670803],[4.125662,51.679633],[4.142914,51.684149],[4.176931,51.685858],[4.166352,51.692694],[4.141124,51.703925],[4.071544,51.71719],[4.05714,51.730292],[4.050792,51.763495],[4.033946,51.784247],[4.009776,51.797919],[3.981456,51.810004],[3.962576,51.801215],[3.937185,51.796332],[3.911388,51.796373],[3.891856,51.792955],[3.888194,51.788886],[3.881114,51.788072],[3.871593,51.788275],[3.862315,51.816067],[3.891368,51.828274],[3.954112,51.840155],[3.962657,51.847357],[3.982188,51.848293],[4.015636,51.843573],[4.043468,51.834215],[4.047618,51.833686],[4.055024,51.834215],[4.06544,51.837104],[4.077647,51.843573],[4.070079,51.852729],[4.044607,51.874498],[4.037852,51.877916],[4.032074,51.882025],[4.029796,51.888251],[4.031993,51.896064],[4.036632,51.901557],[4.04127,51.905504],[4.043468,51.908677],[4.040212,51.924058],[4.021169,51.963324],[4.01002,51.980129],[4.015636,51.987698],[4.022472,51.994371],[4.069021,51.987942],[4.107677,51.991889],[4.141856,52.005601],[4.284679,52.112942],[4.406912,52.223456],[4.508149,52.336371],[4.568614,52.445258],[4.577322,52.473578],[4.577322,52.480943],[4.596934,52.506578],[4.639334,52.70067],[4.657074,52.75019],[4.659841,52.765286],[4.669444,52.796576],[4.711681,52.863105],[4.721365,52.895941],[4.722423,52.914496],[4.72641,52.9383],[4.733897,52.958889],[4.745453,52.967597],[4.806977,52.961819],[4.816905,52.967597],[4.824392,52.96015],[4.809418,52.929592],[4.832774,52.911322],[4.87379,52.903957],[4.913097,52.905585],[4.935802,52.913398],[4.978282,52.935696],[4.999034,52.940334],[5.03891,52.943508],[5.078136,52.954006],[5.27947,53.062934],[5.2942,53.073432],[5.312755,53.082831],[5.358897,53.089342],[5.379242,53.097357],[5.39975,53.122056],[5.427094,53.190334],[5.447439,53.220893],[5.482595,53.245551],[5.504242,53.257025],[5.541026,53.266588],[5.557872,53.278022],[5.573497,53.291653],[5.591563,53.302802],[5.611827,53.307115],[5.659679,53.311957],[5.694591,53.330064],[5.854747,53.368801],[5.890798,53.384263],[5.913748,53.385403],[5.980805,53.406073],[6.077322,53.408922],[6.186046,53.410997],[6.273936,53.412665],[6.284353,53.410549],[6.301931,53.401109],[6.311534,53.398993],[6.320079,53.400702],[6.345551,53.412665],[6.494395,53.438707],[6.730235,53.460639],[6.829112,53.450588],[6.849783,53.444892],[6.866873,53.434272],[6.900564,53.351793],[6.905772,53.350491],[6.930024,53.340074],[6.931895,53.337592],[6.936697,53.335395],[6.941661,53.330715],[6.948578,53.326077],[6.980154,53.31977],[7.02003,53.306138],[7.037771,53.309638],[7.046235,53.30386],[7.058279,53.301947],[7.070079,53.303941],[7.078624,53.309638],[7.08546,53.309638],[7.08546,53.302802],[7.077485,53.298651],[7.073497,53.29564],[7.073741,53.291327],[7.078624,53.282945],[7.08074,53.266791],[7.111095,53.256334],[7.18336,53.245103],[7.194591,53.245022],[7.204438,53.248277],[7.215831,53.255601],[7.22462,53.262926],[7.233572,53.273627],[7.23699,53.285549],[7.229503,53.296576],[7.254731,53.319525],[7.268321,53.323676],[7.291515,53.32392],[7.313162,53.320502],[7.347667,53.307359],[7.366547,53.302802],[7.34254,53.324042],[7.302908,53.33275],[7.075206,53.337592],[7.038259,53.348578],[7.023611,53.37641],[7.023285,53.450507],[7.02768,53.467353],[7.047048,53.497707],[7.051443,53.5126],[7.059744,53.521715],[7.079356,53.521552],[7.11964,53.516303],[7.125011,53.524359],[7.134532,53.527411],[7.141775,53.537177],[7.139985,53.549791],[7.131114,53.556952],[7.101899,53.565741],[7.088878,53.573717],[7.086762,53.586859],[7.100922,53.597886],[7.133149,53.611274],[7.169444,53.635484],[7.188975,53.6435],[7.226085,53.66649],[7.305024,53.684801],[7.458832,53.695136],[7.469574,53.690741],[7.480235,53.682034],[7.503917,53.678656],[7.651378,53.696967],[7.951427,53.72191],[8.031423,53.708075],[8.031423,53.700629],[8.024913,53.672553],[8.052908,53.636298],[8.094086,53.604722],[8.127615,53.590766],[8.127615,53.584621],[8.119151,53.571926],[8.134613,53.56745],[8.156749,53.563666],[8.167979,53.553209],[8.164887,53.535224],[8.155447,53.526028],[8.1338,53.516303],[8.115733,53.510728],[8.076345,53.508612],[8.058767,53.502021],[8.076996,53.468695],[8.086192,53.456122],[8.099783,53.447414],[8.112478,53.451077],[8.123871,53.454006],[8.140636,53.453599],[8.152354,53.449774],[8.171397,53.436591],[8.178559,53.433743],[8.186697,53.429511],[8.194835,53.420111],[8.205333,53.410712],[8.219737,53.40644],[8.236501,53.406724],[8.248709,53.408393],[8.259451,53.412299],[8.271739,53.419501],[8.292817,53.440497],[8.315115,53.474921],[8.320486,53.509223],[8.291515,53.529364],[8.252208,53.523098],[8.231212,53.525214],[8.233165,53.539862],[8.24171,53.556301],[8.248871,53.590277],[8.257335,53.604438],[8.270681,53.61286],[8.287608,53.616889],[8.329356,53.618109],[8.348481,53.61286],[8.363292,53.600572],[8.375499,53.5869],[8.387706,53.577135],[8.428071,53.564765],[8.513438,53.554755],[8.552094,53.543606],[8.552094,53.5362],[8.528168,53.523912],[8.506196,53.507961],[8.490001,53.486396],[8.483897,53.457343],[8.485037,53.40119],[8.490896,53.376451],[8.504405,53.358059],[8.507335,53.382799],[8.496755,53.445258],[8.497569,53.474758],[8.512869,53.496487],[8.535818,53.506171],[8.556651,53.518215],[8.565766,53.546698],[8.560802,53.551703],[8.535167,53.590766],[8.527517,53.596625],[8.5171,53.610175],[8.508311,53.625149],[8.501231,53.644192],[8.487071,53.666938],[8.483897,53.68358],[8.486095,53.700426],[8.492198,53.715155],[8.529633,53.770697],[8.556163,53.830959],[8.573253,53.857652],[8.587576,53.870429],[8.607107,53.881537],[8.629242,53.88939],[8.651866,53.892483],[8.672699,53.891588],[8.684581,53.888495],[8.709158,53.871975],[8.74464,53.854153],[8.782481,53.842475],[8.860688,53.831],[8.903575,53.831732],[8.976248,53.842434],[9.016287,53.840522],[9.035004,53.853583],[9.114513,53.865139],[9.193614,53.864691],[9.210704,53.871975],[9.224294,53.865912],[9.240733,53.864163],[9.274669,53.865139],[9.283376,53.86164],[9.305349,53.84455],[9.40268,53.742418],[9.442882,53.714301],[9.470958,53.700629],[9.484711,53.69009],[9.498383,53.659857],[9.567068,53.599595],[9.582367,53.591295],[9.600922,53.58633],[9.624766,53.584621],[9.637218,53.581],[9.696625,53.556627],[9.764008,53.547675],[9.819021,53.540351],[9.832042,53.543606],[9.819591,53.556627],[9.782074,53.569729],[9.692393,53.575914],[9.655772,53.584621],[9.583669,53.612454],[9.550792,53.634589],[9.539073,53.66649],[9.536143,53.693752],[9.532237,53.711168],[9.522227,53.71662],[9.475271,53.732164],[9.460216,53.735419],[9.435802,53.748684],[9.412446,53.778754],[9.396658,53.811021],[9.395193,53.831],[9.358735,53.839545],[9.295584,53.871894],[9.257823,53.885565],[9.22047,53.890774],[9.093435,53.892483],[9.055431,53.902899],[9.029959,53.907131],[9.018321,53.902737],[9.007823,53.892483],[8.98463,53.89704],[8.949474,53.912909],[8.916026,53.937405],[8.833344,54.036444],[8.871837,54.046942],[8.890636,54.047797],[8.914561,54.043891],[8.953868,54.028306],[8.975352,54.024075],[8.997244,54.030219],[9.004893,54.041164],[9.013031,54.060981],[9.018565,54.082424],[9.018321,54.097886],[9.006684,54.10814],[8.988129,54.117865],[8.974457,54.128079],[8.977306,54.139472],[8.977306,54.145697],[8.952891,54.150092],[8.917979,54.146308],[8.885427,54.13703],[8.867442,54.12519],[8.860688,54.12519],[8.833344,54.153144],[8.815684,54.175605],[8.812836,54.180487],[8.820974,54.200507],[8.836274,54.21776],[8.84669,54.233547],[8.83961,54.248725],[8.83961,54.255561],[8.851899,54.261054],[8.894216,54.268215],[8.911469,54.269192],[8.922048,54.274237],[8.937511,54.286689],[8.953136,54.302558],[8.963145,54.317613],[8.940278,54.315009],[8.902599,54.295844],[8.881114,54.290269],[8.883067,54.293606],[8.885916,54.300727],[8.88795,54.303941],[8.857595,54.301825],[8.805431,54.292426],[8.774669,54.290269],[8.738943,54.293891],[8.723481,54.290269],[8.690196,54.27147],[8.678477,54.269192],[8.651866,54.274848],[8.623383,54.290107],[8.602712,54.312079],[8.599864,54.33808],[8.614024,54.348375],[8.641368,54.355658],[8.672048,54.35928],[8.695567,54.358588],[8.695567,54.365424],[8.677582,54.367906],[8.663829,54.375556],[8.650645,54.377997],[8.634776,54.365424],[8.626231,54.37641],[8.629161,54.387681],[8.638438,54.398139],[8.648448,54.406399],[8.66977,54.400824],[8.750824,54.413804],[8.860688,54.413804],[8.886078,54.417792],[8.907237,54.425523],[8.949474,54.447333],[8.988048,54.458441],[9.004731,54.465888],[9.011485,54.482123],[9.011567,54.506334],[8.986095,54.529283],[8.90447,54.580634],[8.892833,54.591254],[8.88795,54.601874],[8.878754,54.606513],[8.858165,54.606147],[8.837087,54.602688],[8.825857,54.598131],[8.819021,54.605618],[8.853282,54.619289],[8.81837,54.673651],[8.805431,54.687567],[8.776703,54.697984],[8.722667,54.725531],[8.688731,54.735297],[8.688731,54.742174],[8.694347,54.76024],[8.681326,54.780585],[8.661876,54.800605],[8.648448,54.817857],[8.642751,54.844184],[8.647227,54.867377],[8.660818,54.896308],[8.668793,54.91352],[8.661388,54.920315],[8.674815,54.947943],[8.666352,54.973334],[8.650401,54.997992],[8.640961,55.023383],[8.644786,55.055732],[8.656505,55.082506],[8.670909,55.107123],[8.681895,55.133205],[8.575531,55.14411],[8.56365,55.143378],[8.559906,55.135077],[8.557384,55.096381],[8.551117,55.091376],[8.541352,55.090277],[8.528575,55.081977],[8.514822,55.070787],[8.49936,55.065579],[8.483897,55.067613],[8.470225,55.078599],[8.458832,55.103461],[8.460216,55.127387],[8.466482,55.151597],[8.470225,55.177558],[8.488943,55.19717],[8.530528,55.200751],[8.572602,55.193671],[8.593761,55.180976],[8.580333,55.178941],[8.569509,55.173774],[8.552094,55.160549],[8.555186,55.149359],[8.614757,55.144355],[8.669281,55.136908],[8.689464,55.141588],[8.687185,55.16059],[8.668793,55.194648],[8.655935,55.237494],[8.648448,55.28026],[8.650401,55.291734],[8.659353,55.305813],[8.661388,55.314439],[8.659679,55.327216],[8.648448,55.352281],[8.639415,55.397406],[8.632091,55.418769],[8.617686,55.437934],[8.59254,55.449286],[8.556651,55.454291],[8.490001,55.455308],[8.441905,55.463935],[8.401134,55.485663],[8.310395,55.56269],[8.311209,55.56977],[8.332367,55.572008],[8.332367,55.578274],[8.313162,55.582709],[8.290212,55.583808],[8.267833,55.580512],[8.250499,55.572008],[8.239024,55.557929],[8.242035,55.548529],[8.271739,55.530463],[8.262462,55.529202],[8.256358,55.526801],[8.243663,55.516791],[8.266775,55.51439],[8.293956,55.50434],[8.316742,55.489407],[8.326182,55.472113],[8.313324,55.469306],[8.193614,55.525946],[8.1692,55.534084],[8.110606,55.540229],[8.095225,55.549058],[8.094005,55.56391],[8.150238,55.649237],[8.169119,55.687934],[8.181651,55.729071],[8.18336,55.769599],[8.13559,55.96601],[8.130707,55.976142],[8.127778,55.978217],[8.126801,55.982978],[8.127778,55.987616],[8.130707,55.989732],[8.136729,55.988593],[8.139415,55.986029],[8.141124,55.983466],[8.144054,55.982327],[8.150564,55.977037],[8.175466,55.900336],[8.19337,55.873847],[8.195974,55.862779],[8.193614,55.853217],[8.183849,55.839504],[8.181651,55.828355],[8.185069,55.814643],[8.193614,55.811835],[8.238536,55.826077],[8.286306,55.84748],[8.308849,55.851996],[8.34783,55.86933],[8.387706,55.89289],[8.393321,55.909166],[8.386892,55.9265],[8.372895,55.943427],[8.356944,55.958686],[8.319509,55.986029],[8.319509,56.017035],[8.308116,56.052924],[8.2824,56.075873],[8.247732,56.08983],[8.170584,56.109565],[8.149669,56.111151],[8.140636,56.102729],[8.141612,56.060004],[8.139903,56.03974],[8.1338,56.017035],[8.137462,56.000393],[8.134776,55.993964],[8.120128,55.996568],[8.115977,56.001858],[8.111664,56.012274],[8.107921,56.024319],[8.103363,56.096869],[8.106456,56.119452],[8.130626,56.181952],[8.1338,56.205471],[8.122406,56.551663],[8.126638,56.568427],[8.1338,56.585639],[8.178722,56.672065],[8.198985,56.698879],[8.213878,56.711819],[8.219981,56.709174],[8.223969,56.700426],[8.233165,56.695461],[8.232432,56.688381],[8.209972,56.655951],[8.202159,56.64704],[8.202159,56.640204],[8.208344,56.636786],[8.215099,56.634955],[8.233165,56.633979],[8.236583,56.629706],[8.240489,56.620063],[8.245779,56.610419],[8.253917,56.606106],[8.294932,56.601996],[8.305919,56.597805],[8.291515,56.593004],[8.295177,56.583808],[8.292491,56.567694],[8.29835,56.558295],[8.307384,56.554348],[8.315196,56.556871],[8.318044,56.563625],[8.312022,56.571967],[8.312022,56.578803],[8.343516,56.58454],[8.3921,56.585273],[8.436534,56.580227],[8.455903,56.568549],[8.46518,56.566881],[8.514659,56.544664],[8.528494,56.548163],[8.541352,56.55683],[8.552094,56.56802],[8.559581,56.578803],[8.565766,56.578803],[8.596039,56.531806],[8.596853,56.524156],[8.593028,56.519924],[8.594574,56.510484],[8.601085,56.501125],[8.617442,56.493801],[8.636974,56.479722],[8.648448,56.475735],[8.665538,56.475898],[8.726573,56.483222],[8.733165,56.485053],[8.738536,56.490058],[8.742035,56.497748],[8.743419,56.507066],[8.743663,56.521674],[8.744965,56.531562],[8.750824,56.552069],[8.755138,56.557807],[8.760427,56.560126],[8.762543,56.563381],[8.757579,56.571967],[8.726573,56.585639],[8.716563,56.586168],[8.708995,56.588568],[8.704438,56.593695],[8.702973,56.602362],[8.698497,56.611233],[8.681488,56.616278],[8.681895,56.626532],[8.69516,56.633246],[8.740896,56.634955],[8.805431,56.695461],[8.820486,56.700385],[8.861583,56.707465],[8.916759,56.708808],[8.918712,56.711005],[8.894786,56.715969],[8.851085,56.716783],[8.840831,56.722357],[8.850108,56.74018],[8.864757,56.755845],[8.876638,56.764309],[8.908458,56.777411],[8.95574,56.802965],[8.974294,56.805365],[8.985199,56.804145],[9.003673,56.799058],[9.014903,56.797838],[9.026622,56.799628],[9.032725,56.803778],[9.037608,56.808539],[9.045584,56.812201],[9.063162,56.812567],[9.086111,56.808417],[9.105968,56.800116],[9.114513,56.787991],[9.120453,56.764594],[9.134451,56.750718],[9.150564,56.740912],[9.162852,56.729641],[9.176036,56.708564],[9.148204,56.704739],[9.118826,56.678778],[9.093435,56.674994],[9.093435,56.667548],[9.097504,56.658433],[9.086681,56.649604],[9.059337,56.633979],[9.049978,56.619818],[9.048839,56.607164],[9.052989,56.575385],[9.060557,56.565741],[9.076996,56.567369],[9.093435,56.57807],[9.106781,56.610785],[9.121593,56.613023],[9.139659,56.611029],[9.155447,56.612942],[9.149181,56.622504],[9.141124,56.626044],[9.131521,56.624823],[9.121349,56.620347],[9.128917,56.631252],[9.136729,56.639065],[9.143728,56.647691],[9.148611,56.661322],[9.155447,56.661322],[9.149425,56.638861],[9.175548,56.635443],[9.211192,56.638861],[9.233653,56.637152],[9.247244,56.632025],[9.262462,56.633734],[9.276215,56.632961],[9.28533,56.620347],[9.2824,56.610541],[9.259451,56.591946],[9.250336,56.578803],[9.261241,56.576361],[9.263357,56.571967],[9.264008,56.565904],[9.270844,56.558295],[9.28061,56.552802],[9.305675,56.544664],[9.309744,56.540513],[9.312185,56.535102],[9.316417,56.530829],[9.326182,56.530341],[9.340587,56.547065],[9.34669,56.552069],[9.36085,56.544745],[9.373057,56.55272],[9.372732,56.565375],[9.350352,56.571967],[9.319347,56.561713],[9.317393,56.558661],[9.312836,56.557766],[9.302257,56.558295],[9.293712,56.561021],[9.293142,56.566799],[9.296153,56.571601],[9.298839,56.571967],[9.300629,56.609117],[9.317068,56.641099],[9.32602,56.66942],[9.325938,56.669623],[9.305675,56.695461],[9.295909,56.701565],[9.290701,56.703843],[9.270844,56.702338],[9.230642,56.692084],[9.220714,56.684272],[9.199067,56.676581],[9.177908,56.675849],[9.169119,56.688666],[9.180349,56.700751],[9.22641,56.716254],[9.236827,56.733059],[9.242524,56.747056],[9.240489,56.753974],[9.215505,56.758857],[9.205251,56.763821],[9.196544,56.770453],[9.189708,56.777411],[9.184418,56.784003],[9.178722,56.794135],[9.174978,56.806057],[9.176036,56.818427],[9.181163,56.821723],[9.204112,56.84162],[9.206716,56.84634],[9.211436,56.851508],[9.210623,56.863105],[9.205903,56.874579],[9.199555,56.879828],[9.187836,56.881171],[9.178966,56.884589],[9.162852,56.89411],[9.181488,56.919094],[9.200206,56.93891],[9.22047,56.955064],[9.251475,56.972561],[9.258474,56.97484],[9.265961,56.976223],[9.274669,56.97663],[9.279959,56.979804],[9.285492,56.993964],[9.288748,56.997138],[9.437022,57.0244],[9.470063,57.02383],[9.586762,56.997138],[9.586762,56.989691],[9.573985,56.985012],[9.57309,56.978827],[9.580821,56.972968],[9.594249,56.969184],[9.607921,56.969875],[9.617686,56.975043],[9.654145,57.006781],[9.670665,57.024848],[9.688975,57.03913],[9.728201,57.047065],[9.761241,57.05858],[9.809093,57.051744],[9.915782,57.05858],[9.856619,57.08869],[9.826671,57.094875],[9.806407,57.104234],[9.795665,57.106391],[9.787608,57.103949],[9.752452,57.077786],[9.733246,57.066799],[9.711925,57.061265],[9.693207,57.069159],[9.675141,57.079169],[9.656098,57.076361],[9.621104,57.05858],[9.580821,57.049302],[9.493988,57.04857],[9.265147,57.003404],[9.245372,57.002346],[9.22641,57.007025],[9.114513,57.05858],[9.12086,57.045396],[9.112804,57.038642],[9.079845,57.031236],[9.055431,57.021145],[9.042654,57.017727],[9.025727,57.017564],[9.031993,57.02383],[9.014008,57.030178],[8.996755,57.028062],[8.979666,57.020494],[8.963145,57.010199],[8.946951,57.011176],[8.926443,57.000149],[8.909028,56.988186],[8.901622,56.986274],[8.893077,56.999661],[8.87322,57.004828],[8.850434,57.003485],[8.833344,56.997138],[8.847992,56.988471],[8.811697,56.969875],[8.762055,56.955471],[8.72641,56.961249],[8.702973,56.958441],[8.679535,56.952541],[8.668793,56.945299],[8.663341,56.92593],[8.649913,56.91413],[8.634125,56.905178],[8.621104,56.89411],[8.615408,56.865627],[8.614268,56.863349],[8.612559,56.854682],[8.607921,56.849677],[8.601329,56.845526],[8.569591,56.818427],[8.547048,56.817328],[8.536306,56.814521],[8.531749,56.808783],[8.524262,56.804755],[8.507823,56.801093],[8.491384,56.794257],[8.483897,56.781155],[8.492442,56.74726],[8.491466,56.731391],[8.47641,56.722154],[8.47641,56.715969],[8.516368,56.718207],[8.525564,56.715969],[8.533051,56.703803],[8.527029,56.695299],[8.514008,56.690253],[8.500987,56.688666],[8.489268,56.690741],[8.465831,56.700141],[8.452891,56.702338],[8.440929,56.700385],[8.420909,56.691352],[8.408214,56.688666],[8.408214,56.68122],[8.455903,56.688666],[8.470225,56.686103],[8.491222,56.676988],[8.500987,56.674994],[8.571544,56.691962],[8.586274,56.688666],[8.589041,56.681342],[8.586274,56.662299],[8.586274,56.653876],[8.601329,56.640611],[8.608084,56.631049],[8.593272,56.61636],[8.583018,56.60932],[8.569591,56.606106],[8.555431,56.604885],[8.546641,56.601711],[8.547048,56.59748],[8.559581,56.593004],[8.539317,56.59276],[8.511485,56.607001],[8.48699,56.625312],[8.47641,56.637152],[8.467296,56.652045],[8.444835,56.664049],[8.416759,56.672065],[8.391124,56.674994],[8.373383,56.680243],[8.352224,56.692939],[8.33253,56.708401],[8.319509,56.722154],[8.30836,56.758205],[8.302013,56.763739],[8.288422,56.766343],[8.260265,56.776679],[8.243663,56.777411],[8.258067,56.740546],[8.263194,56.71894],[8.260753,56.70539],[8.24586,56.704006],[8.238292,56.725043],[8.236176,56.771186],[8.247895,56.812445],[8.270356,56.843248],[8.449718,57.003974],[8.503591,57.034654],[8.586274,57.106391],[8.618012,57.12287],[8.653819,57.122504],[8.737153,57.106391],[8.783946,57.104804],[8.87436,57.116116],[8.914561,57.127427],[8.962576,57.156562],[8.980479,57.161038],[9.230642,57.141099],[9.321544,57.14704],[9.41212,57.165432],[9.497813,57.197008],[9.573253,57.242906],[9.788422,57.459296],[9.826427,57.489936],[9.895356,57.531562],[9.929861,57.56745],[9.943126,57.572496],[9.96697,57.591376],[10.015391,57.596625],[10.107677,57.592963],[10.197602,57.601223],[10.279552,57.620917],[10.350597,57.648993],[10.472504,57.716986],[10.539073,57.743842],[10.566091,57.749457],[10.596039,57.751166],[10.625011,57.747504],[10.648936,57.737006],[10.594412,57.725898],[10.542491,57.69892],[10.46046,57.630561],[10.430431,57.570543],[10.458344,57.525458],[10.508962,57.484036],[10.54656,57.435289],[10.517426,57.391303],[10.517914,57.339179],[10.539073,57.236721],[10.521983,57.221747],[10.470876,57.201158],[10.446788,57.184882],[10.411469,57.144436],[10.395518,57.117255],[10.384044,57.074205],[10.359223,57.026109],[10.347179,57.010199],[10.338715,57.003241],[10.330577,56.999335],[10.319672,56.997504],[10.272472,56.99787],[10.257986,56.995836],[10.239757,56.992825],[10.156016,57.02383],[10.094005,57.060492],[10.052745,57.069729],[10.019379,57.088446],[9.99464,57.092719],[9.974457,57.086493],[9.946137,57.061184],[9.926931,57.05858],[9.945486,57.057318],[9.966563,57.072211],[9.984141,57.079047],[10.001964,57.083889],[10.022634,57.079088],[10.121267,57.022121],[10.153982,57.013251],[10.192393,56.994045],[10.214366,56.989691],[10.295095,56.988593],[10.313731,56.982856],[10.285655,56.96369],[10.279552,56.955512],[10.27475,56.942288],[10.269298,56.915025],[10.26588,56.907701],[10.273123,56.891343],[10.284028,56.840318],[10.288341,56.800116],[10.295421,56.778876],[10.319998,56.736477],[10.328461,56.729804],[10.338227,56.723944],[10.340587,56.717353],[10.326834,56.708564],[10.318696,56.708238],[10.295177,56.714301],[10.282563,56.715969],[10.237559,56.715969],[10.221853,56.712104],[10.203868,56.702338],[10.187022,56.712226],[10.168142,56.720038],[10.146495,56.722357],[10.121267,56.715969],[10.098969,56.706122],[10.08961,56.704047],[10.073497,56.702338],[10.05836,56.698228],[10.027517,56.684272],[9.990896,56.676947],[9.945567,56.658149],[9.805919,56.64704],[9.805919,56.640204],[9.851329,56.635728],[10.001475,56.661322],[10.034923,56.672838],[10.049571,56.674994],[10.052908,56.677151],[10.053477,56.68183],[10.055431,56.68651],[10.062836,56.688666],[10.070974,56.687486],[10.084321,56.682359],[10.090587,56.68122],[10.101329,56.682685],[10.113617,56.686713],[10.12379,56.692328],[10.128103,56.698879],[10.134776,56.712388],[10.150564,56.714423],[10.18336,56.708564],[10.180837,56.704901],[10.175792,56.695461],[10.193207,56.69359],[10.241954,56.688381],[10.283539,56.689765],[10.310313,56.698879],[10.334239,56.703843],[10.352794,56.68183],[10.357677,56.648749],[10.340343,56.620347],[10.27296,56.591702],[10.223318,56.560614],[10.214366,56.558295],[10.207286,56.525784],[10.203868,56.516669],[10.211436,56.505316],[10.206798,56.490953],[10.195486,56.477688],[10.18336,56.46955],[10.214122,56.470445],[10.225597,56.475735],[10.224376,56.513617],[10.22755,56.541083],[10.237641,56.554389],[10.279552,56.571967],[10.312673,56.596625],[10.330333,56.603217],[10.350922,56.595893],[10.354503,56.589545],[10.359874,56.568101],[10.36085,56.561713],[10.365245,56.558417],[10.394867,56.544664],[10.4699,56.520901],[10.551524,56.51557],[10.789073,56.536363],[10.822276,56.534247],[10.854991,56.524156],[10.869884,56.514716],[10.90211,56.483222],[10.964122,56.448432],[10.964122,56.442206],[10.940929,56.429511],[10.928477,56.40648],[10.923513,56.379869],[10.922618,56.356269],[10.911632,56.334052],[10.819591,56.260932],[10.77296,56.242987],[10.755382,56.229315],[10.750011,56.216051],[10.752615,56.184963],[10.738617,56.154527],[10.707042,56.150865],[10.672211,56.165188],[10.648936,56.188381],[10.674653,56.190823],[10.685232,56.196234],[10.69044,56.208889],[10.687673,56.222235],[10.677582,56.226304],[10.664561,56.227607],[10.652599,56.232733],[10.628591,56.237535],[10.60377,56.221015],[10.581228,56.199205],[10.549164,56.178209],[10.556163,56.154934],[10.569347,56.129462],[10.573741,56.112616],[10.563975,56.105618],[10.548025,56.101264],[10.531016,56.100165],[10.518565,56.102729],[10.508474,56.111029],[10.498546,56.130194],[10.491222,56.13996],[10.499197,56.144721],[10.516124,56.151597],[10.525401,56.153632],[10.51824,56.164781],[10.509451,56.170111],[10.46811,56.177069],[10.458995,56.176093],[10.436697,56.167914],[10.408702,56.164862],[10.391449,56.172675],[10.376231,56.186672],[10.354666,56.202053],[10.376964,56.203315],[10.410411,56.218492],[10.42921,56.22248],[10.44337,56.21662],[10.460704,56.206204],[10.477794,56.202338],[10.491222,56.216295],[10.474294,56.232245],[10.475434,56.244696],[10.504731,56.277777],[10.491222,56.277655],[10.476817,56.280911],[10.463634,56.286851],[10.453624,56.294501],[10.442638,56.298651],[10.416759,56.291897],[10.403005,56.298245],[10.399262,56.284857],[10.393809,56.276516],[10.38502,56.272162],[10.371104,56.270941],[10.36378,56.26557],[10.336925,56.232733],[10.312511,56.215155],[10.258474,56.190253],[10.234223,56.171332],[10.220225,56.147895],[10.226899,56.133246],[10.243419,56.119574],[10.259044,56.099026],[10.265636,56.073717],[10.261485,56.054429],[10.249197,56.036933],[10.23113,56.017035],[10.255138,56.023627],[10.272716,56.024848],[10.277517,56.017768],[10.252452,55.986233],[10.250011,55.973456],[10.251638,55.948188],[10.250743,55.930732],[10.249278,55.923041],[10.245372,55.914618],[10.221365,55.896918],[10.21754,55.889838],[10.212657,55.889879],[10.201834,55.885891],[10.190196,55.879706],[10.18336,55.873725],[10.188324,55.871161],[10.195567,55.861314],[10.199392,55.850735],[10.190603,55.843492],[10.187348,55.838609],[10.18214,55.833686],[10.172699,55.831488],[10.160411,55.833319],[10.151052,55.838121],[10.135509,55.851996],[10.131033,55.858466],[10.128103,55.865871],[10.12379,55.873277],[10.114513,55.879869],[10.101817,55.882392],[10.004649,55.879869],[9.99171,55.877346],[9.983653,55.871405],[9.977387,55.864569],[9.97047,55.859442],[9.944509,55.853583],[9.891775,55.855373],[9.867442,55.851996],[9.892589,55.836249],[10.035655,55.818427],[10.045746,55.813951],[10.042166,55.803412],[10.025645,55.783026],[10.017345,55.76557],[10.019786,55.75788],[10.033702,55.756049],[10.059825,55.756415],[10.059825,55.749498],[10.018809,55.736274],[10.006847,55.725043],[10.01824,55.708564],[10.014496,55.706855],[10.005219,55.701117],[9.9817,55.709418],[9.871837,55.69123],[9.821788,55.675971],[9.792247,55.674465],[9.730968,55.688137],[9.695649,55.705797],[9.686534,55.708564],[9.583018,55.708889],[9.559581,55.715399],[9.556407,55.711575],[9.554535,55.708808],[9.553477,55.705797],[9.552745,55.701117],[9.573578,55.695461],[9.645518,55.694892],[9.658539,55.690375],[9.710297,55.660142],[9.720958,55.648261],[9.728201,55.637519],[9.738292,55.629706],[9.758149,55.626654],[9.85377,55.626654],[9.837413,55.61522],[9.785492,55.591946],[9.75766,55.571601],[9.744151,55.566352],[9.720876,55.564602],[9.712413,55.560289],[9.710623,55.55093],[9.710297,55.541571],[9.706879,55.537299],[9.643891,55.528306],[9.621104,55.518948],[9.60727,55.516791],[9.595225,55.518378],[9.572765,55.523912],[9.559581,55.523627],[9.562185,55.519517],[9.566417,55.516791],[9.551931,55.505113],[9.514903,55.498196],[9.498057,55.489447],[9.515636,55.48314],[9.534434,55.483832],[9.583669,55.491156],[9.592784,55.494289],[9.602387,55.495795],[9.660167,55.477973],[9.664236,55.466702],[9.659923,55.45303],[9.648936,55.441067],[9.635265,55.435736],[9.60141,55.43183],[9.586762,55.427436],[9.592052,55.416327],[9.60434,55.40119],[9.607921,55.393256],[9.605154,55.382025],[9.599294,55.373358],[9.600841,55.365912],[9.621104,55.358547],[9.633474,55.351996],[9.645274,55.342719],[9.648285,55.332913],[9.634613,55.325019],[9.634613,55.317572],[9.644867,55.31094],[9.681895,55.274644],[9.694184,55.271633],[9.706065,55.265082],[9.710297,55.248684],[9.706554,55.237006],[9.699474,55.229804],[9.692882,55.221015],[9.689789,55.204901],[9.684418,55.197577],[9.67156,55.19245],[9.655772,55.189439],[9.6421,55.188422],[9.583344,55.194648],[9.569835,55.192532],[9.561534,55.187201],[9.554942,55.180569],[9.545909,55.17414],[9.521821,55.165432],[9.507172,55.161933],[9.494395,55.160549],[9.486339,55.156236],[9.486339,55.147406],[9.49464,55.140082],[9.511892,55.140082],[9.511892,55.133205],[9.482432,55.133775],[9.468761,55.131781],[9.456554,55.125718],[9.466645,55.121405],[9.479177,55.119696],[9.508067,55.119534],[9.521332,55.115871],[9.535818,55.106879],[9.559581,55.085395],[9.533702,55.065823],[9.516612,55.056545],[9.498057,55.050686],[9.452403,55.045356],[9.434337,55.037543],[9.442882,55.023383],[9.455251,55.023179],[9.511892,55.036363],[9.537364,55.035386],[9.545909,55.036363],[9.553233,55.039618],[9.560232,55.04442],[9.568533,55.048774],[9.579926,55.050686],[9.601573,55.045396],[9.641856,55.019721],[9.662608,55.009711],[9.71754,55.001166],[9.730968,54.995429],[9.738617,54.980862],[9.760753,54.904975],[9.763194,54.900458],[9.761567,54.897406],[9.751964,54.893012],[9.737071,54.892768],[9.722992,54.89765],[9.711436,54.898586],[9.703461,54.886176],[9.715994,54.883775],[9.727875,54.879462],[9.737804,54.873521],[9.744477,54.866278],[9.748302,54.857856],[9.750255,54.846259],[9.745942,54.836005],[9.731212,54.831529],[9.719574,54.835842],[9.705333,54.85456],[9.696625,54.858873],[9.65504,54.857082],[9.6421,54.858873],[9.623302,54.865302],[9.624685,54.869289],[9.632823,54.873114],[9.634613,54.87934],[9.616954,54.894232],[9.610362,54.903225],[9.617524,54.907294],[9.644216,54.913275],[9.638845,54.92475],[9.615001,54.932685],[9.586762,54.92772],[9.581228,54.92178],[9.568044,54.901435],[9.556814,54.890326],[9.550548,54.882717],[9.545909,54.87934],[9.538341,54.877916],[9.522146,54.879299],[9.515147,54.875922],[9.498057,54.864325],[9.456391,54.843817],[9.442882,54.831529],[9.43629,54.810452],[9.437511,54.810411],[9.451427,54.81037],[9.510997,54.827826],[9.529959,54.841498],[9.554373,54.847113],[9.566905,54.860175],[9.579926,54.866278],[9.583181,54.830268],[9.631602,54.819892],[9.693044,54.81802],[9.73463,54.807318],[9.752126,54.799628],[9.778087,54.793158],[9.801768,54.783393],[9.812185,54.766059],[9.823741,54.756741],[9.849864,54.759345],[9.895356,54.769477],[9.891449,54.790269],[9.91505,54.791205],[9.94752,54.779527],[9.97047,54.762641],[9.984141,54.728502],[9.990489,54.720526],[9.999522,54.712958],[10.01824,54.701239],[10.005382,54.695502],[9.992198,54.696479],[9.979828,54.699774],[9.97047,54.701239],[9.971039,54.699042],[9.9463,54.687649],[9.943126,54.687567],[9.936697,54.685004],[9.932384,54.685248],[9.929942,54.683092],[9.929454,54.673896],[9.944102,54.673326],[9.970225,54.677924],[9.996349,54.678778],[10.011404,54.66706],[10.022146,54.672431],[10.033539,54.672919],[10.039073,54.666815],[10.031912,54.652777],[10.036957,54.638902],[10.037608,54.619086],[10.031912,54.577704],[10.026866,54.559963],[10.02003,54.545844],[10.010427,54.534329],[9.997813,54.523668],[9.965587,54.506171],[9.925304,54.493109],[9.882009,54.484849],[9.840099,54.482123],[9.840099,54.475287],[9.883311,54.462104],[10.124685,54.495754],[10.143403,54.491848],[10.203868,54.461005],[10.18393,54.449368],[10.183849,54.438422],[10.191742,54.426174],[10.197032,54.410102],[10.191254,54.396715],[10.177094,54.384263],[10.159028,54.375312],[10.141775,54.37226],[10.144379,54.370022],[10.147797,54.368313],[10.148285,54.36518],[10.141775,54.358588],[10.152517,54.351793],[10.155528,54.343411],[10.151622,54.33397],[10.141775,54.324408],[10.163748,54.329169],[10.180349,54.341132],[10.203868,54.37226],[10.217133,54.405422],[10.224376,54.413804],[10.234386,54.417711],[10.272146,54.420071],[10.285818,54.42475],[10.292491,54.430162],[10.297618,54.435736],[10.306895,54.441107],[10.31837,54.443305],[10.36085,54.441107],[10.382823,54.43476],[10.44337,54.406399],[10.601085,54.365424],[10.690196,54.31623],[10.731293,54.310207],[10.77711,54.315131],[10.810802,54.327379],[10.867931,54.358588],[10.90089,54.371039],[10.935313,54.379543],[11.018809,54.385891],[11.018809,54.379096],[11.000824,54.378567],[10.975841,54.378404],[10.993175,54.373847],[11.010509,54.377183],[11.033946,54.367621],[11.104177,54.39289],[11.135509,54.385891],[11.098399,54.361518],[11.087738,54.351752],[11.081798,54.354641],[11.06658,54.358588],[11.077403,54.342231],[11.086599,54.302436],[11.094493,54.283515],[11.087087,54.270901],[11.087738,54.253892],[11.094493,54.225084],[11.09018,54.207994],[11.080577,54.198879],[11.070974,54.192572],[11.06658,54.183905],[10.95045,54.139472],[10.91033,54.109198],[10.892833,54.102525],[10.852387,54.094306],[10.844574,54.094468],[10.836111,54.089993],[10.829356,54.092841],[10.822276,54.097357],[10.813324,54.097886],[10.805431,54.094875],[10.801443,54.092231],[10.762869,54.05683],[10.752615,54.050116],[10.752615,54.043891],[10.76588,54.024359],[10.780447,54.009955],[10.799653,54.000556],[10.826915,53.995429],[10.865571,53.997789],[10.875499,53.995429],[10.882579,53.985053],[10.883556,53.973131],[10.88738,53.963935],[10.90211,53.961371],[10.906016,53.961208],[10.917654,53.960761],[10.922618,53.961371],[10.935395,53.967271],[10.964692,53.985419],[10.981212,53.989244],[11.000255,53.991604],[11.053477,54.00849],[11.175059,54.018012],[11.183849,54.016018],[11.190766,54.010321],[11.197276,53.996243],[11.204356,53.989244],[11.239919,53.983466],[11.245372,53.97842],[11.240733,53.955634],[11.242931,53.945217],[11.255626,53.940863],[11.285411,53.939683],[11.293712,53.940863],[11.334158,53.961371],[11.341807,53.958319],[11.352061,53.944159],[11.358246,53.940863],[11.399913,53.940863],[11.400401,53.93773],[11.438731,53.909125],[11.4463,53.906155],[11.457693,53.906155],[11.458995,53.916693],[11.469086,53.932766],[11.476817,53.952704],[11.472423,53.968817],[11.479828,53.976142],[11.489513,53.980618],[11.497895,53.981838],[11.495942,53.986314],[11.4935,53.997626],[11.49171,54.002346],[11.52589,54.022773],[11.52589,54.030219],[11.519054,54.030219],[11.519054,54.036444],[11.544607,54.030178],[11.553233,54.030219],[11.573497,54.039049],[11.591319,54.065619],[11.604747,54.071234],[11.612804,54.072903],[11.619395,54.077297],[11.624522,54.083645],[11.628917,54.091051],[11.629568,54.096015],[11.622081,54.099555],[11.622081,54.104682],[11.625255,54.109809],[11.629405,54.113227],[11.633149,54.115912],[11.657888,54.142239],[11.689708,54.155219],[11.72877,54.158515],[11.812266,54.149807],[12.050629,54.179918],[12.088145,54.194078],[12.093272,54.165432],[12.089529,54.137641],[12.091645,54.114],[12.115001,54.097886],[12.105317,54.110012],[12.100352,54.135972],[12.095063,54.145697],[12.105479,54.157375],[12.134288,54.166978],[12.142833,54.180487],[12.131602,54.181138],[12.12086,54.179999],[12.110606,54.177436],[12.101329,54.173651],[12.108897,54.18301],[12.142833,54.209174],[12.163097,54.219916],[12.18686,54.243354],[12.200938,54.248725],[12.214041,54.250963],[12.289399,54.275092],[12.327322,54.293769],[12.342133,54.303941],[12.378184,54.344916],[12.438324,54.395819],[12.444835,54.405463],[12.486095,54.447333],[12.501964,54.473578],[12.513438,54.482245],[12.533865,54.488267],[12.533865,54.482123],[12.527029,54.482123],[12.54835,54.462063],[12.591482,54.451728],[12.819102,54.451728],[12.856619,54.441107],[12.879649,54.448798],[12.908376,54.444648],[12.921153,54.433498],[12.896332,54.420071],[12.870779,54.416815],[12.763682,54.422187],[12.720958,54.431586],[12.694591,54.433661],[12.686778,54.431627],[12.676117,54.422553],[12.670421,54.420071],[12.650076,54.420071],[12.624197,54.422919],[12.614513,54.419745],[12.608409,54.406399],[12.602224,54.413804],[12.596934,54.411933],[12.588064,54.407457],[12.581716,54.406399],[12.583507,54.397854],[12.587657,54.394029],[12.594005,54.392768],[12.602224,54.392076],[12.598643,54.391547],[12.595876,54.391506],[12.594412,54.390204],[12.594737,54.385891],[12.575531,54.391995],[12.554047,54.390815],[12.535981,54.383734],[12.527029,54.37226],[12.510753,54.384263],[12.490977,54.390082],[12.454763,54.392076],[12.438487,54.387519],[12.424978,54.375922],[12.418468,54.360663],[12.424001,54.344916],[12.409679,54.346625],[12.403819,54.34809],[12.396739,54.351752],[12.389903,54.344916],[12.396495,54.332953],[12.391612,54.321112],[12.37908,54.312445],[12.362559,54.310207],[12.36964,54.296576],[12.37794,54.285875],[12.380138,54.277086],[12.368826,54.269192],[12.412446,54.25141],[12.436778,54.247707],[12.458181,54.255561],[12.442638,54.255194],[12.430837,54.258612],[12.41033,54.269192],[12.41684,54.280951],[12.42628,54.289618],[12.451427,54.303941],[12.457286,54.306301],[12.468272,54.308336],[12.472423,54.310207],[12.475597,54.315131],[12.476573,54.327786],[12.478689,54.331855],[12.495616,54.340277],[12.560557,54.358588],[12.547048,54.364488],[12.540782,54.365424],[12.540782,54.37226],[12.559337,54.376288],[12.566091,54.375922],[12.574229,54.37226],[12.574229,54.379096],[12.592947,54.36933],[12.622732,54.373928],[12.677257,54.392076],[12.675059,54.395413],[12.672374,54.402981],[12.670421,54.406399],[12.680837,54.410875],[12.692556,54.413642],[12.704845,54.414618],[12.71754,54.413804],[12.71754,54.406399],[12.702485,54.40412],[12.692393,54.396186],[12.686534,54.384752],[12.684093,54.37226],[12.696625,54.384955],[12.701182,54.391669],[12.7046,54.399604],[12.713552,54.390082],[12.723806,54.381252],[12.735037,54.37816],[12.746104,54.385891],[12.757823,54.379788],[12.768565,54.380072],[12.778331,54.384752],[12.78712,54.392076],[12.789887,54.384345],[12.794688,54.377143],[12.800955,54.370754],[12.818044,54.357978],[12.821788,54.356147],[12.825369,54.357245],[12.83546,54.358588],[12.854666,54.357856],[12.864757,54.359565],[12.875987,54.365424],[12.884532,54.373481],[12.894867,54.389716],[12.903819,54.399604],[12.929373,54.414374],[12.969086,54.429389],[13.0088,54.438056],[13.03419,54.433661],[13.021495,54.426459],[13.021007,54.414537],[13.028575,54.401842],[13.040375,54.392076],[13.083669,54.378974],[13.095551,54.37226],[13.076671,54.352525],[13.08074,54.337144],[13.109223,54.310207],[13.112071,54.299302],[13.112071,54.288479],[13.114919,54.280015],[13.125987,54.276597],[13.170665,54.276597],[13.170665,54.269192],[13.161306,54.269029],[13.154633,54.26732],[13.143403,54.263007],[13.176117,54.264838],[13.228363,54.247382],[13.263194,54.242499],[13.288829,54.23428],[13.321788,54.194525],[13.348888,54.180487],[13.333344,54.174018],[13.321544,54.166815],[13.346528,54.166938],[13.3838,54.178127],[13.403494,54.173651],[13.395681,54.161933],[13.39088,54.157294],[13.382986,54.153144],[13.394786,54.148912],[13.40211,54.151313],[13.408702,54.154608],[13.417735,54.153144],[13.423188,54.148098],[13.437673,54.12519],[13.450369,54.110419],[13.465099,54.098456],[13.483572,54.091295],[13.507091,54.091051],[13.507091,54.097886],[13.498871,54.102484],[13.487478,54.113918],[13.479259,54.118354],[13.479259,54.12519],[13.602712,54.139472],[13.632335,54.147528],[13.683442,54.168036],[13.711925,54.173651],[13.716482,54.168443],[13.714692,54.164049],[13.708263,54.160875],[13.698253,54.159329],[13.698253,54.153144],[13.72877,54.143866],[13.808116,54.104682],[13.808116,54.097886],[13.793712,54.083197],[13.785492,54.06391],[13.773204,54.046332],[13.746104,54.036444],[13.758149,54.030992],[13.78712,54.009101],[13.797618,53.998928],[13.803477,53.996324],[13.831798,53.989244],[13.838634,53.986314],[13.84311,53.97956],[13.846202,53.972235],[13.849132,53.967597],[13.850271,53.964016],[13.848969,53.959459],[13.848643,53.955552],[13.85255,53.953843],[13.866873,53.954657],[13.870128,53.953843],[13.875499,53.951239],[13.881602,53.949042],[13.88795,53.947577],[13.893565,53.947089],[13.906016,53.943061],[13.907563,53.933539],[13.901378,53.922309],[13.890147,53.912909],[13.818533,53.877997],[13.808116,53.865139],[13.817068,53.852932],[13.835785,53.84748],[13.85434,53.844916],[13.862804,53.841254],[13.869151,53.830308],[13.8838,53.817694],[13.899913,53.809149],[13.910655,53.810492],[13.984223,53.773993],[14.017345,53.769517],[14.033539,53.757514],[14.037446,53.755276],[14.061534,53.756415],[14.068858,53.755276],[14.094005,53.746324],[14.10613,53.743354],[14.186534,53.739814],[14.214692,53.744859],[14.226573,53.758694],[14.234141,53.761786],[14.250173,53.759955],[14.264496,53.751614],[14.267426,53.735419],[14.259532,53.727973],[14.212738,53.708075],[14.225352,53.703762],[14.240001,53.700751],[14.256196,53.699449],[14.263927,53.699978],[14.273692,53.700629],[14.291677,53.705268],[14.304861,53.712551],[14.306163,53.720689],[14.288585,53.727973],[14.29835,53.731431],[14.301606,53.734849],[14.29835,53.738267],[14.288585,53.741645],[14.2942,53.749091],[14.304047,53.743883],[14.318044,53.739732],[14.330414,53.734198],[14.342052,53.714911],[14.356212,53.708441],[14.383556,53.700629],[14.403575,53.687812],[14.414561,53.682359],[14.458669,53.677883],[14.51238,53.666449],[14.531016,53.657782],[14.546235,53.644761],[14.579112,53.607245],[14.590587,53.598375],[14.595876,53.601304],[14.597016,53.617336],[14.601573,53.626654],[14.610037,53.632758],[14.62379,53.639228],[14.623057,53.643012],[14.622813,53.646959],[14.62379,53.652818],[14.613048,53.65469],[14.587413,53.656073],[14.575938,53.659654],[14.544932,53.704047],[14.551443,53.726142],[14.575938,53.769517],[14.587413,53.763495],[14.597341,53.765204],[14.608246,53.769029],[14.62379,53.769517],[14.61671,53.794745],[14.620372,53.814846],[14.627289,53.832709],[14.630626,53.851508],[14.62379,53.851508],[14.621349,53.839545],[14.613536,53.83161],[14.58961,53.817328],[14.595876,53.810492],[14.587087,53.812649],[14.580089,53.815334],[14.574474,53.819078],[14.569102,53.824164],[14.574229,53.827094],[14.583263,53.834215],[14.58961,53.837836],[14.575857,53.854804],[14.552094,53.862779],[14.441173,53.869615],[14.425548,53.879828],[14.438162,53.899319],[14.434906,53.901313],[14.434093,53.901597],[14.433767,53.902411],[14.431895,53.906155],[14.422048,53.896145],[14.414236,53.894721],[14.405772,53.897406],[14.393809,53.899319],[14.385102,53.897284],[14.378266,53.89232],[14.371593,53.885891],[14.363048,53.879381],[14.392914,53.875963],[14.40919,53.871568],[14.417654,53.865139],[14.415701,53.853013],[14.405284,53.844184],[14.392589,53.840725],[14.383556,53.844672],[14.356212,53.834459],[14.342621,53.831855],[14.328298,53.831],[14.328298,53.824164],[14.342052,53.82099],[14.341319,53.818915],[14.328298,53.817328],[14.318858,53.818183],[14.303071,53.823065],[14.291352,53.824164],[14.274669,53.830797],[14.226573,53.871975],[14.203136,53.878323],[14.200857,53.87816],[14.087413,53.870429],[14.065115,53.872382],[14.04835,53.879381],[14.025076,53.863837],[13.99586,53.853746],[13.938487,53.844672],[13.875255,53.844062],[13.840099,53.850287],[13.821788,53.865139],[13.834727,53.867987],[13.855479,53.877387],[13.887706,53.881537],[13.922374,53.893378],[13.931651,53.899319],[13.938975,53.928209],[13.901866,53.969794],[13.90447,53.995429],[13.954845,53.993598],[13.972667,53.989244],[13.965831,53.981838],[13.968272,53.976264],[13.960297,53.956732],[13.958995,53.940863],[13.97462,53.957343],[13.987478,53.961412],[14.027843,53.961371],[14.022634,53.95897],[14.018565,53.956366],[14.01588,53.952704],[14.014334,53.947089],[14.04835,53.940863],[14.040294,53.953843],[14.053071,53.97842],[14.05128,54.005072],[14.037446,54.021715],[14.014334,54.016018],[14.006196,54.032294],[13.995291,54.045722],[13.9817,54.056342],[13.965831,54.063788],[13.946056,54.066596],[13.926117,54.064032],[13.915863,54.056383],[13.924815,54.043891],[13.924815,54.036444],[13.91627,54.033637],[13.907237,54.027493],[13.899913,54.019721],[13.896983,54.012274],[13.89088,54.010159],[13.855968,54.002346],[13.858084,54.015774],[13.865571,54.024075],[13.873546,54.029975],[13.876313,54.036444],[13.871104,54.048651],[13.863617,54.049994],[13.854991,54.046332],[13.823009,54.037909],[13.808279,54.026313],[13.7942,54.018134],[13.774099,54.022773],[13.782074,54.042141],[13.809255,54.0751],[13.814952,54.101264],[13.806163,54.116645],[13.76531,54.141913],[13.75294,54.153144],[13.762218,54.164455],[13.777599,54.174018],[13.796153,54.17829],[13.814952,54.173651],[13.823741,54.163967],[13.844086,54.131293],[13.855968,54.118354],[13.882498,54.102444],[13.948416,54.079779],[13.986176,54.071234],[14.016612,54.060004],[14.192393,53.946112],[14.209483,53.938625],[14.210053,53.938463],[14.226573,53.934027],[14.237478,53.928656],[14.268077,53.92182],[14.367035,53.916978],[14.406749,53.92182],[14.445567,53.934027],[14.517345,53.965237],[14.781912,54.034613],[15.010102,54.06981],[15.288341,54.138861],[15.468516,54.167141],[15.665782,54.198432],[15.859711,54.249986],[16.020844,54.261786],[16.131521,54.283515],[16.118907,54.276028],[16.069347,54.263007],[16.091075,54.253974],[16.17921,54.263007],[16.17921,54.269192],[16.172374,54.269192],[16.172374,54.276597],[16.220063,54.276597],[16.219574,54.28148],[16.218516,54.282375],[16.216645,54.28205],[16.213227,54.283515],[16.21518,54.299628],[16.192149,54.300279],[16.137706,54.290269],[16.17213,54.300238],[16.213552,54.316107],[16.275401,54.358588],[16.262869,54.343695],[16.240489,54.330024],[16.231781,54.322577],[16.240896,54.32453],[16.259044,54.326728],[16.274913,54.330471],[16.288829,54.340237],[16.323904,54.349921],[16.336762,54.358588],[16.32488,54.373114],[16.305024,54.373481],[16.296235,54.367255],[16.281586,54.358588],[16.323985,54.401313],[16.439789,54.488267],[16.439789,54.482123],[16.434418,54.472357],[16.444509,54.469875],[16.460623,54.473456],[16.473399,54.482123],[16.479747,54.495551],[16.473888,54.499661],[16.460948,54.496487],[16.446056,54.488267],[16.466563,54.512152],[16.501313,54.532416],[16.569591,54.557196],[16.778494,54.575141],[16.85963,54.59394],[16.902192,54.598131],[16.939952,54.606024],[17.035818,54.66706],[17.337413,54.74901],[17.715668,54.790432],[17.885427,54.824123],[18.152354,54.838324],[18.316905,54.838324],[18.339529,54.833482],[18.375824,54.815131],[18.389171,54.811103],[18.410167,54.808295],[18.75172,54.69009],[18.813975,54.643215],[18.824067,54.632229],[18.834321,54.616685],[18.835297,54.603095],[18.817638,54.598131],[18.813243,54.601549],[18.80836,54.608832],[18.802257,54.616034],[18.784028,54.623521],[18.771821,54.642279],[18.755382,54.654486],[18.707774,54.701239],[18.698497,54.703803],[18.663422,54.707994],[18.654552,54.71015],[18.64503,54.71955],[18.61671,54.725246],[18.556977,54.74901],[18.49822,54.765367],[18.48878,54.773179],[18.456309,54.787665],[18.447765,54.789984],[18.435557,54.786811],[18.42921,54.781684],[18.41505,54.753119],[18.413097,54.746527],[18.413097,54.73192],[18.418468,54.728217],[18.442393,54.721991],[18.447765,54.718248],[18.459809,54.706041],[18.474457,54.687567],[18.473888,54.679918],[18.470063,54.673285],[18.470388,54.666734],[18.481944,54.659613],[18.475922,54.640082],[18.487315,54.631781],[18.506358,54.634101],[18.52296,54.646552],[18.5171,54.62995],[18.525157,54.616685],[18.537608,54.605455],[18.562836,54.560004],[18.570649,54.55036],[18.566742,54.527411],[18.567556,54.48786],[18.574067,54.450385],[18.588064,54.433661],[18.60377,54.430609],[18.634288,54.416938],[18.649913,54.413804],[18.663341,54.412991],[18.680024,54.40998],[18.694347,54.404527],[18.70045,54.395819],[18.717296,54.382025],[18.885916,54.350165],[18.923188,54.348538],[18.954356,54.358588],[18.962901,54.353502],[18.97462,54.349758],[19.002126,54.344916]]}},{"type":"Feature","properties":{"featurecla":"Coastline","scalerank":5,"min_zoom":3},"bbox":[-1.569488,50.582506,-1.062327,50.773179],"geometry":{"type":"LineString","coordinates":[[-1.082753,50.713324],[-1.085561,50.714016],[-1.094228,50.712633],[-1.097035,50.713324],[-1.097646,50.71601],[-1.096425,50.724433],[-1.097035,50.726955],[-1.10912,50.732856],[-1.119537,50.734198],[-1.144276,50.733791],[-1.295766,50.773179],[-1.318512,50.772162],[-1.343495,50.761054],[-1.377553,50.734198],[-1.400868,50.721991],[-1.425364,50.72012],[-1.423451,50.7237],[-1.420888,50.730455],[-1.418691,50.733791],[-1.50593,50.707709],[-1.545318,50.686103],[-1.569488,50.658026],[-1.551503,50.665107],[-1.535146,50.669379],[-1.497426,50.672309],[-1.485951,50.669338],[-1.452789,50.654283],[-1.445953,50.648139],[-1.315541,50.589179],[-1.279205,50.582506],[-1.168446,50.603461],[-1.165028,50.608222],[-1.164133,50.619371],[-1.164703,50.640937],[-1.162221,50.645982],[-1.156361,50.650784],[-1.128651,50.666449],[-1.112701,50.671454],[-1.075307,50.678534],[-1.071889,50.680976],[-1.069651,50.683498],[-1.066965,50.685248],[-1.062327,50.685289],[-1.062327,50.692816],[-1.082753,50.713324]]}},{"type":"Feature","properties":{"featurecla":"Coastline","scalerank":6,"min_zoom":6},"bbox":[-1.020741,50.780951,-0.938832,50.829779],"geometry":{"type":"LineString","coordinates":[[-0.959869,50.808254],[-0.951405,50.812445],[-0.947825,50.817816],[-0.950307,50.823798],[-0.959869,50.829332],[-0.972564,50.829779],[-0.998687,50.801011],[-1.020741,50.795152],[-1.020741,50.788398],[-0.938832,50.780951],[-0.938832,50.788398],[-0.945627,50.791815],[-0.954579,50.798814],[-0.959869,50.802069],[-0.959869,50.808254]]}},{"type":"Feature","properties":{"featurecla":"Coastline","scalerank":6,"min_zoom":5},"bbox":[0.733897,51.364407,0.942149,51.447943],"geometry":{"type":"LineString","coordinates":[[0.911469,51.412177],[0.900564,51.417548],[0.890798,51.421047],[0.766938,51.447943],[0.753917,51.445705],[0.746837,51.439643],[0.733897,51.412177],[0.7435,51.400092],[0.757579,51.38642],[0.775076,51.375312],[0.79477,51.370551],[0.911469,51.364407],[0.936371,51.371039],[0.942149,51.383002],[0.932465,51.397691],[0.911469,51.412177]]}},{"type":"Feature","properties":{"featurecla":"Coastline","scalerank":6,"min_zoom":6},"bbox":[-4.693959,53.239488,-4.558461,53.32392],"geometry":{"type":"LineString","coordinates":[[-4.57726,53.27204],[-4.580922,53.285468],[-4.590443,53.297553],[-4.603831,53.308173],[-4.618886,53.317084],[-4.626291,53.320868],[-4.644195,53.319525],[-4.65567,53.31977],[-4.667307,53.32392],[-4.693959,53.309638],[-4.693959,53.302802],[-4.676666,53.285102],[-4.6704,53.282945],[-4.641347,53.284369],[-4.632558,53.282945],[-4.622792,53.275946],[-4.602406,53.253079],[-4.581899,53.242011],[-4.571889,53.239488],[-4.563629,53.241929],[-4.558461,53.252753],[-4.563954,53.260443],[-4.572743,53.266506],[-4.57726,53.27204]]}},{"type":"Feature","properties":{"featurecla":"Coastline","scalerank":5,"min_zoom":2},"bbox":[-4.571034,53.12995,-4.042877,53.426947],"geometry":{"type":"LineString","coordinates":[[-4.098134,53.309638],[-4.102528,53.310777],[-4.115142,53.315904],[-4.121978,53.317084],[-4.127797,53.314846],[-4.136627,53.30508],[-4.142486,53.302802],[-4.154897,53.301825],[-4.177805,53.297553],[-4.190582,53.296576],[-4.203236,53.298489],[-4.207428,53.3039],[-4.20934,53.312405],[-4.214833,53.32392],[-4.230621,53.335273],[-4.231557,53.337592],[-4.235178,53.340074],[-4.234853,53.346137],[-4.233713,53.352973],[-4.234731,53.358059],[-4.240061,53.358344],[-4.254506,53.363227],[-4.266916,53.368964],[-4.266021,53.371649],[-4.269358,53.377102],[-4.271881,53.389065],[-4.276723,53.401028],[-4.286529,53.40644],[-4.324696,53.419501],[-4.343495,53.420071],[-4.412831,53.426947],[-4.425364,53.426703],[-4.553456,53.40058],[-4.571034,53.392768],[-4.560862,53.377834],[-4.558665,53.363349],[-4.563629,53.330064],[-4.563222,53.308254],[-4.565256,53.293036],[-4.571034,53.282945],[-4.571034,53.275458],[-4.55309,53.261949],[-4.519887,53.222846],[-4.499623,53.211249],[-4.496327,53.203803],[-4.495107,53.196479],[-4.495351,53.193549],[-4.4947,53.190863],[-4.496002,53.182563],[-4.495351,53.179877],[-4.492502,53.179348],[-4.484486,53.180609],[-4.481679,53.179877],[-4.448557,53.162543],[-4.447581,53.15941],[-4.432851,53.162909],[-4.410878,53.182196],[-4.395741,53.186713],[-4.385121,53.18244],[-4.39037,53.173082],[-4.401926,53.163723],[-4.409739,53.15941],[-4.411977,53.155585],[-4.413686,53.147121],[-4.414296,53.137844],[-4.412831,53.132066],[-4.406606,53.130601],[-4.398671,53.132758],[-4.39269,53.136054],[-4.392405,53.138332],[-4.366689,53.131415],[-4.35436,53.12995],[-4.343861,53.132066],[-4.280141,53.154975],[-4.264556,53.166938],[-4.22936,53.182196],[-4.225006,53.18122],[-4.222035,53.182115],[-4.221018,53.190131],[-4.221018,53.197455],[-4.220367,53.201483],[-4.218495,53.204047],[-4.214833,53.207221],[-4.195546,53.220282],[-4.171986,53.231391],[-4.146718,53.239081],[-4.121978,53.241929],[-4.098053,53.250149],[-4.063385,53.289293],[-4.042877,53.302802],[-4.055043,53.308539],[-4.068918,53.31037],[-4.098134,53.309638]]}},{"type":"Feature","properties":{"featurecla":"Coastline","scalerank":6,"min_zoom":3},"bbox":[-4.790151,54.056952,-4.31192,54.419013],"geometry":{"type":"LineString","coordinates":[[-4.612131,54.056952],[-4.598948,54.083889],[-4.590932,54.091051],[-4.579579,54.094428],[-4.563832,54.096829],[-4.549794,54.100653],[-4.543772,54.108466],[-4.529286,54.119086],[-4.474599,54.140815],[-4.475494,54.153144],[-4.446889,54.169135],[-4.412587,54.18008],[-4.390777,54.194729],[-4.399159,54.222073],[-4.371816,54.231269],[-4.365631,54.235053],[-4.359771,54.242255],[-4.35436,54.251532],[-4.348256,54.259508],[-4.34081,54.263007],[-4.326731,54.280341],[-4.320953,54.283515],[-4.31192,54.287177],[-4.313222,54.2956],[-4.319407,54.304592],[-4.324696,54.310207],[-4.332183,54.313422],[-4.350494,54.314765],[-4.358225,54.317613],[-4.363759,54.324286],[-4.370229,54.340888],[-4.3756,54.348334],[-4.377553,54.361884],[-4.357086,54.3994],[-4.351308,54.413804],[-4.367787,54.419013],[-4.385732,54.415717],[-4.404449,54.409654],[-4.442006,54.404364],[-4.495351,54.385891],[-4.530995,54.366116],[-4.554596,54.339179],[-4.598378,54.276597],[-4.612457,54.265448],[-4.643056,54.249416],[-4.663971,54.233547],[-4.68814,54.223782],[-4.710276,54.220649],[-4.71227,54.21662],[-4.71109,54.209906],[-4.714467,54.200344],[-4.723785,54.185452],[-4.727651,54.172593],[-4.728139,54.142564],[-4.737172,54.124905],[-4.770863,54.096829],[-4.769683,54.07746],[-4.777089,54.076239],[-4.781321,54.074774],[-4.78482,54.073065],[-4.790151,54.071234],[-4.790151,54.063788],[-4.766225,54.059231],[-4.745595,54.067369],[-4.725982,54.079006],[-4.704498,54.084866],[-4.689687,54.081529],[-4.67101,54.067043],[-4.656402,54.063788],[-4.643219,54.066596],[-4.631256,54.070624],[-4.620758,54.069648],[-4.612131,54.056952]]}},{"type":"Feature","properties":{"featurecla":"Coastline","scalerank":6,"min_zoom":6},"bbox":[-8.565826,54.967515,-8.483957,55.016588],"geometry":{"type":"LineString","coordinates":[[-8.524892,55.009711],[-8.530385,55.01435],[-8.536366,55.016588],[-8.543528,55.015326],[-8.552235,55.009711],[-8.550526,55.008002],[-8.547434,55.005357],[-8.5454,55.002875],[-8.550933,55.001532],[-8.565826,54.995429],[-8.563588,54.987738],[-8.562734,54.986396],[-8.563385,54.986151],[-8.565826,54.981757],[-8.565826,54.975531],[-8.549306,54.968411],[-8.527415,54.967515],[-8.483957,54.975531],[-8.488189,54.991767],[-8.496571,55.000678],[-8.509023,55.005561],[-8.524892,55.009711]]}},{"type":"Feature","properties":{"featurecla":"Coastline","scalerank":6,"min_zoom":6},"bbox":[-6.283559,55.262926,-6.171864,55.311347],"geometry":{"type":"LineString","coordinates":[[-6.236399,55.311347],[-6.249623,55.310289],[-6.261464,55.307522],[-6.272532,55.303046],[-6.283559,55.297065],[-6.26061,55.295071],[-6.235829,55.296698],[-6.21109,55.295315],[-6.187978,55.284003],[-6.191762,55.279364],[-6.19286,55.275784],[-6.193267,55.270982],[-6.194814,55.262926],[-6.187571,55.269355],[-6.17809,55.280585],[-6.171864,55.293199],[-6.174306,55.3039],[-6.184804,55.30683],[-6.236399,55.311347]]}},{"type":"Feature","properties":{"featurecla":"Coastline","scalerank":6,"min_zoom":3},"bbox":[-5.397857,55.434882,-5.07079,55.723822],"geometry":{"type":"LineString","coordinates":[[-5.07079,55.509345],[-5.111562,55.519924],[-5.11974,55.523627],[-5.125234,55.536933],[-5.116038,55.540432],[-5.101674,55.540717],[-5.091868,55.544135],[-5.094228,55.566555],[-5.137441,55.592027],[-5.125966,55.605536],[-5.145985,55.654975],[-5.159983,55.676215],[-5.180653,55.694892],[-5.198313,55.704332],[-5.263173,55.722846],[-5.271352,55.723822],[-5.297353,55.722846],[-5.295155,55.719428],[-5.292592,55.711982],[-5.290517,55.708564],[-5.32433,55.705024],[-5.355214,55.689602],[-5.379384,55.668118],[-5.392893,55.646552],[-5.397857,55.614203],[-5.389068,55.590237],[-5.370432,55.570258],[-5.345693,55.550279],[-5.350413,55.545478],[-5.352284,55.542304],[-5.354237,55.539781],[-5.359364,55.537299],[-5.359364,55.530463],[-5.355336,55.522895],[-5.346181,55.496039],[-5.345693,55.489447],[-5.345693,55.482652],[-5.304677,55.462144],[-5.263092,55.447211],[-5.217356,55.437974],[-5.163564,55.434882],[-5.117787,55.439765],[-5.09203,55.446112],[-5.078236,55.455308],[-5.0808,55.471666],[-5.091054,55.487291],[-5.093007,55.500434],[-5.07079,55.509345]]}},{"type":"Feature","properties":{"featurecla":"Coastline","scalerank":6,"min_zoom":5},"bbox":[-5.200795,55.722846,-5.009389,55.920844],"geometry":{"type":"LineString","coordinates":[[-5.029775,55.749498],[-5.019195,55.76317],[-5.012766,55.768378],[-5.011464,55.774482],[-5.02184,55.805609],[-5.02892,55.819281],[-5.038075,55.832424],[-5.050282,55.845771],[-5.058827,55.850165],[-5.068023,55.852118],[-5.075185,55.85692],[-5.080922,55.879584],[-5.087636,55.882636],[-5.096506,55.883531],[-5.10554,55.886705],[-5.135976,55.905951],[-5.1669,55.920844],[-5.199534,55.911078],[-5.200795,55.895494],[-5.188588,55.878119],[-5.180653,55.862779],[-5.174224,55.855373],[-5.139638,55.841986],[-5.137563,55.829047],[-5.125966,55.801011],[-5.11559,55.784369],[-5.050282,55.749498],[-5.038482,55.731879],[-5.028798,55.723334],[-5.016184,55.722846],[-5.009389,55.729315],[-5.011342,55.737698],[-5.019032,55.745307],[-5.029775,55.749498]]}},{"type":"Feature","properties":{"featurecla":"Coastline","scalerank":6,"min_zoom":3},"bbox":[-6.503896,55.578437,-6.023508,55.941352],"geometry":{"type":"LineString","coordinates":[[-6.030385,55.729071],[-6.04662,55.733547],[-6.053212,55.737291],[-6.058258,55.742743],[-6.056874,55.748847],[-6.052317,55.758043],[-6.049794,55.766343],[-6.054555,55.770006],[-6.063954,55.773383],[-6.079091,55.78148],[-6.093088,55.791693],[-6.099233,55.801011],[-6.102366,55.831244],[-6.115956,55.886786],[-6.120229,55.929429],[-6.123687,55.935492],[-6.130116,55.939399],[-6.140126,55.941352],[-6.149078,55.935207],[-6.162221,55.928453],[-6.177154,55.923082],[-6.191396,55.920844],[-6.204254,55.916571],[-6.229075,55.897284],[-6.264801,55.885403],[-6.296986,55.867174],[-6.31843,55.844916],[-6.310902,55.825263],[-6.310902,55.818427],[-6.323232,55.820502],[-6.330719,55.827826],[-6.338206,55.845771],[-6.338206,55.851996],[-6.325917,55.880357],[-6.318349,55.886705],[-6.33137,55.88996],[-6.342641,55.884914],[-6.354482,55.877427],[-6.409088,55.863593],[-6.445221,55.848822],[-6.452789,55.840888],[-6.455474,55.828355],[-6.456654,55.812649],[-6.460805,55.803209],[-6.469065,55.796942],[-6.482167,55.790473],[-6.448638,55.776842],[-6.493235,55.739244],[-6.503896,55.722846],[-6.498606,55.721137],[-6.4947,55.717231],[-6.489654,55.715399],[-6.502431,55.697659],[-6.503529,55.681342],[-6.490956,55.67182],[-6.462961,55.674465],[-6.450307,55.682563],[-6.418568,55.709621],[-6.386586,55.722317],[-6.372548,55.738715],[-6.349029,55.773424],[-6.328725,55.783149],[-6.300445,55.785793],[-6.271799,55.783026],[-6.249989,55.776842],[-6.295522,55.751899],[-6.320953,55.733466],[-6.325185,55.715399],[-6.316762,55.715074],[-6.277089,55.704006],[-6.264801,55.695502],[-6.243235,55.660142],[-6.297475,55.642483],[-6.319244,55.628241],[-6.325185,55.605536],[-6.311187,55.583238],[-6.287343,55.578437],[-6.261871,55.583808],[-6.236562,55.595608],[-6.226959,55.601752],[-6.222768,55.605536],[-6.215321,55.626654],[-6.202545,55.630561],[-6.160024,55.626654],[-6.131907,55.631822],[-6.105458,55.640204],[-6.082428,55.652086],[-6.064443,55.667629],[-6.058258,55.660142],[-6.053619,55.668362],[-6.045725,55.674262],[-6.03539,55.678453],[-6.023508,55.681871],[-6.023508,55.688137],[-6.029286,55.696234],[-6.032338,55.706366],[-6.032786,55.717678],[-6.030385,55.729071]]}},{"type":"Feature","properties":{"featurecla":"Coastline","scalerank":6,"min_zoom":6},"bbox":[-6.269887,56.030829,-6.133372,56.124945],"geometry":{"type":"LineString","coordinates":[[-6.205719,56.102729],[-6.211741,56.096991],[-6.232655,56.08161],[-6.241689,56.069485],[-6.246816,56.056138],[-6.254303,56.044623],[-6.269887,56.037543],[-6.249176,56.031317],[-6.221669,56.030829],[-6.194325,56.035305],[-6.174306,56.043769],[-6.177154,56.061469],[-6.165639,56.081488],[-6.133372,56.112616],[-6.13801,56.124701],[-6.149403,56.124945],[-6.164947,56.120795],[-6.181793,56.119452],[-6.179026,56.112942],[-6.177398,56.110256],[-6.174306,56.106431],[-6.182607,56.102607],[-6.198232,56.106269],[-6.205719,56.102729]]}},{"type":"Feature","properties":{"featurecla":"Coastline","scalerank":6,"min_zoom":3},"bbox":[-6.086903,55.794623,-5.687978,56.153144],"geometry":{"type":"LineString","coordinates":[[-5.797597,56.112616],[-5.873687,56.070136],[-5.903961,56.064846],[-5.924428,56.055976],[-5.95519,56.034735],[-5.983266,56.008857],[-5.995595,55.986029],[-5.980702,55.969916],[-5.946848,55.970649],[-5.910024,55.976508],[-5.886342,55.976142],[-5.919057,55.960395],[-5.997426,55.951728],[-6.026967,55.937934],[-6.043121,55.927965],[-6.06017,55.922919],[-6.075185,55.915961],[-6.08495,55.900336],[-6.086903,55.882961],[-6.078114,55.834906],[-6.062408,55.809475],[-6.026601,55.796088],[-5.987538,55.794623],[-5.962066,55.804755],[-5.955393,55.820054],[-5.945424,55.858588],[-5.93814,55.866278],[-5.921539,55.871283],[-5.89684,55.888902],[-5.886342,55.886705],[-5.864491,55.926744],[-5.780181,56.020738],[-5.740224,56.076483],[-5.720123,56.088121],[-5.705068,56.103013],[-5.68932,56.111762],[-5.687978,56.124091],[-5.690826,56.137844],[-5.694488,56.147406],[-5.715932,56.153144],[-5.74649,56.14175],[-5.797597,56.112616]]}},{"type":"Feature","properties":{"featurecla":"Coastline","scalerank":6,"min_zoom":6},"bbox":[-5.749135,56.161078,-5.673655,56.202053],"geometry":{"type":"LineString","coordinates":[[-5.688303,56.202053],[-5.722239,56.187079],[-5.738352,56.177476],[-5.749135,56.161078],[-5.725209,56.162828],[-5.694203,56.168606],[-5.673655,56.178941],[-5.680898,56.194566],[-5.688303,56.202053]]}},{"type":"Feature","properties":{"featurecla":"Coastline","scalerank":6,"min_zoom":6},"bbox":[-5.666656,56.189276,-5.610585,56.263495],"geometry":{"type":"LineString","coordinates":[[-5.633127,56.263495],[-5.645334,56.255927],[-5.656402,56.232001],[-5.666656,56.22248],[-5.647572,56.19538],[-5.637441,56.189276],[-5.628163,56.220526],[-5.618153,56.235053],[-5.610585,56.249416],[-5.61262,56.263495],[-5.618031,56.258124],[-5.622955,56.257636],[-5.627838,56.259996],[-5.633127,56.263495]]}},{"type":"Feature","properties":{"featurecla":"Coastline","scalerank":6,"min_zoom":6},"bbox":[-5.646718,56.276068,-5.584625,56.325588],"geometry":{"type":"LineString","coordinates":[[-5.633127,56.318752],[-5.646718,56.298774],[-5.640289,56.282782],[-5.621693,56.276068],[-5.598988,56.283922],[-5.605336,56.296942],[-5.599965,56.305487],[-5.590443,56.313625],[-5.584625,56.325588],[-5.59789,56.321845],[-5.620758,56.324205],[-5.633127,56.318752]]}},{"type":"Feature","properties":{"featurecla":"Coastline","scalerank":6,"min_zoom":6},"bbox":[-5.584625,56.386461,-5.502756,56.421129],"geometry":{"type":"LineString","coordinates":[[-5.557973,56.414293],[-5.573964,56.402899],[-5.579823,56.39643],[-5.584625,56.38703],[-5.557973,56.386461],[-5.536204,56.392239],[-5.518056,56.403876],[-5.502756,56.421129],[-5.512359,56.415432],[-5.526519,56.41356],[-5.557973,56.414293]]}},{"type":"Feature","properties":{"featurecla":"Coastline","scalerank":6,"min_zoom":6},"bbox":[-6.263661,56.467841,-6.160024,56.503648],"geometry":{"type":"LineString","coordinates":[[-6.160024,56.46955],[-6.170562,56.481147],[-6.200754,56.49494],[-6.215321,56.503648],[-6.229604,56.503323],[-6.242055,56.499579],[-6.253245,56.492865],[-6.263661,56.483222],[-6.237457,56.470038],[-6.212473,56.467841],[-6.160024,56.46955]]}},{"type":"Feature","properties":{"featurecla":"Coastline","scalerank":6,"min_zoom":4},"bbox":[-6.989898,56.443752,-6.729237,56.54857],"geometry":{"type":"LineString","coordinates":[[-6.818593,56.537828],[-6.841135,56.534735],[-6.878082,56.521308],[-6.900502,56.516669],[-6.968129,56.510484],[-6.989898,56.503648],[-6.979726,56.487128],[-6.973988,56.471503],[-6.965199,56.459866],[-6.902455,56.443752],[-6.881581,56.444281],[-6.887522,56.462104],[-6.869293,56.479641],[-6.847727,56.484809],[-6.82551,56.487291],[-6.805572,56.496894],[-6.803822,56.513617],[-6.743316,56.517808],[-6.729237,56.530341],[-6.741851,56.547838],[-6.767201,56.54857],[-6.818593,56.537828]]}},{"type":"Feature","properties":{"featurecla":"Coastline","scalerank":5,"min_zoom":2},"bbox":[-6.366119,56.263495,-5.648427,56.653876],"geometry":{"type":"LineString","coordinates":[[-5.688303,56.434801],[-5.670033,56.433092],[-5.661855,56.431383],[-5.653554,56.427965],[-5.648427,56.44774],[-5.658844,56.451728],[-5.673451,56.449693],[-5.680898,56.45185],[-5.685536,56.464057],[-5.696767,56.475653],[-5.710357,56.484849],[-5.721832,56.490058],[-5.728424,56.49018],[-5.746938,56.48843],[-5.756663,56.490058],[-5.765207,56.494208],[-5.787343,56.513617],[-5.794342,56.516669],[-5.804189,56.517768],[-5.814036,56.516669],[-5.829457,56.51081],[-5.836903,56.514635],[-5.844146,56.520575],[-5.852203,56.524156],[-5.952138,56.524156],[-5.962554,56.526109],[-5.965159,56.531073],[-5.965199,56.537665],[-5.968251,56.544664],[-6.008778,56.5987],[-6.033518,56.618842],[-6.064443,56.620347],[-6.062652,56.624823],[-6.059926,56.635688],[-6.058258,56.640204],[-6.105336,56.648505],[-6.119049,56.653876],[-6.151275,56.651801],[-6.190745,56.644924],[-6.220286,56.63227],[-6.222768,56.612942],[-6.230214,56.608588],[-6.238637,56.608588],[-6.247426,56.612616],[-6.256256,56.620347],[-6.272125,56.612209],[-6.288442,56.607978],[-6.325185,56.606106],[-6.319203,56.59398],[-6.298695,56.581244],[-6.290395,56.571967],[-6.338206,56.552069],[-6.32433,56.544257],[-6.307729,56.537299],[-6.288482,56.532294],[-6.194936,56.523342],[-6.174306,56.516669],[-6.162099,56.509223],[-6.153066,56.500067],[-6.13679,56.479438],[-6.127431,56.474351],[-6.118479,56.476264],[-6.109975,56.480699],[-6.102366,56.483222],[-6.081125,56.485053],[-6.016672,56.503648],[-6.007476,56.497626],[-6.003285,56.489407],[-6.004018,56.479682],[-6.009836,56.46955],[-6.02184,56.464097],[-6.081532,56.448432],[-6.116933,56.450385],[-6.126536,56.448432],[-6.135121,56.442328],[-6.139638,56.435248],[-6.142649,56.427965],[-6.157216,56.407375],[-6.164784,56.402533],[-6.178049,56.400621],[-6.189198,56.397773],[-6.198842,56.390326],[-6.203236,56.380316],[-6.198557,56.369615],[-6.178944,56.359931],[-6.154042,56.358954],[-6.105458,56.365912],[-6.046946,56.383979],[-6.026967,56.38703],[-6.020823,56.382025],[-6.039906,56.371039],[-6.08495,56.352851],[-6.15392,56.344794],[-6.170888,56.335761],[-6.186635,56.331244],[-6.23176,56.3369],[-6.249989,56.332343],[-6.244537,56.330268],[-6.241119,56.328274],[-6.236806,56.326606],[-6.228912,56.325588],[-6.228912,56.318752],[-6.247222,56.311672],[-6.26122,56.320299],[-6.274526,56.334866],[-6.290395,56.345404],[-6.310292,56.347357],[-6.335439,56.34455],[-6.357004,56.33633],[-6.366119,56.32217],[-6.360178,56.303616],[-6.345611,56.288316],[-6.327504,56.277248],[-6.300038,56.268012],[-6.279286,56.264106],[-6.266835,56.263495],[-6.256459,56.266669],[-6.250356,56.273749],[-6.245758,56.280748],[-6.239817,56.283922],[-6.146962,56.283922],[-6.136301,56.286933],[-6.112538,56.29621],[-6.102366,56.298245],[-6.090932,56.295722],[-6.078521,56.291083],[-6.065989,56.289211],[-6.054555,56.294501],[-6.037465,56.305243],[-5.957875,56.32807],[-5.924184,56.332343],[-5.914784,56.335517],[-5.907786,56.342597],[-5.902333,56.349677],[-5.897206,56.352851],[-5.87267,56.357733],[-5.860422,56.358344],[-5.852203,56.352851],[-5.853505,56.343695],[-5.862701,56.33515],[-5.873687,56.328559],[-5.880116,56.325588],[-5.848215,56.313625],[-5.808705,56.318915],[-5.71996,56.352769],[-5.702707,56.364569],[-5.695953,56.375434],[-5.712229,56.380194],[-5.749989,56.377143],[-5.767974,56.372748],[-5.783925,56.365912],[-5.783925,56.373358],[-5.751088,56.38939],[-5.739084,56.40119],[-5.74234,56.414293],[-5.73469,56.414781],[-5.727895,56.414293],[-5.721669,56.41234],[-5.715647,56.408108],[-5.717437,56.397366],[-5.703033,56.393378],[-5.670318,56.393785],[-5.657623,56.400092],[-5.664947,56.413886],[-5.679555,56.427965],[-5.688303,56.434801]]}},{"type":"Feature","properties":{"featurecla":"Coastline","scalerank":5,"min_zoom":4},"bbox":[-6.701894,56.558254,-6.452545,56.69123],"geometry":{"type":"LineString","coordinates":[[-6.459218,56.678127],[-6.452545,56.688422],[-6.46231,56.69123],[-6.489654,56.688666],[-6.505849,56.68537],[-6.535634,56.670844],[-6.559234,56.665269],[-6.591379,56.651842],[-6.602895,56.643622],[-6.648101,56.602851],[-6.674469,56.588446],[-6.701894,56.585639],[-6.696278,56.575995],[-6.686838,56.563788],[-6.677887,56.558254],[-6.67398,56.568549],[-6.668935,56.577786],[-6.657216,56.577826],[-6.633046,56.571967],[-6.616322,56.575181],[-6.564117,56.5987],[-6.527252,56.626532],[-6.514272,56.627427],[-6.504954,56.630072],[-6.497222,56.634345],[-6.489654,56.640204],[-6.482533,56.647895],[-6.468739,56.668158],[-6.459218,56.678127]]}},{"type":"Feature","properties":{"featurecla":"Coastline","scalerank":5,"min_zoom":4},"bbox":[-7.556752,56.941881,-7.373525,57.05858],"geometry":{"type":"LineString","coordinates":[[-7.393951,57.010199],[-7.402821,57.014635],[-7.434967,57.02383],[-7.428782,57.027737],[-7.414418,57.044908],[-7.418691,57.048041],[-7.422963,57.050116],[-7.428131,57.051337],[-7.434967,57.051744],[-7.441396,57.057196],[-7.444692,57.058539],[-7.449208,57.05858],[-7.457102,57.031562],[-7.475697,57.023017],[-7.499908,57.020087],[-7.524322,57.010199],[-7.514027,57.002916],[-7.511586,56.991645],[-7.51651,56.981187],[-7.528066,56.97663],[-7.544911,56.972317],[-7.556223,56.962633],[-7.556752,56.95307],[-7.541412,56.948717],[-7.476552,56.941881],[-7.460805,56.943183],[-7.445302,56.947089],[-7.436838,56.953681],[-7.442372,56.962958],[-7.435048,56.965277],[-7.427235,56.968573],[-7.419179,56.973334],[-7.411041,56.979722],[-7.402415,56.983385],[-7.373525,56.982856],[-7.381988,56.987535],[-7.386098,56.995307],[-7.389068,57.003607],[-7.393951,57.010199]]}},{"type":"Feature","properties":{"featurecla":"Coastline","scalerank":5,"min_zoom":4},"bbox":[-6.455474,56.941881,-6.243235,57.05858],"geometry":{"type":"LineString","coordinates":[[-6.325185,57.05858],[-6.364247,57.05565],[-6.395253,57.041938],[-6.455474,57.003974],[-6.436757,56.998481],[-6.405385,56.980536],[-6.390289,56.97663],[-6.376129,56.971177],[-6.359771,56.947333],[-6.341868,56.941881],[-6.303619,56.943996],[-6.276031,56.953111],[-6.256744,56.973782],[-6.243235,57.010199],[-6.269887,57.010199],[-6.269887,57.017564],[-6.250966,57.026557],[-6.272939,57.040229],[-6.325185,57.05858]]}},{"type":"Feature","properties":{"featurecla":"Coastline","scalerank":6,"min_zoom":6},"bbox":[-6.606353,57.047593,-6.489654,57.072821],"geometry":{"type":"LineString","coordinates":[[-6.606353,57.051744],[-6.580434,57.048407],[-6.548248,57.047593],[-6.51594,57.050686],[-6.489654,57.05858],[-6.501536,57.063666],[-6.525868,57.067125],[-6.537465,57.072821],[-6.556304,57.070136],[-6.59081,57.058987],[-6.606353,57.051744]]}},{"type":"Feature","properties":{"featurecla":"Coastline","scalerank":6,"min_zoom":6},"bbox":[-6.013905,57.284491,-5.925445,57.325507],"geometry":{"type":"LineString","coordinates":[[-5.958608,57.284491],[-5.925445,57.291693],[-5.929351,57.307196],[-5.955719,57.321601],[-5.98998,57.325507],[-6.013905,57.31745],[-6.007802,57.303616],[-5.984853,57.290432],[-5.958608,57.284491]]}},{"type":"Feature","properties":{"featurecla":"Coastline","scalerank":5,"min_zoom":3},"bbox":[-7.455434,57.099555,-7.195424,57.408026],"geometry":{"type":"LineString","coordinates":[[-7.243764,57.325507],[-7.259389,57.32803],[-7.290273,57.328315],[-7.305287,57.332343],[-7.317942,57.344468],[-7.322011,57.346584],[-7.346181,57.352769],[-7.354156,57.353746],[-7.363189,57.353217],[-7.370473,57.355129],[-7.373525,57.363593],[-7.375722,57.368109],[-7.381093,57.373033],[-7.387766,57.377509],[-7.393951,57.380764],[-7.371083,57.3876],[-7.351389,57.376695],[-7.331614,57.360907],[-7.290151,57.347398],[-7.271799,57.33747],[-7.250356,57.331855],[-7.222646,57.339789],[-7.222646,57.346584],[-7.244862,57.348456],[-7.276357,57.364732],[-7.298411,57.367092],[-7.298411,57.373928],[-7.279124,57.36994],[-7.272084,57.370266],[-7.26358,57.373928],[-7.353017,57.408026],[-7.362864,57.407864],[-7.408437,57.395575],[-7.428131,57.3876],[-7.401519,57.342353],[-7.389719,57.311957],[-7.397084,57.298163],[-7.409983,57.295966],[-7.414947,57.290107],[-7.417307,57.28144],[-7.421946,57.270901],[-7.434967,57.251899],[-7.442738,57.244778],[-7.455434,57.236721],[-7.442291,57.234605],[-7.431467,57.229438],[-7.414418,57.216254],[-7.414418,57.209418],[-7.4204,57.19774],[-7.416656,57.181586],[-7.390696,57.129055],[-7.381988,57.118354],[-7.353017,57.099555],[-7.321685,57.109931],[-7.239125,57.100531],[-7.215891,57.113837],[-7.215891,57.120063],[-7.235951,57.121161],[-7.248402,57.129462],[-7.259999,57.140041],[-7.277252,57.147935],[-7.29247,57.148871],[-7.32844,57.146186],[-7.346181,57.147935],[-7.346181,57.154771],[-7.307607,57.155829],[-7.288442,57.153998],[-7.271067,57.147935],[-7.259918,57.159817],[-7.257721,57.179755],[-7.262196,57.200873],[-7.271067,57.216254],[-7.288808,57.225898],[-7.353017,57.236721],[-7.353017,57.242906],[-7.276112,57.231757],[-7.256744,57.236721],[-7.249582,57.244696],[-7.239166,57.265286],[-7.233225,57.274319],[-7.221425,57.282131],[-7.209706,57.285468],[-7.200347,57.290961],[-7.195424,57.305609],[-7.211822,57.304877],[-7.222646,57.310614],[-7.232004,57.318793],[-7.243764,57.325507]]}},{"type":"Feature","properties":{"featurecla":"Coastline","scalerank":6,"min_zoom":5},"bbox":[-7.407623,57.404731,-7.202138,57.489936],"geometry":{"type":"LineString","coordinates":[[-7.26358,57.4831],[-7.274729,57.482245],[-7.284495,57.482856],[-7.29247,57.485297],[-7.298411,57.489936],[-7.309804,57.484117],[-7.322133,57.482896],[-7.334462,57.485093],[-7.346181,57.489936],[-7.369618,57.489325],[-7.389272,57.479885],[-7.402699,57.464342],[-7.407623,57.445624],[-7.396148,57.433987],[-7.318267,57.408026],[-7.292063,57.404731],[-7.205434,57.418606],[-7.204091,57.425442],[-7.212026,57.432196],[-7.22643,57.435289],[-7.249664,57.435248],[-7.258209,57.439114],[-7.26358,57.448961],[-7.2447,57.449652],[-7.222035,57.460924],[-7.208404,57.456448],[-7.202138,57.462633],[-7.229482,57.474555],[-7.236318,57.476264],[-7.245758,57.475165],[-7.254262,57.472846],[-7.262522,57.472113],[-7.271067,57.476264],[-7.266998,57.478176],[-7.265736,57.478013],[-7.265289,57.478746],[-7.26358,57.4831]]}},{"type":"Feature","properties":{"featurecla":"Coastline","scalerank":6,"min_zoom":5},"bbox":[-6.077138,57.326402,-5.982533,57.511054],"geometry":{"type":"LineString","coordinates":[[-6.064443,57.346584],[-6.067616,57.342475],[-6.069244,57.339545],[-6.071929,57.332343],[-6.054799,57.326402],[-6.038686,57.329779],[-6.022857,57.336249],[-6.006459,57.339789],[-5.989491,57.347317],[-5.995107,57.363715],[-6.008901,57.380194],[-6.016672,57.3876],[-6.017649,57.418199],[-6.003041,57.452826],[-5.986724,57.482245],[-5.982533,57.497463],[-5.987213,57.502875],[-5.993316,57.507025],[-6.000885,57.509711],[-6.009836,57.511054],[-5.995595,57.497463],[-5.995595,57.489936],[-6.015859,57.496772],[-6.025868,57.496243],[-6.037099,57.489936],[-6.029042,57.479397],[-6.02359,57.474189],[-6.016672,57.469428],[-6.016672,57.462633],[-6.045522,57.460639],[-6.061635,57.452704],[-6.069081,57.436103],[-6.077138,57.371772],[-6.075429,57.355048],[-6.064443,57.346584]]}},{"type":"Feature","properties":{"featurecla":"Coastline","scalerank":6,"min_zoom":6},"bbox":[-5.98998,57.51789,-5.95519,57.577297],"geometry":{"type":"LineString","coordinates":[[-5.968251,57.51789],[-5.968007,57.533922],[-5.95519,57.572496],[-5.961903,57.577297],[-5.968658,57.576565],[-5.975697,57.572333],[-5.982533,57.566311],[-5.980377,57.562445],[-5.980092,57.561469],[-5.975697,57.558824],[-5.987294,57.546291],[-5.98998,57.532945],[-5.983713,57.522366],[-5.968251,57.51789]]}},{"type":"Feature","properties":{"featurecla":"Coastline","scalerank":5,"min_zoom":3},"bbox":[-7.54483,57.503607,-7.065053,57.688544],"geometry":{"type":"LineString","coordinates":[[-7.129384,57.652899],[-7.142568,57.658108],[-7.172841,57.649563],[-7.189117,57.655097],[-7.171539,57.661526],[-7.165395,57.669867],[-7.169179,57.679185],[-7.181711,57.688544],[-7.209055,57.686021],[-7.255971,57.666938],[-7.277252,57.661933],[-7.263417,57.655992],[-7.256744,57.655097],[-7.256744,57.648261],[-7.277903,57.649563],[-7.332509,57.661933],[-7.322865,57.67475],[-7.318186,57.67886],[-7.312082,57.682359],[-7.312082,57.688544],[-7.335357,57.676093],[-7.366851,57.651435],[-7.396555,57.635321],[-7.414418,57.648261],[-7.394928,57.654446],[-7.387115,57.655097],[-7.387115,57.661933],[-7.455312,57.655463],[-7.476552,57.661933],[-7.493031,57.645413],[-7.506581,57.625556],[-7.522206,57.608385],[-7.54483,57.599799],[-7.54483,57.592963],[-7.49942,57.575019],[-7.483266,57.571479],[-7.470855,57.567206],[-7.46288,57.566311],[-7.455922,57.568427],[-7.449208,57.572903],[-7.442372,57.579291],[-7.41161,57.575141],[-7.351226,57.553697],[-7.318267,57.552069],[-7.337554,57.545071],[-7.346181,57.544582],[-7.338124,57.53974],[-7.333485,57.534329],[-7.329986,57.528876],[-7.318471,57.517035],[-7.314687,57.514594],[-7.305287,57.511054],[-7.287465,57.508775],[-7.252512,57.510321],[-7.236318,57.503607],[-7.219838,57.51081],[-7.199208,57.512681],[-7.157541,57.511054],[-7.137278,57.532131],[-7.133901,57.538398],[-7.137685,57.545111],[-7.144154,57.548529],[-7.161204,57.552069],[-7.181304,57.5539],[-7.240061,57.544582],[-7.312082,57.544582],[-7.312082,57.552069],[-7.269887,57.570543],[-7.256744,57.572496],[-7.252065,57.569281],[-7.243276,57.556098],[-7.236318,57.552069],[-7.230214,57.552395],[-7.215728,57.557359],[-7.208404,57.558824],[-7.149973,57.561713],[-7.1256,57.571112],[-7.106028,57.592963],[-7.138051,57.586982],[-7.154286,57.587348],[-7.161204,57.596381],[-7.164418,57.609931],[-7.173248,57.614651],[-7.202138,57.613471],[-7.202138,57.620917],[-7.196156,57.627183],[-7.197255,57.631252],[-7.204254,57.633368],[-7.215891,57.633979],[-7.215891,57.641425],[-7.171132,57.641425],[-7.148427,57.62934],[-7.137318,57.627143],[-7.130767,57.623481],[-7.123118,57.615709],[-7.113108,57.60871],[-7.099192,57.607327],[-7.092356,57.611518],[-7.075429,57.628363],[-7.065053,57.633979],[-7.074086,57.646389],[-7.0926,57.652086],[-7.114573,57.65233],[-7.129384,57.652899]]}},{"type":"Feature","properties":{"featurecla":"Coastline","scalerank":5,"min_zoom":2},"bbox":[-6.783844,57.028388,-5.647369,57.702826],"geometry":{"type":"LineString","coordinates":[[-6.564117,57.346584],[-6.562123,57.357856],[-6.57315,57.376125],[-6.571523,57.3876],[-6.562123,57.395453],[-6.550404,57.398017],[-6.53893,57.40233],[-6.530629,57.415473],[-6.52123,57.407864],[-6.517649,57.398871],[-6.518707,57.389553],[-6.523793,57.380764],[-6.51061,57.385565],[-6.490834,57.398993],[-6.475942,57.40119],[-6.480824,57.390082],[-6.478871,57.381903],[-6.472157,57.376532],[-6.462961,57.373928],[-6.46581,57.370022],[-6.468739,57.368557],[-6.475942,57.367092],[-6.456614,57.361151],[-6.448638,57.360256],[-6.448638,57.352769],[-6.462961,57.346584],[-6.450551,57.346503],[-6.428822,57.351508],[-6.417633,57.352769],[-6.406158,57.351549],[-6.399526,57.348456],[-6.386586,57.339789],[-6.323883,57.311428],[-6.310902,57.298163],[-6.337636,57.3015],[-6.35851,57.311835],[-6.376332,57.323798],[-6.394032,57.332343],[-6.416412,57.33454],[-6.436187,57.329739],[-6.482167,57.311835],[-6.479156,57.304755],[-6.475575,57.301418],[-6.471181,57.299018],[-6.466054,57.294745],[-6.462961,57.290432],[-6.457997,57.280992],[-6.455474,57.277655],[-6.408193,57.243354],[-6.391428,57.240546],[-6.345611,57.242906],[-6.351715,57.234809],[-6.359486,57.229438],[-6.368886,57.225775],[-6.379791,57.22309],[-6.364735,57.204535],[-6.345611,57.1883],[-6.329986,57.195014],[-6.3131,57.199897],[-6.295318,57.202379],[-6.276723,57.201972],[-6.276723,57.195746],[-6.306996,57.173896],[-6.318349,57.168443],[-6.318349,57.161038],[-6.177154,57.18122],[-6.15982,57.187649],[-6.174306,57.195746],[-6.174306,57.201972],[-6.164459,57.201361],[-6.155588,57.198879],[-6.14745,57.194525],[-6.140126,57.1883],[-6.132069,57.193183],[-6.126454,57.195217],[-6.120961,57.193793],[-6.112904,57.1883],[-6.111195,57.173285],[-6.107167,57.153022],[-6.10143,57.135199],[-6.088612,57.127427],[-6.073842,57.131781],[-6.064605,57.14175],[-6.056264,57.152899],[-6.044016,57.161038],[-6.050852,57.168443],[-6.040842,57.17414],[-6.034088,57.181098],[-6.023508,57.195746],[-6.03539,57.211493],[-6.039784,57.219387],[-6.044016,57.229926],[-6.032216,57.226508],[-6.019276,57.217597],[-5.995595,57.195746],[-5.993316,57.190172],[-5.993072,57.183173],[-5.991689,57.177191],[-5.986236,57.174628],[-5.900868,57.175523],[-5.872955,57.179999],[-5.845367,57.1883],[-5.845367,57.181464],[-5.941558,57.154771],[-5.952789,57.14883],[-5.961822,57.142157],[-5.980092,57.123114],[-5.986928,57.118232],[-5.98998,57.113837],[-5.994211,57.10456],[-5.99706,57.101752],[-6.003041,57.099555],[-6.003041,57.092719],[-6.000234,57.08393],[-6.027252,57.062161],[-6.030385,57.044908],[-6.020823,57.031887],[-6.006744,57.028388],[-5.95344,57.034125],[-5.934926,57.041205],[-5.918853,57.050116],[-5.860097,57.095364],[-5.852203,57.102973],[-5.842641,57.107978],[-5.821441,57.114447],[-5.800364,57.123725],[-5.790761,57.137397],[-5.788971,57.159491],[-5.782053,57.166246],[-5.74234,57.168443],[-5.727284,57.172797],[-5.690907,57.189521],[-5.670644,57.204657],[-5.662953,57.212714],[-5.659088,57.22248],[-5.663482,57.233303],[-5.663889,57.239814],[-5.647369,57.264635],[-5.721832,57.264635],[-5.738515,57.277289],[-5.767893,57.277411],[-5.795806,57.271796],[-5.82433,57.256171],[-5.865834,57.257148],[-5.871327,57.253241],[-5.877309,57.246812],[-5.88622,57.242092],[-5.900624,57.242906],[-5.907135,57.248481],[-5.913808,57.25788],[-5.923248,57.266913],[-5.93814,57.270901],[-5.96345,57.269477],[-5.976674,57.270331],[-5.986236,57.274319],[-6.008453,57.28677],[-6.028879,57.285346],[-6.050852,57.279242],[-6.078114,57.277655],[-6.078114,57.284491],[-6.052887,57.291002],[-6.041086,57.300116],[-6.0454,57.308295],[-6.068186,57.311835],[-6.153879,57.305609],[-6.140289,57.312445],[-6.106597,57.323472],[-6.099233,57.332343],[-6.105702,57.339667],[-6.120758,57.347073],[-6.135243,57.357367],[-6.140126,57.373928],[-6.134104,57.380032],[-6.123525,57.388251],[-6.117909,57.397773],[-6.126536,57.408026],[-6.141591,57.410793],[-6.15925,57.407375],[-6.175852,57.400824],[-6.187978,57.394355],[-6.178863,57.403551],[-6.152496,57.417548],[-6.146962,57.425116],[-6.14509,57.438625],[-6.136057,57.46133],[-6.133372,57.476264],[-6.135121,57.490058],[-6.144683,57.520006],[-6.153879,57.589545],[-6.158355,57.597846],[-6.168853,57.607611],[-6.187978,57.620917],[-6.232655,57.641425],[-6.236073,57.646186],[-6.260487,57.668647],[-6.269887,57.675523],[-6.293324,57.686021],[-6.302235,57.692369],[-6.310902,57.702826],[-6.31428,57.699164],[-6.317494,57.697699],[-6.325185,57.69599],[-6.337961,57.699164],[-6.345286,57.692206],[-6.351186,57.680121],[-6.359853,57.668118],[-6.366567,57.664252],[-6.406606,57.650336],[-6.413442,57.649237],[-6.415679,57.645819],[-6.41454,57.633979],[-6.409535,57.627346],[-6.401112,57.621527],[-6.395863,57.613471],[-6.400258,57.599799],[-6.393137,57.595649],[-6.383372,57.592922],[-6.371938,57.591864],[-6.359853,57.592963],[-6.372426,57.572577],[-6.385854,57.562649],[-6.389556,57.552476],[-6.372955,57.531562],[-6.338531,57.509467],[-6.324615,57.496812],[-6.325185,57.4831],[-6.320953,57.479315],[-6.315785,57.472805],[-6.310902,57.469428],[-6.310902,57.462633],[-6.386952,57.517279],[-6.400258,57.520982],[-6.412099,57.50137],[-6.433502,57.486477],[-6.443471,57.488105],[-6.420766,57.51789],[-6.437652,57.517239],[-6.45165,57.513332],[-6.464915,57.512519],[-6.479075,57.520982],[-6.490387,57.53026],[-6.50121,57.535549],[-6.54776,57.549547],[-6.554596,57.552476],[-6.564117,57.558824],[-6.566884,57.56509],[-6.56843,57.574286],[-6.572255,57.582506],[-6.594309,57.590522],[-6.605621,57.599555],[-6.619781,57.607164],[-6.640452,57.607327],[-6.640452,57.599799],[-6.628896,57.591132],[-6.631012,57.576809],[-6.641591,57.561957],[-6.654775,57.552069],[-6.629872,57.548529],[-6.599355,57.537543],[-6.573964,57.521715],[-6.564117,57.503607],[-6.593617,57.510972],[-6.61144,57.512193],[-6.619374,57.50731],[-6.621409,57.503852],[-6.630605,57.501776],[-6.633046,57.497463],[-6.631256,57.493598],[-6.622222,57.486396],[-6.619374,57.4831],[-6.616689,57.480902],[-6.599477,57.469428],[-6.604156,57.46776],[-6.608266,57.464586],[-6.612538,57.462633],[-6.612538,57.456448],[-6.606801,57.443915],[-6.620025,57.445502],[-6.638092,57.453274],[-6.647328,57.45954],[-6.653554,57.468695],[-6.706451,57.510932],[-6.715932,57.514228],[-6.726308,57.51142],[-6.739735,57.500556],[-6.747141,57.487942],[-6.745229,57.475898],[-6.736318,57.465155],[-6.722401,57.456448],[-6.783844,57.456448],[-6.773183,57.434068],[-6.731679,57.416978],[-6.722401,57.390937],[-6.714752,57.376614],[-6.695953,57.364407],[-6.672475,57.355943],[-6.580556,57.338813],[-6.564117,57.346584]]}},{"type":"Feature","properties":{"featurecla":"Coastline","scalerank":6,"min_zoom":6},"bbox":[-7.222646,57.707953,-7.152008,57.737006],"geometry":{"type":"LineString","coordinates":[[-7.222646,57.709662],[-7.198964,57.707953],[-7.170033,57.715155],[-7.152008,57.726304],[-7.161204,57.737006],[-7.180165,57.734687],[-7.222646,57.709662]]}},{"type":"Feature","properties":{"featurecla":"Coastline","scalerank":6,"min_zoom":6},"bbox":[-8.621002,57.804755,-8.552235,57.833197],"geometry":{"type":"LineString","coordinates":[[-8.621002,57.833197],[-8.610707,57.81273],[-8.590891,57.804755],[-8.568959,57.807563],[-8.552235,57.818915],[-8.569081,57.823676],[-8.605295,57.826402],[-8.621002,57.833197]]}},{"type":"Feature","properties":{"featurecla":"Coastline","scalerank":6,"min_zoom":6},"bbox":[-7.079335,57.880316,-6.99706,57.921942],"geometry":{"type":"LineString","coordinates":[[-7.044586,57.902086],[-7.009185,57.889594],[-6.99706,57.893541],[-6.997385,57.915107],[-7.015533,57.921942],[-7.03775,57.916327],[-7.079335,57.89468],[-7.07787,57.891181],[-7.076772,57.890692],[-7.077056,57.888617],[-7.079335,57.880316],[-7.0655,57.881049],[-7.055165,57.884182],[-7.048085,57.890815],[-7.044586,57.902086]]}},{"type":"Feature","properties":{"featurecla":"Coastline","scalerank":6,"min_zoom":6},"bbox":[-6.88622,58.209947,-6.791249,58.257758],"geometry":{"type":"LineString","coordinates":[[-6.87328,58.216783],[-6.87328,58.209947],[-6.791249,58.209947],[-6.795766,58.218817],[-6.801991,58.226142],[-6.809641,58.232245],[-6.818593,58.23725],[-6.828928,58.233791],[-6.861155,58.253363],[-6.880035,58.257758],[-6.88622,58.247626],[-6.882314,58.236274],[-6.872222,58.226793],[-6.859609,58.223049],[-6.859609,58.216783],[-6.862864,58.216457],[-6.87328,58.216783]]}},{"type":"Feature","properties":{"featurecla":"Coastline","scalerank":3,"min_zoom":2},"bbox":[-7.126454,57.733344,-6.150706,58.51203],"geometry":{"type":"LineString","coordinates":[[-6.955149,57.743842],[-6.893951,57.766547],[-6.87328,57.777981],[-6.877838,57.779853],[-6.882721,57.782864],[-6.887522,57.784817],[-6.861155,57.796332],[-6.850168,57.802924],[-6.839101,57.81269],[-6.845855,57.816392],[-6.854156,57.823432],[-6.859609,57.825751],[-6.852691,57.833197],[-6.806142,57.814643],[-6.783844,57.81269],[-6.783844,57.818915],[-6.791249,57.818915],[-6.791249,57.825751],[-6.773508,57.824612],[-6.755605,57.826483],[-6.741933,57.831488],[-6.736684,57.839423],[-6.740712,57.845038],[-6.764027,57.867906],[-6.772857,57.871243],[-6.79426,57.876207],[-6.805572,57.880316],[-6.797353,57.887397],[-6.792388,57.893744],[-6.787017,57.89883],[-6.777659,57.902086],[-6.742909,57.891262],[-6.660959,57.880316],[-6.665151,57.901557],[-6.667795,57.908271],[-6.672353,57.91059],[-6.680328,57.912055],[-6.688954,57.914944],[-6.695668,57.921332],[-6.688466,57.922065],[-6.683461,57.924221],[-6.679351,57.926825],[-6.67398,57.928778],[-6.68342,57.935736],[-6.693227,57.945054],[-6.704742,57.953192],[-6.718984,57.956732],[-6.730092,57.962958],[-6.750885,57.992987],[-6.764027,58.003892],[-6.744496,58.010484],[-6.716054,58.02497],[-6.692698,58.040961],[-6.688303,58.052314],[-6.688303,58.058539],[-6.59203,58.058539],[-6.59203,58.052314],[-6.629465,58.05093],[-6.665842,58.044664],[-6.694651,58.030097],[-6.709381,58.003892],[-6.707753,57.989569],[-6.699818,57.976223],[-6.672434,57.946194],[-6.666168,57.933905],[-6.660959,57.928778],[-6.651194,57.923814],[-6.619374,57.915107],[-6.612538,57.921332],[-6.620025,57.928168],[-6.629628,57.940253],[-6.634999,57.951606],[-6.629872,57.956732],[-6.620473,57.954535],[-6.61498,57.949164],[-6.606353,57.935614],[-6.593861,57.924872],[-6.57844,57.917222],[-6.559804,57.915229],[-6.537465,57.921332],[-6.537465,57.928778],[-6.541982,57.930854],[-6.546702,57.933824],[-6.551096,57.935614],[-6.551096,57.943061],[-6.532867,57.940416],[-6.520131,57.936591],[-6.507558,57.935981],[-6.489654,57.943061],[-6.481191,57.949774],[-6.464996,57.965644],[-6.455474,57.969713],[-6.455474,57.976549],[-6.469635,57.986884],[-6.505116,57.992499],[-6.520741,58.0008],[-6.542226,58.005683],[-6.550689,58.010077],[-6.544911,58.017524],[-6.539296,58.017279],[-6.518219,58.012641],[-6.424469,58.003892],[-6.400868,58.00731],[-6.385081,58.015937],[-6.370961,58.027248],[-6.352447,58.038642],[-6.365102,58.037909],[-6.377675,58.038764],[-6.389475,58.041205],[-6.400258,58.045478],[-6.390696,58.046373],[-6.381907,58.048896],[-6.373687,58.052924],[-6.366119,58.058539],[-6.375722,58.064276],[-6.379791,58.065985],[-6.37857,58.079047],[-6.383901,58.091783],[-6.394032,58.101793],[-6.407094,58.106879],[-6.420644,58.105658],[-6.451324,58.095689],[-6.581288,58.079006],[-6.619374,58.079576],[-6.619374,58.086412],[-6.603179,58.085639],[-6.551096,58.093248],[-6.523793,58.106879],[-6.514394,58.106147],[-6.499094,58.100409],[-6.489654,58.100084],[-6.474721,58.105211],[-6.441233,58.127387],[-6.390696,58.133531],[-6.372955,58.141059],[-6.377268,58.148627],[-6.378041,58.153632],[-6.374501,58.15766],[-6.366119,58.162095],[-6.377024,58.173529],[-6.400258,58.209947],[-6.384674,58.209703],[-6.354888,58.199368],[-6.338206,58.196275],[-6.293568,58.199368],[-6.276723,58.196275],[-6.247426,58.185452],[-6.233551,58.184272],[-6.215321,58.189439],[-6.211659,58.192288],[-6.202138,58.201972],[-6.195221,58.206488],[-6.186431,58.209906],[-6.160024,58.216783],[-6.164866,58.226752],[-6.16747,58.230414],[-6.163319,58.233588],[-6.158559,58.239814],[-6.153879,58.244696],[-6.160024,58.244696],[-6.160024,58.250922],[-6.150706,58.258368],[-6.161122,58.258979],[-6.179758,58.255561],[-6.194814,58.250922],[-6.243235,58.223049],[-6.270904,58.216498],[-6.310862,58.215033],[-6.347727,58.221137],[-6.366119,58.23725],[-6.33849,58.237616],[-6.327463,58.239732],[-6.318349,58.244696],[-6.316965,58.252143],[-6.319936,58.260932],[-6.31786,58.268297],[-6.288238,58.274604],[-6.278676,58.288723],[-6.266835,58.291897],[-6.253814,58.293362],[-6.246409,58.297553],[-6.244985,58.304145],[-6.249989,58.312974],[-6.233713,58.322821],[-6.188832,58.340806],[-6.16747,58.346503],[-6.16747,58.353949],[-6.18224,58.353664],[-6.195546,58.356269],[-6.206899,58.361151],[-6.215321,58.367621],[-6.192372,58.409125],[-6.184926,58.414781],[-6.16686,58.419501],[-6.169993,58.429999],[-6.187978,58.446112],[-6.192738,58.462063],[-6.205393,58.481269],[-6.223053,58.499213],[-6.243235,58.510972],[-6.267405,58.51203],[-6.296295,58.49726],[-6.345611,58.463202],[-6.523346,58.390774],[-6.548492,58.372789],[-6.557485,58.368557],[-6.620676,58.350735],[-6.647328,58.346503],[-6.681386,58.346503],[-6.689687,58.343329],[-6.695953,58.338446],[-6.703359,58.335883],[-6.715566,58.339667],[-6.736969,58.323635],[-6.818593,58.285102],[-6.807729,58.285468],[-6.801178,58.283352],[-6.796457,58.278632],[-6.791249,58.271389],[-6.798004,58.270982],[-6.802724,58.268988],[-6.806752,58.266547],[-6.811838,58.264594],[-6.807688,58.258694],[-6.802724,58.25373],[-6.791249,58.244696],[-6.78954,58.242011],[-6.785715,58.232978],[-6.783844,58.230414],[-6.777821,58.229478],[-6.763051,58.231676],[-6.757192,58.230414],[-6.752553,58.224799],[-6.746816,58.209215],[-6.742909,58.203111],[-6.734364,58.197699],[-6.709381,58.189439],[-6.736684,58.168402],[-6.748525,58.182929],[-6.772572,58.195502],[-6.798451,58.202379],[-6.815175,58.199693],[-6.825063,58.19538],[-6.869496,58.189439],[-6.87267,58.186347],[-6.873931,58.179389],[-6.877512,58.172187],[-6.887522,58.168402],[-6.881581,58.158637],[-6.866607,58.141181],[-6.859609,58.134833],[-6.861887,58.121405],[-6.86144,58.115871],[-6.859609,58.106879],[-6.872874,58.116889],[-6.888051,58.135891],[-6.898346,58.156724],[-6.897084,58.172105],[-6.909657,58.179755],[-6.930409,58.196845],[-6.937082,58.211005],[-6.907338,58.209947],[-6.907338,58.216783],[-6.962026,58.23017],[-6.969472,58.226752],[-6.977284,58.227362],[-7.016103,58.238593],[-7.030873,58.244696],[-7.05016,58.232367],[-7.05606,58.225653],[-7.058217,58.213365],[-7.053944,58.201361],[-7.043446,58.19595],[-7.017201,58.189439],[-7.037709,58.184638],[-7.112782,58.182034],[-7.112782,58.175849],[-7.107411,58.17414],[-7.10025,58.170111],[-7.093007,58.168402],[-7.097646,58.163031],[-7.100168,58.15941],[-7.104156,58.15705],[-7.112782,58.155341],[-7.112131,58.145453],[-7.123402,58.136664],[-7.126454,58.123969],[-7.121938,58.118598],[-7.113189,58.1164],[-7.107533,58.112006],[-7.112782,58.100084],[-7.104888,58.094794],[-7.075551,58.062242],[-7.067494,58.06273],[-7.024037,58.079576],[-7.028717,58.072211],[-7.035024,58.066352],[-7.042795,58.061835],[-7.05191,58.058539],[-7.024037,58.058539],[-7.024037,58.052314],[-7.035553,58.0539],[-7.045766,58.052639],[-7.053619,58.047797],[-7.058217,58.038642],[-7.028717,58.038398],[-6.934641,58.052314],[-6.995229,58.033759],[-7.027903,58.027533],[-7.058217,58.02497],[-7.056142,58.021959],[-7.055653,58.020697],[-7.054921,58.019761],[-7.05191,58.017524],[-7.05191,58.011379],[-7.071767,58.011908],[-7.084828,58.005927],[-7.096669,57.997463],[-7.112782,57.99022],[-7.065826,57.971015],[-7.057281,57.970852],[-7.044586,57.976549],[-7.036285,57.960639],[-7.009755,57.955268],[-6.952056,57.956732],[-6.937001,57.953437],[-6.910797,57.93891],[-6.897084,57.935614],[-6.839101,57.935614],[-6.839101,57.928778],[-6.846995,57.927924],[-6.865834,57.921332],[-6.862945,57.918036],[-6.859609,57.915229],[-6.851552,57.911404],[-6.841868,57.90705],[-6.832265,57.902086],[-6.851877,57.91059],[-6.881703,57.914293],[-6.91161,57.91059],[-6.962554,57.89468],[-6.962554,57.887844],[-6.914174,57.867906],[-6.96227,57.868842],[-6.984853,57.864895],[-6.997385,57.853705],[-7.079335,57.81269],[-7.083241,57.8251],[-7.088612,57.833401],[-7.096995,57.838039],[-7.109446,57.839423],[-7.125071,57.8369],[-7.124623,57.830756],[-7.117299,57.823065],[-7.112782,57.815863],[-7.101877,57.811469],[-7.041371,57.770494],[-7.031646,57.767401],[-6.980784,57.735053],[-6.9735,57.733344],[-6.955149,57.743842]]}},{"type":"Feature","properties":{"featurecla":"Coastline","scalerank":5,"min_zoom":4},"bbox":[-3.035553,58.730699,-2.883656,58.839993],"geometry":{"type":"LineString","coordinates":[[-2.952952,58.839993],[-2.996978,58.835273],[-3.035553,58.826321],[-3.035553,58.820054],[-2.967193,58.820054],[-2.967193,58.812649],[-2.978871,58.808173],[-2.991322,58.806627],[-3.003896,58.808173],[-3.015696,58.812649],[-2.984853,58.787095],[-2.974355,58.77204],[-2.987782,58.764838],[-2.987782,58.757392],[-2.939931,58.730699],[-2.917836,58.738349],[-2.911041,58.748684],[-2.915395,58.762152],[-2.92634,58.77912],[-2.913971,58.784857],[-2.915761,58.790676],[-2.921132,58.797512],[-2.919423,58.806464],[-2.913564,58.810492],[-2.885365,58.820054],[-2.883656,58.83218],[-2.906972,58.83808],[-2.952952,58.839993]]}},{"type":"Feature","properties":{"featurecla":"Coastline","scalerank":5,"min_zoom":3},"bbox":[-3.433339,58.779039,-3.131703,58.928697],"geometry":{"type":"LineString","coordinates":[[-3.248402,58.792182],[-3.236684,58.805732],[-3.215484,58.814276],[-3.191803,58.818671],[-3.172719,58.820054],[-3.172719,58.826321],[-3.187245,58.836493],[-3.195546,58.839423],[-3.207387,58.839993],[-3.207387,58.847398],[-3.193186,58.853583],[-3.246083,58.896186],[-3.265452,58.902045],[-3.287587,58.905951],[-3.321848,58.923651],[-3.337148,58.928697],[-3.349355,58.928534],[-3.393219,58.920233],[-3.416331,58.908271],[-3.418446,58.904486],[-3.433339,58.884955],[-3.430165,58.874823],[-3.42219,58.87401],[-3.411977,58.874986],[-3.402333,58.870673],[-3.397613,58.869534],[-3.385732,58.875393],[-3.378774,58.874091],[-3.373525,58.867987],[-3.375966,58.863593],[-3.379872,58.85928],[-3.378774,58.853583],[-3.358266,58.833157],[-3.349192,58.828437],[-3.337636,58.82392],[-3.327789,58.818305],[-3.323476,58.809516],[-3.30427,58.78384],[-3.299306,58.77912],[-3.205922,58.779039],[-3.156321,58.78677],[-3.131703,58.806464],[-3.160146,58.80801],[-3.218495,58.79328],[-3.248402,58.792182]]}},{"type":"Feature","properties":{"featurecla":"Coastline","scalerank":5,"min_zoom":3},"bbox":[-3.366689,58.881537,-2.706207,59.148424],"geometry":{"type":"LineString","coordinates":[[-2.727651,58.970893],[-2.744049,58.969184],[-2.777577,58.957506],[-2.795969,58.956692],[-2.789418,58.949897],[-2.77538,58.928697],[-2.794789,58.926093],[-2.81192,58.929145],[-2.826243,58.937405],[-2.837554,58.950385],[-2.822499,58.958564],[-2.78189,58.973944],[-2.77538,58.983954],[-2.780629,58.990302],[-2.790151,58.992255],[-2.812978,58.9914],[-2.831166,58.987698],[-2.847646,58.980292],[-2.864735,58.97484],[-2.885365,58.977118],[-2.883453,58.98192],[-2.880523,58.993598],[-2.878407,58.998236],[-2.895375,58.991034],[-2.906565,58.996568],[-2.917307,59.006171],[-2.933095,59.011298],[-2.947133,59.007554],[-2.960357,59.001166],[-2.974436,58.999091],[-3.011952,59.017401],[-3.029205,59.010321],[-3.044586,58.997992],[-3.059722,58.9914],[-3.09732,58.994045],[-3.116689,58.998196],[-3.131703,59.005072],[-3.113922,59.008205],[-3.090932,59.018744],[-3.071197,59.033433],[-3.062815,59.049465],[-3.0537,59.047268],[-2.994496,59.059719],[-2.999013,59.06151],[-3.003774,59.064439],[-3.008168,59.066555],[-3.004994,59.070258],[-3.001861,59.071763],[-2.994496,59.07331],[-3.051422,59.090155],[-3.070302,59.101264],[-3.063547,59.101996],[-3.049184,59.1081],[-3.058461,59.111762],[-3.074208,59.123765],[-3.084543,59.127997],[-3.095937,59.127346],[-3.108306,59.124213],[-3.121571,59.123969],[-3.156158,59.142239],[-3.182729,59.147162],[-3.231068,59.148424],[-3.279286,59.143541],[-3.323801,59.127427],[-3.350209,59.097968],[-3.343984,59.052802],[-3.350819,59.046047],[-3.366689,59.016099],[-3.353261,58.982815],[-3.323232,58.95718],[-3.289418,58.950385],[-3.289418,58.956692],[-3.26537,58.969184],[-3.256988,58.978339],[-3.262074,58.9914],[-3.264068,58.993069],[-3.263051,59.000922],[-3.266591,59.007148],[-3.275787,59.011298],[-3.267486,59.014716],[-3.259185,59.015815],[-3.250396,59.014472],[-3.240956,59.011298],[-3.240956,59.018134],[-3.247222,59.024848],[-3.245839,59.030504],[-3.238759,59.035142],[-3.227895,59.03856],[-3.22468,59.031195],[-3.220448,59.024115],[-3.214752,59.017483],[-3.207387,59.011298],[-3.207387,59.005072],[-3.223297,58.99136],[-3.235341,58.972561],[-3.238515,58.950914],[-3.227895,58.928697],[-3.202789,58.91592],[-3.142649,58.92121],[-3.118031,58.915717],[-3.113189,58.926663],[-3.101226,58.930121],[-3.070302,58.928697],[-3.084543,58.94302],[-3.071685,58.94184],[-3.061757,58.939399],[-3.052561,58.938788],[-3.042388,58.94302],[-3.023834,58.940497],[-3.007802,58.949042],[-2.993764,58.958808],[-2.981191,58.96011],[-2.973622,58.953803],[-2.937245,58.913235],[-2.926829,58.904853],[-2.915028,58.899115],[-2.839345,58.882636],[-2.823842,58.881537],[-2.808013,58.888007],[-2.785024,58.910712],[-2.771962,58.915717],[-2.733754,58.920152],[-2.714752,58.925482],[-2.706532,58.93244],[-2.706207,58.947455],[-2.707631,58.95897],[-2.713612,58.966864],[-2.727651,58.970893]]}},{"type":"Feature","properties":{"featurecla":"Coastline","scalerank":6,"min_zoom":6},"bbox":[-2.686106,59.07331,-2.51476,59.162421],"geometry":{"type":"LineString","coordinates":[[-2.541982,59.120551],[-2.539296,59.121731],[-2.536488,59.121568],[-2.534739,59.12287],[-2.535268,59.127997],[-2.558705,59.120836],[-2.571604,59.118842],[-2.583648,59.120551],[-2.595204,59.129543],[-2.592885,59.138577],[-2.582346,59.143988],[-2.569407,59.142239],[-2.577952,59.147203],[-2.590077,59.148871],[-2.617787,59.148424],[-2.614858,59.152167],[-2.611562,59.155219],[-2.611562,59.161444],[-2.62564,59.162421],[-2.665517,59.155219],[-2.655181,59.151272],[-2.624257,59.133857],[-2.617787,59.127997],[-2.622426,59.116441],[-2.634836,59.112738],[-2.650502,59.111762],[-2.665517,59.1081],[-2.686106,59.089179],[-2.670725,59.081529],[-2.649159,59.085517],[-2.651845,59.101264],[-2.634429,59.108629],[-2.614369,59.107245],[-2.599477,59.095893],[-2.59732,59.07331],[-2.576039,59.080064],[-2.532623,59.083564],[-2.51476,59.093817],[-2.542388,59.102973],[-2.548451,59.109036],[-2.541982,59.120551]]}},{"type":"Feature","properties":{"featurecla":"Coastline","scalerank":6,"min_zoom":5},"bbox":[-3.120432,59.127997,-2.952463,59.197496],"geometry":{"type":"LineString","coordinates":[[-3.004791,59.127997],[-2.97525,59.133775],[-2.974029,59.147528],[-2.977162,59.163398],[-2.960357,59.175767],[-2.956776,59.176703],[-2.953847,59.176744],[-2.952463,59.178168],[-2.952952,59.183173],[-2.967885,59.187445],[-2.980824,59.187445],[-3.02184,59.182318],[-3.029124,59.182359],[-3.035553,59.183173],[-3.042551,59.186347],[-3.046295,59.190863],[-3.048085,59.194892],[-3.049184,59.196845],[-3.074208,59.197496],[-3.102406,59.190253],[-3.120432,59.176581],[-3.114654,59.158352],[-3.091786,59.142808],[-3.065582,59.133612],[-3.036448,59.129096],[-3.004791,59.127997]]}},{"type":"Feature","properties":{"featurecla":"Coastline","scalerank":5,"min_zoom":3},"bbox":[-2.830068,59.141425,-2.727651,59.252916],"geometry":{"type":"LineString","coordinates":[[-2.830068,59.196845],[-2.830068,59.175767],[-2.814768,59.173896],[-2.801625,59.168158],[-2.792551,59.158637],[-2.789133,59.145331],[-2.781361,59.141425],[-2.764027,59.142646],[-2.734486,59.148424],[-2.734486,59.155219],[-2.751088,59.156073],[-2.758941,59.164211],[-2.761098,59.177314],[-2.761098,59.193101],[-2.756337,59.198065],[-2.734202,59.215522],[-2.727651,59.224189],[-2.734202,59.233344],[-2.743642,59.238105],[-2.755442,59.239407],[-2.768625,59.23786],[-2.768625,59.244615],[-2.761098,59.244615],[-2.761098,59.252102],[-2.777455,59.252916],[-2.787913,59.247219],[-2.7919,59.236965],[-2.789133,59.224189],[-2.790273,59.217597],[-2.784901,59.200344],[-2.785959,59.196845],[-2.797271,59.195014],[-2.807118,59.191799],[-2.817291,59.19123],[-2.830068,59.196845]]}},{"type":"Feature","properties":{"featurecla":"Coastline","scalerank":5,"min_zoom":4},"bbox":[-2.692942,59.190172,-2.392486,59.318996],"geometry":{"type":"LineString","coordinates":[[-2.446401,59.293036],[-2.461171,59.290676],[-2.477203,59.290758],[-2.492421,59.289374],[-2.518788,59.274319],[-2.551625,59.270819],[-2.563222,59.265082],[-2.566274,59.268785],[-2.569325,59.270168],[-2.576812,59.271308],[-2.551829,59.287421],[-2.536977,59.294379],[-2.522125,59.299262],[-2.522125,59.306708],[-2.547231,59.305732],[-2.587717,59.293158],[-2.611562,59.293036],[-2.596669,59.281806],[-2.591135,59.278754],[-2.59557,59.264838],[-2.602773,59.26142],[-2.61262,59.261542],[-2.624623,59.258287],[-2.633168,59.252265],[-2.649729,59.236965],[-2.658803,59.230414],[-2.671539,59.225328],[-2.68102,59.223131],[-2.687978,59.217963],[-2.692942,59.203681],[-2.692616,59.192288],[-2.687652,59.190172],[-2.681874,59.196357],[-2.67927,59.209906],[-2.661855,59.207099],[-2.641225,59.217963],[-2.604156,59.244615],[-2.596791,59.239163],[-2.588612,59.238674],[-2.569407,59.244615],[-2.569407,59.23786],[-2.571767,59.234565],[-2.576812,59.224189],[-2.533111,59.251166],[-2.516265,59.252143],[-2.51476,59.230414],[-2.504506,59.233385],[-2.497385,59.239203],[-2.477854,59.262763],[-2.466949,59.268215],[-2.458974,59.27912],[-2.439809,59.284166],[-2.392486,59.285468],[-2.395497,59.295071],[-2.404897,59.316352],[-2.411041,59.318996],[-2.424957,59.310452],[-2.446401,59.293036]]}},{"type":"Feature","properties":{"featurecla":"Coastline","scalerank":5,"min_zoom":3},"bbox":[-3.077056,59.230414,-2.830068,59.360907],"geometry":{"type":"LineString","coordinates":[[-3.049184,59.31977],[-3.039947,59.311998],[-3.036692,59.306708],[-3.034657,59.301215],[-3.020253,59.280341],[-3.015126,59.274888],[-3.008168,59.271308],[-2.997792,59.268134],[-2.989654,59.267076],[-2.982411,59.269924],[-2.97468,59.278754],[-2.960357,59.271308],[-2.969797,59.281928],[-2.97468,59.28559],[-2.97468,59.293036],[-2.947418,59.291205],[-2.920318,59.283149],[-2.870961,59.258287],[-2.878407,59.251939],[-2.882232,59.246039],[-2.884023,59.239244],[-2.885365,59.230414],[-2.862172,59.247219],[-2.850087,59.252143],[-2.830068,59.252102],[-2.830068,59.258287],[-2.839019,59.265082],[-2.848866,59.266791],[-2.859609,59.267524],[-2.870961,59.271308],[-2.876536,59.276923],[-2.895497,59.302965],[-2.909535,59.307034],[-2.987782,59.31977],[-2.987782,59.326565],[-2.980946,59.325914],[-2.960357,59.326565],[-2.964508,59.335354],[-2.963938,59.340237],[-2.952952,59.347724],[-2.950185,59.348619],[-2.947662,59.348538],[-2.94636,59.349555],[-2.946685,59.353909],[-2.965199,59.360907],[-2.980336,59.355048],[-3.008168,59.334052],[-3.024322,59.33039],[-3.056264,59.334296],[-3.077056,59.334052],[-3.073354,59.32453],[-3.067006,59.322699],[-3.058705,59.322984],[-3.049184,59.31977]]}},{"type":"Feature","properties":{"featurecla":"Coastline","scalerank":6,"min_zoom":6},"bbox":[-1.651275,59.514106,-1.582387,59.560248],"geometry":{"type":"LineString","coordinates":[[-1.651275,59.528957],[-1.645497,59.514106],[-1.631256,59.516995],[-1.613393,59.526597],[-1.59675,59.53205],[-1.59675,59.539496],[-1.610422,59.539496],[-1.608144,59.547349],[-1.603668,59.55093],[-1.589345,59.552476],[-1.586415,59.553616],[-1.583852,59.553697],[-1.582387,59.555121],[-1.583119,59.559963],[-1.602854,59.560248],[-1.625234,59.555813],[-1.643666,59.54564],[-1.651275,59.528957]]}},{"type":"Feature","properties":{"featurecla":"Coastline","scalerank":6,"min_zoom":6},"bbox":[-0.938832,60.567328,-0.754791,60.62873],"geometry":{"type":"LineString","coordinates":[[-0.784576,60.615139],[-0.788319,60.613593],[-0.793528,60.6105],[-0.800282,60.607978],[-0.809071,60.608303],[-0.811269,60.612291],[-0.810048,60.61933],[-0.811513,60.625881],[-0.822133,60.62873],[-0.938832,60.62873],[-0.938832,60.621324],[-0.905344,60.586859],[-0.883534,60.570543],[-0.856191,60.567328],[-0.859609,60.571031],[-0.861928,60.574205],[-0.864898,60.577216],[-0.870473,60.58039],[-0.870473,60.587836],[-0.842152,60.588324],[-0.81314,60.580471],[-0.785227,60.576321],[-0.760732,60.587836],[-0.754791,60.598944],[-0.758372,60.607571],[-0.769154,60.613186],[-0.784576,60.615139]]}},{"type":"Feature","properties":{"featurecla":"Coastline","scalerank":5,"min_zoom":2},"bbox":[-1.690175,59.854193,-1.034413,60.643052],"geometry":{"type":"LineString","coordinates":[[-1.097035,60.41649],[-1.098378,60.424221],[-1.099965,60.427476],[-1.103424,60.430813],[-1.11205,60.423651],[-1.116689,60.415676],[-1.11974,60.408149],[-1.123769,60.402167],[-1.132151,60.398017],[-1.136952,60.399482],[-1.140289,60.398871],[-1.144276,60.388577],[-1.151723,60.388577],[-1.153676,60.407904],[-1.165435,60.412055],[-1.199452,60.402167],[-1.199452,60.409654],[-1.189117,60.414008],[-1.18517,60.41649],[-1.208648,60.410712],[-1.220774,60.409125],[-1.224192,60.411444],[-1.214019,60.414984],[-1.204335,60.420152],[-1.196034,60.427069],[-1.185902,60.431586],[-1.163971,60.425482],[-1.151723,60.430813],[-1.164703,60.436957],[-1.163075,60.439276],[-1.157867,60.443793],[-1.162343,60.455268],[-1.169911,60.463121],[-1.180165,60.468207],[-1.192616,60.471137],[-1.186269,60.482245],[-1.19929,60.492377],[-1.217519,60.497992],[-1.226877,60.495307],[-1.230784,60.488715],[-1.25121,60.470852],[-1.260365,60.464911],[-1.261952,60.481594],[-1.271962,60.48428],[-1.284739,60.478705],[-1.295033,60.471137],[-1.280995,60.461859],[-1.233632,60.443793],[-1.296986,60.437974],[-1.32433,60.42772],[-1.322987,60.409654],[-1.333363,60.405015],[-1.345041,60.40233],[-1.357493,60.401435],[-1.370229,60.402167],[-1.370229,60.409654],[-1.351796,60.418362],[-1.327952,60.453192],[-1.308705,60.457465],[-1.308705,60.464911],[-1.31192,60.470893],[-1.309153,60.477037],[-1.295033,60.492255],[-1.301422,60.49844],[-1.309153,60.492906],[-1.317494,60.488918],[-1.326527,60.486396],[-1.33609,60.485419],[-1.315541,60.518948],[-1.323354,60.519843],[-1.327301,60.521674],[-1.330556,60.523871],[-1.33609,60.525784],[-1.324818,60.526557],[-1.320302,60.528266],[-1.315541,60.533189],[-1.33609,60.533189],[-1.323964,60.546454],[-1.309438,60.554104],[-1.301422,60.564846],[-1.308705,60.587836],[-1.299143,60.58926],[-1.293528,60.593248],[-1.292104,60.599595],[-1.295033,60.608303],[-1.290679,60.615139],[-1.291412,60.623114],[-1.301422,60.643052],[-1.323964,60.621324],[-1.326161,60.611151],[-1.308705,60.601467],[-1.312489,60.598293],[-1.315541,60.594062],[-1.339752,60.604641],[-1.366851,60.61225],[-1.394154,60.614325],[-1.418691,60.608303],[-1.415639,60.603827],[-1.414052,60.599921],[-1.416493,60.595038],[-1.425364,60.587836],[-1.421457,60.586168],[-1.411122,60.58039],[-1.44164,60.568793],[-1.452789,60.567328],[-1.457997,60.56387],[-1.471588,60.546454],[-1.480092,60.539374],[-1.463857,60.537421],[-1.451975,60.530178],[-1.443186,60.522528],[-1.435943,60.518948],[-1.410715,60.518622],[-1.395741,60.516669],[-1.384429,60.512112],[-1.41747,60.502183],[-1.455068,60.508857],[-1.488189,60.525824],[-1.500559,60.54682],[-1.513987,60.557807],[-1.526967,60.55683],[-1.538726,60.548977],[-1.548411,60.539374],[-1.550689,60.533393],[-1.550201,60.526353],[-1.550689,60.519029],[-1.555816,60.512112],[-1.561513,60.510688],[-1.586171,60.512112],[-1.595123,60.506781],[-1.604156,60.495022],[-1.609364,60.483344],[-1.606679,60.477973],[-1.572011,60.476752],[-1.557485,60.480658],[-1.548411,60.492255],[-1.532094,60.4831],[-1.516754,60.482611],[-1.500234,60.485175],[-1.480092,60.485419],[-1.493072,60.478461],[-1.499094,60.469062],[-1.495595,60.460883],[-1.480092,60.457465],[-1.469838,60.462226],[-1.459381,60.472805],[-1.445953,60.492255],[-1.4381,60.460517],[-1.436269,60.443183],[-1.439036,60.430813],[-1.429107,60.425238],[-1.415639,60.423163],[-1.384429,60.423326],[-1.384429,60.41649],[-1.395253,60.409166],[-1.39859,60.399604],[-1.395009,60.38996],[-1.384429,60.382392],[-1.373402,60.38109],[-1.362538,60.384711],[-1.343495,60.395982],[-1.337554,60.374457],[-1.313832,60.366848],[-1.284291,60.363511],[-1.260365,60.355048],[-1.31017,60.355862],[-1.328114,60.352688],[-1.315541,60.341376],[-1.330312,60.342027],[-1.336578,60.343451],[-1.343495,60.347602],[-1.364003,60.32095],[-1.33609,60.306627],[-1.350006,60.297756],[-1.364003,60.2862],[-1.374257,60.308417],[-1.396352,60.321845],[-1.42276,60.326117],[-1.445953,60.32095],[-1.441803,60.310696],[-1.439036,60.306627],[-1.459584,60.306627],[-1.456451,60.302314],[-1.450917,60.291734],[-1.445953,60.2862],[-1.450185,60.283759],[-1.461415,60.279731],[-1.46642,60.278713],[-1.4676,60.308539],[-1.481435,60.316474],[-1.528432,60.313463],[-1.528432,60.306627],[-1.520985,60.306627],[-1.520985,60.299791],[-1.555816,60.306627],[-1.548411,60.292955],[-1.565297,60.29267],[-1.577219,60.298733],[-1.588287,60.307034],[-1.602935,60.313463],[-1.619374,60.314358],[-1.638743,60.311469],[-1.657379,60.30622],[-1.671864,60.299791],[-1.686391,60.29092],[-1.690175,60.285142],[-1.679351,60.265692],[-1.669749,60.239569],[-1.661285,60.233873],[-1.640859,60.232164],[-1.632802,60.230292],[-1.631174,60.225898],[-1.630238,60.220893],[-1.624664,60.217231],[-1.615142,60.215725],[-1.593007,60.217231],[-1.562652,60.227444],[-1.548248,60.229722],[-1.542144,60.220933],[-1.536773,60.210924],[-1.525054,60.212348],[-1.513336,60.221666],[-1.507965,60.235297],[-1.503651,60.243354],[-1.479237,60.222235],[-1.46642,60.217231],[-1.4794,60.214016],[-1.509511,60.209947],[-1.520985,60.20425],[-1.526723,60.197577],[-1.527252,60.192939],[-1.520985,60.183743],[-1.517934,60.184516],[-1.496409,60.172187],[-1.494293,60.170111],[-1.455434,60.156195],[-1.445953,60.155829],[-1.437734,60.163398],[-1.434926,60.174465],[-1.430776,60.184882],[-1.418691,60.190619],[-1.413645,60.176988],[-1.404612,60.179511],[-1.397572,60.192694],[-1.398101,60.211086],[-1.385325,60.210598],[-1.376088,60.207099],[-1.356557,60.196763],[-1.349721,60.211086],[-1.362457,60.225979],[-1.376088,60.237942],[-1.391835,60.246527],[-1.411122,60.25141],[-1.411122,60.258857],[-1.37857,60.254788],[-1.357655,60.24433],[-1.343007,60.227484],[-1.329254,60.20425],[-1.301584,60.235785],[-1.286936,60.246283],[-1.26773,60.245185],[-1.26773,60.238349],[-1.277699,60.233222],[-1.286773,60.225287],[-1.294667,60.215399],[-1.309316,60.189032],[-1.312408,60.18065],[-1.309193,60.177069],[-1.298166,60.176337],[-1.294057,60.179674],[-1.27953,60.185126],[-1.269358,60.185452],[-1.285268,60.164618],[-1.288157,60.159613],[-1.288889,60.155829],[-1.284535,60.145941],[-1.278961,60.145087],[-1.273061,60.146186],[-1.26773,60.142157],[-1.262603,60.115058],[-1.273061,60.095201],[-1.287709,60.075629],[-1.302887,60.028022],[-1.318023,60.011135],[-1.328725,59.99551],[-1.322987,59.977688],[-1.349721,59.977688],[-1.349721,59.970893],[-1.341054,59.96776],[-1.322987,59.95661],[-1.322987,59.950995],[-1.334788,59.952135],[-1.345855,59.950385],[-1.355702,59.945461],[-1.364003,59.937323],[-1.358022,59.921576],[-1.375966,59.908637],[-1.364003,59.896308],[-1.34789,59.891995],[-1.316477,59.895982],[-1.301422,59.888902],[-1.301422,59.882066],[-1.312856,59.873114],[-1.311106,59.865546],[-1.302887,59.864325],[-1.295033,59.874661],[-1.278432,59.859117],[-1.274566,59.854193],[-1.265004,59.858832],[-1.260976,59.8664],[-1.263743,59.874905],[-1.274566,59.882066],[-1.26594,59.895575],[-1.263417,59.907172],[-1.266591,59.918199],[-1.274566,59.929877],[-1.27184,59.927802],[-1.26773,59.923041],[-1.25357,59.936957],[-1.245229,59.955756],[-1.242991,59.976874],[-1.247304,59.997504],[-1.21581,59.986884],[-1.201243,59.986396],[-1.192616,59.997504],[-1.215077,60.02619],[-1.21939,60.03974],[-1.203725,60.036526],[-1.18517,60.038275],[-1.170074,60.045966],[-1.164703,60.060248],[-1.174428,60.060289],[-1.19286,60.06981],[-1.20226,60.083075],[-1.18517,60.094387],[-1.205312,60.100165],[-1.213206,60.101223],[-1.213206,60.107367],[-1.202545,60.10692],[-1.195139,60.10871],[-1.189849,60.113349],[-1.18517,60.121649],[-1.199452,60.129096],[-1.181549,60.129299],[-1.170969,60.136217],[-1.160878,60.141181],[-1.144276,60.135321],[-1.144276,60.142157],[-1.151723,60.142157],[-1.151723,60.149604],[-1.123769,60.149604],[-1.123769,60.155829],[-1.157867,60.170111],[-1.143951,60.187567],[-1.155141,60.192572],[-1.176503,60.187893],[-1.192616,60.176337],[-1.187245,60.19123],[-1.157867,60.224677],[-1.171132,60.222561],[-1.18102,60.217841],[-1.199452,60.20425],[-1.190907,60.218451],[-1.185536,60.225409],[-1.179026,60.232164],[-1.21939,60.232164],[-1.21939,60.238349],[-1.203277,60.243842],[-1.194936,60.245347],[-1.18517,60.245185],[-1.18517,60.25141],[-1.192535,60.25495],[-1.19811,60.260565],[-1.199127,60.266913],[-1.192616,60.272528],[-1.182932,60.271918],[-1.174672,60.264635],[-1.164703,60.25141],[-1.147857,60.248847],[-1.129709,60.252834],[-1.089752,60.272528],[-1.095855,60.275092],[-1.109364,60.27619],[-1.117014,60.278713],[-1.122222,60.279242],[-1.129506,60.273993],[-1.134348,60.27558],[-1.137115,60.279771],[-1.13858,60.28559],[-1.137929,60.290717],[-1.134348,60.292955],[-1.123118,60.296332],[-1.075307,60.32095],[-1.101226,60.331122],[-1.151601,60.337307],[-1.172231,60.347602],[-1.157216,60.350775],[-1.079172,60.355048],[-1.070424,60.359524],[-1.065419,60.369574],[-1.062896,60.379869],[-1.062327,60.385443],[-1.068267,60.396308],[-1.081451,60.396226],[-1.094472,60.391506],[-1.100209,60.388577],[-1.110015,60.37873],[-1.117543,60.373928],[-1.123769,60.375556],[-1.125071,60.383734],[-1.119252,60.391303],[-1.048695,60.433336],[-1.034413,60.450629],[-1.053944,60.450507],[-1.072743,60.444525],[-1.088002,60.43301],[-1.097035,60.41649]]}},{"type":"Feature","properties":{"featurecla":"Coastline","scalerank":5,"min_zoom":3},"bbox":[-1.180043,60.492255,-0.979726,60.735541],"geometry":{"type":"LineString","coordinates":[[-0.987172,60.697699],[-0.991607,60.69953],[-0.995961,60.70246],[-1.000885,60.703925],[-1.000885,60.711371],[-0.99474,60.713609],[-0.993153,60.717719],[-0.993479,60.731147],[-1.036977,60.73314],[-1.057607,60.729722],[-1.069163,60.718166],[-1.079905,60.735541],[-1.092112,60.735338],[-1.103993,60.725775],[-1.113922,60.714748],[-1.118031,60.707221],[-1.120432,60.696926],[-1.119537,60.687893],[-1.113922,60.684027],[-1.11148,60.681138],[-1.120961,60.666409],[-1.123769,60.659817],[-1.120595,60.646186],[-1.106557,60.619778],[-1.103424,60.615139],[-1.114491,60.612454],[-1.130116,60.61933],[-1.141021,60.631171],[-1.138051,60.643052],[-1.138051,60.649237],[-1.171376,60.645982],[-1.180043,60.624661],[-1.167795,60.530463],[-1.153879,60.508368],[-1.130523,60.496039],[-1.097035,60.492255],[-1.097035,60.49844],[-1.107737,60.505072],[-1.106557,60.511054],[-1.100697,60.515041],[-1.097035,60.51553],[-1.09203,60.507717],[-1.080068,60.505194],[-1.055491,60.505845],[-1.031728,60.500678],[-1.023793,60.502997],[-1.020741,60.51553],[-1.02245,60.527248],[-1.026967,60.535834],[-1.04186,60.553046],[-1.022532,60.55565],[-1.010732,60.565497],[-1.011057,60.577704],[-1.028188,60.587836],[-1.022939,60.58983],[-1.022694,60.590725],[-1.020741,60.594062],[-1.036366,60.594713],[-1.052073,60.597642],[-1.06428,60.604071],[-1.069163,60.615139],[-1.055287,60.609442],[-1.041005,60.607978],[-1.027089,60.610093],[-1.013905,60.615139],[-1.036773,60.64289],[-1.050526,60.655585],[-1.062327,60.662909],[-1.042592,60.661566],[-1.025868,60.654486],[-0.993479,60.635647],[-0.985707,60.645901],[-0.979726,60.656684],[-0.99706,60.676093],[-0.997955,60.685614],[-0.987172,60.697699]]}},{"type":"Feature","properties":{"featurecla":"Coastline","scalerank":5,"min_zoom":3},"bbox":[-0.966176,60.675971,-0.760732,60.847886],"geometry":{"type":"LineString","coordinates":[[-0.904693,60.684027],[-0.890126,60.684963],[-0.870473,60.684027],[-0.862213,60.681586],[-0.854482,60.67829],[-0.846181,60.675971],[-0.836415,60.676581],[-0.821889,60.685004],[-0.828847,60.694892],[-0.843007,60.706],[-0.850006,60.718166],[-0.842763,60.724026],[-0.801666,60.744818],[-0.801666,60.752346],[-0.808013,60.755113],[-0.814565,60.757148],[-0.821401,60.758531],[-0.801666,60.759101],[-0.801666,60.766547],[-0.808461,60.778632],[-0.795766,60.785631],[-0.775787,60.791571],[-0.760732,60.800116],[-0.768544,60.800971],[-0.787994,60.806952],[-0.768788,60.81269],[-0.760732,60.813137],[-0.763905,60.825426],[-0.77184,60.833401],[-0.782786,60.838202],[-0.795481,60.84101],[-0.809722,60.841702],[-0.815582,60.843085],[-0.822133,60.847886],[-0.831776,60.840277],[-0.853139,60.803534],[-0.861969,60.798245],[-0.876129,60.79267],[-0.888336,60.78974],[-0.891021,60.79267],[-0.881663,60.800849],[-0.870188,60.806383],[-0.860341,60.812934],[-0.856191,60.823961],[-0.860341,60.837551],[-0.870107,60.845201],[-0.8815,60.845038],[-0.891021,60.834866],[-0.890533,60.825588],[-0.904164,60.813951],[-0.923085,60.804104],[-0.938832,60.800116],[-0.938832,60.79267],[-0.926178,60.784654],[-0.926137,60.769599],[-0.935699,60.756008],[-0.952463,60.752346],[-0.94579,60.740302],[-0.943227,60.72602],[-0.948598,60.717963],[-0.966176,60.725002],[-0.961822,60.717922],[-0.95995,60.709418],[-0.961334,60.700019],[-0.966176,60.690172],[-0.950307,60.684312],[-0.934804,60.682115],[-0.904693,60.684027]]}},{"type":"Feature","properties":{"featurecla":"Coastline","scalerank":6,"min_zoom":6},"bbox":[-2.226226,49.70303,-2.170318,49.731391],"geometry":{"type":"LineString","coordinates":[[-2.174469,49.731391],[-2.178619,49.730902],[-2.194814,49.724799],[-2.204701,49.724107],[-2.218495,49.718695],[-2.226226,49.707831],[-2.216868,49.70303],[-2.200836,49.705715],[-2.187896,49.710639],[-2.170318,49.723212],[-2.170318,49.728746],[-2.174469,49.731391]]}},{"type":"Feature","properties":{"featurecla":"Coastline","scalerank":6,"min_zoom":6},"bbox":[-6.309153,49.909613,-6.284169,49.935492],"geometry":{"type":"LineString","coordinates":[[-6.298818,49.935492],[-6.307444,49.927436],[-6.309153,49.913642],[-6.297271,49.909613],[-6.287506,49.914008],[-6.284169,49.922756],[-6.292226,49.932074],[-6.298818,49.935492]]}},{"type":"Feature","properties":{"featurecla":"Coastline","scalerank":6,"min_zoom":6},"bbox":[-6.348948,49.941718,-6.326487,49.964342],"geometry":{"type":"LineString","coordinates":[[-6.333648,49.959703],[-6.336822,49.960924],[-6.341786,49.963609],[-6.348948,49.964342],[-6.348053,49.956204],[-6.341217,49.94477],[-6.332509,49.941718],[-6.326487,49.949205],[-6.328033,49.95661],[-6.333648,49.959703]]}},{"type":"Feature","properties":{"featurecla":"Coastline","scalerank":6,"min_zoom":6},"bbox":[-4.679799,51.160102,-4.663482,51.195054],"geometry":{"type":"LineString","coordinates":[[-4.665435,51.18358],[-4.666982,51.18769],[-4.671213,51.195054],[-4.676422,51.193101],[-4.679799,51.180569],[-4.678538,51.16706],[-4.670481,51.160102],[-4.663482,51.164862],[-4.663971,51.177069],[-4.665435,51.18358]]}},{"type":"Feature","properties":{"featurecla":"Coastline","scalerank":6,"min_zoom":6},"bbox":[-1.369862,60.043606,-1.304799,60.115668],"geometry":{"type":"LineString","coordinates":[[-1.315094,60.093736],[-1.323354,60.088202],[-1.321767,60.093085],[-1.315053,60.106391],[-1.315826,60.115465],[-1.321156,60.115668],[-1.327789,60.111396],[-1.345693,60.108954],[-1.346995,60.10456],[-1.340443,60.099677],[-1.338002,60.093451],[-1.347564,60.083441],[-1.35204,60.069525],[-1.357004,60.058173],[-1.369862,60.04914],[-1.367909,60.044827],[-1.353871,60.051215],[-1.338368,60.064032],[-1.335805,60.070054],[-1.334625,60.076321],[-1.333119,60.073676],[-1.333852,60.06151],[-1.338002,60.051093],[-1.339019,60.043891],[-1.333567,60.043606],[-1.326772,60.050605],[-1.317738,60.06623],[-1.309804,60.076361],[-1.304799,60.086575],[-1.308258,60.094143],[-1.315094,60.093736]]}},{"type":"Feature","properties":{"featurecla":"Coastline","scalerank":6,"min_zoom":6},"bbox":[-2.112294,60.117987,-2.048085,60.157294],"geometry":{"type":"LineString","coordinates":[[-2.053212,60.155504],[-2.064687,60.157294],[-2.08788,60.155463],[-2.103424,60.150051],[-2.110341,60.145331],[-2.112294,60.138007],[-2.105377,60.132066],[-2.086903,60.123277],[-2.062978,60.117987],[-2.048085,60.129218],[-2.048899,60.147121],[-2.053212,60.155504]]}},{"type":"Feature","properties":{"featurecla":"Coastline","scalerank":6,"min_zoom":6},"bbox":[-1.13565,60.10517,-1.050445,60.1883],"geometry":{"type":"LineString","coordinates":[[-1.062856,60.164049],[-1.069936,60.164211],[-1.07315,60.173],[-1.074941,60.182807],[-1.079457,60.1883],[-1.086415,60.186469],[-1.089589,60.178168],[-1.097524,60.175727],[-1.115793,60.180162],[-1.134918,60.178697],[-1.13565,60.167955],[-1.119252,60.155585],[-1.122222,60.123114],[-1.112945,60.116278],[-1.083892,60.10517],[-1.073801,60.107733],[-1.066762,60.129218],[-1.059478,60.137641],[-1.052724,60.148424],[-1.050445,60.162787],[-1.050526,60.169623],[-1.062856,60.164049]]}},{"type":"Feature","properties":{"featurecla":"Coastline","scalerank":6,"min_zoom":6},"bbox":[-1.034088,60.334133,-0.911204,60.386786],"geometry":{"type":"LineString","coordinates":[[-0.918772,60.386176],[-0.921783,60.384589],[-0.932281,60.382758],[-0.9676,60.381049],[-0.974477,60.375922],[-0.983632,60.372301],[-0.995229,60.371649],[-1.006418,60.368964],[-1.016428,60.362006],[-1.021555,60.354478],[-1.02359,60.349433],[-1.02892,60.345649],[-1.034088,60.340155],[-1.015207,60.334133],[-0.975982,60.340318],[-0.948598,60.355862],[-0.931386,60.368476],[-0.917714,60.376654],[-0.911204,60.38231],[-0.912668,60.386786],[-0.918772,60.386176]]}},{"type":"Feature","properties":{"featurecla":"Coastline","scalerank":5,"min_zoom":6},"bbox":[-4.830596,54.040432,-4.801015,54.05976],"geometry":{"type":"LineString","coordinates":[[-4.810374,54.05976],[-4.801015,54.057929],[-4.808095,54.04621],[-4.812205,54.040432],[-4.816558,54.043687],[-4.823842,54.04267],[-4.830596,54.049628],[-4.827789,54.054755],[-4.810374,54.05976]]}}]}